Order_ID,Order_Date,Customer_Name,Category,Product,City,State,Quantity,Sales,Discount,Profit,Payment_Mode
ORD00001,23-05-2025,Rohit Jain,Electronics,Laptop,Chandigarh,Chandigarh,3,49947,0.02,6143.48,UPI
ORD00002,02-06-2026,Tanya Sharma,Grocery,Rice,Delhi,Delhi,1,975,0.02,90.67,Wallet
ORD00003,14-08-2025,Sneha Patel,Furniture,Filing Cabinet,Bengaluru,Karnataka,6,111936,0.08,17014.27,Cash
ORD00004,09-06-2025,Pooja Yadav,Electronics,Keyboard,Chandigarh,Chandigarh,4,91592,0.05,10304.1,UPI
ORD00005,28-09-2025,Amit Kaur,Electronics,Tablet,Noida,Uttar Pradesh,3,168423,0.05,18947.59,Wallet
ORD00006,06-01-2026,Shivam Verma,Electronics,Tablet,Noida,Uttar Pradesh,5,99065,0.15,7677.54,UPI
ORD00007,14-04-2025,Riya Gupta,Electronics,Mouse,Kolkata,West Bengal,3,17487,0.02,2150.9,Net Banking
ORD00008,01-10-2025,Priya Patel,Clothing,Jeans,Agra,Uttar Pradesh,3,6048,0.15,1013.04,Card
ORD00009,25-07-2026,Karan Yadav,Furniture,Table,Kota,Rajasthan,4,38580,0.15,4918.95,UPI
ORD00010,09-03-2025,Pooja Patel,Furniture,Office Chair,Kolkata,West Bengal,3,41835,0.05,6798.19,Cash
ORD00011,27-05-2025,Simran Singh,Furniture,Filing Cabinet,Kota,Rajasthan,4,87456,0.08,13293.31,Card
ORD00012,13-08-2025,Neha Jain,Clothing,Dress,Pune,Maharashtra,4,14284,0.05,2892.51,Net Banking
ORD00013,13-06-2025,Nikhil Patel,Electronics,Laptop,Ahmedabad,Gujarat,1,10616,0.15,822.74,UPI
ORD00014,21-07-2026,Rahul Kumar,Grocery,Spices,Pune,Maharashtra,4,8988,0.05,741.51,Wallet
ORD00015,22-03-2026,Arjun Kaur,Clothing,Hoodie,Bengaluru,Karnataka,3,3639,0.05,736.9,UPI
ORD00016,02-11-2025,Komal Patel,Clothing,Kurta,Kolkata,West Bengal,2,8916,0,1961.52,Card
ORD00017,01-01-2025,Tanya Yadav,Furniture,Bookshelf,Kolkata,West Bengal,2,36948,0.1,5357.46,Net Banking
ORD00018,04-09-2025,Shivam Kumar,Electronics,Monitor,Agra,Uttar Pradesh,3,48876,0,6353.88,UPI
ORD00019,02-05-2026,Varun Singh,Grocery,Cooking Oil,Kolkata,West Bengal,5,2975,0.02,276.68,Cash
ORD00020,16-11-2025,Riya Yadav,Grocery,Sugar,Mumbai,Maharashtra,6,5418,0.15,257.36,Net Banking
ORD00021,22-01-2025,Shivam Jain,Grocery,Cooking Oil,Ghaziabad,Uttar Pradesh,2,684,0.05,56.43,Card
ORD00022,23-08-2025,Priya Sharma,Furniture,Office Chair,Noida,Uttar Pradesh,6,128874,0,23197.32,Cash
ORD00023,07-07-2026,Neha Patel,Electronics,Mouse,Lucknow,Uttar Pradesh,6,194472,0.02,23920.06,Wallet
ORD00024,07-04-2025,Rohit Mehta,Grocery,Sugar,Kolkata,West Bengal,4,6988,0.02,649.88,Cash
ORD00025,11-04-2025,Amit Mehta,Grocery,Spices,Kota,Rajasthan,6,1806,0.15,85.79,Cash
ORD00026,24-05-2025,Nikhil Singh,Electronics,Mouse,Ghaziabad,Uttar Pradesh,2,71492,0.08,7292.18,Cash
ORD00027,11-04-2025,Amit Jain,Grocery,Sugar,Ahmedabad,Gujarat,1,1895,0.1,123.17,UPI
ORD00028,07-08-2025,Riya Sharma,Electronics,Mouse,Meerut,Uttar Pradesh,4,129704,0.08,13229.81,Card
ORD00029,10-03-2026,Varun Kaur,Grocery,Rice,Jaipur,Rajasthan,3,5829,0.05,480.89,Card
ORD00030,10-07-2026,Amit Yadav,Furniture,Bookshelf,Ghaziabad,Uttar Pradesh,1,19778,0.15,2521.7,UPI
ORD00031,05-06-2026,Priya Singh,Electronics,Printer,Mumbai,Maharashtra,5,54585,0,7096.05,UPI
ORD00032,10-09-2025,Shivam Patel,Electronics,Mouse,Jaipur,Rajasthan,1,58945,0.1,5599.77,UPI
ORD00033,20-11-2025,Simran Verma,Electronics,Tablet,Bengaluru,Karnataka,5,188210,0.1,17879.95,Cash
ORD00034,04-11-2025,Sneha Yadav,Furniture,Bookshelf,Jaipur,Rajasthan,2,45618,0.15,5816.3,UPI
ORD00035,05-07-2026,Pooja Jain,Electronics,Printer,Pune,Maharashtra,5,35760,0,4648.8,Cash
ORD00036,11-06-2025,Sneha Jain,Furniture,Bookshelf,Noida,Uttar Pradesh,2,25816,0.05,4195.1,Cash
ORD00037,28-09-2025,Rohit Kumar,Electronics,Headphones,Bengaluru,Karnataka,1,58148,0.02,7152.2,Wallet
ORD00038,18-12-2025,Pooja Gupta,Furniture,Bookshelf,Lucknow,Uttar Pradesh,5,38505,0.15,4909.39,Wallet
ORD00039,10-03-2026,Simran Sharma,Grocery,Tea,Ahmedabad,Gujarat,1,458,0.15,21.76,UPI
ORD00040,29-03-2026,Varun Mehta,Clothing,Hoodie,Meerut,Uttar Pradesh,6,14670,0.02,3124.71,Wallet
ORD00041,13-07-2026,Amit Yadav,Electronics,Monitor,Noida,Uttar Pradesh,6,359034,0.02,44161.18,Wallet
ORD00042,10-02-2025,Mohit Verma,Furniture,Sofa,Meerut,Uttar Pradesh,1,10901,0.05,1771.41,Card
ORD00043,08-06-2025,Karan Singh,Electronics,Smartphone,Kolkata,West Bengal,5,292710,0.08,29856.42,Card
ORD00044,12-09-2025,Simran Singh,Grocery,Rice,Meerut,Uttar Pradesh,6,8640,0.08,622.08,UPI
ORD00045,17-04-2026,Mohit Gupta,Grocery,Rice,Ahmedabad,Gujarat,4,3964,0.02,368.65,Card
ORD00046,13-10-2025,Priya Gupta,Furniture,Office Chair,Bengaluru,Karnataka,2,27712,0.05,4503.2,Cash
ORD00047,18-08-2026,Simran Sharma,Grocery,Biscuits,Delhi,Delhi,1,1149,0.02,106.86,UPI
ORD00048,08-06-2026,Rohit Mehta,Grocery,Biscuits,Chandigarh,Chandigarh,3,5601,0.1,364.06,Wallet
ORD00049,17-06-2026,Varun Verma,Furniture,Bookshelf,Delhi,Delhi,6,90528,0,16295.04,Cash
ORD00050,08-05-2025,Vivek Jain,Grocery,Cooking Oil,Bengaluru,Karnataka,3,4095,0.15,194.51,Cash
ORD00051,11-05-2025,Pooja Mehta,Grocery,Biscuits,Jaipur,Rajasthan,6,7746,0.1,503.49,Net Banking
ORD00052,01-01-2025,Vivek Gupta,Furniture,Desk Lamp,Pune,Maharashtra,3,42318,0.1,6136.11,Card
ORD00053,07-08-2025,Komal Kaur,Grocery,Biscuits,Kota,Rajasthan,4,7564,0.15,359.29,Card
ORD00054,10-12-2025,Priya Verma,Electronics,Headphones,Mumbai,Maharashtra,6,252480,0.1,23985.6,Cash
ORD00055,02-05-2026,Tanya Kumar,Furniture,Table,Meerut,Uttar Pradesh,1,2314,0.02,400.32,Net Banking
ORD00056,14-02-2026,Karan Singh,Grocery,Sugar,Chandigarh,Chandigarh,6,9912,0.08,713.66,UPI
ORD00057,15-06-2026,Sneha Sharma,Electronics,Tablet,Ghaziabad,Uttar Pradesh,2,106596,0.15,8261.19,Wallet
ORD00058,28-06-2026,Varun Patel,Furniture,Office Chair,Kota,Rajasthan,2,32050,0.15,4086.38,Cash
ORD00059,02-05-2026,Sneha Gupta,Grocery,Spices,Ahmedabad,Gujarat,5,9530,0.02,886.29,Card
ORD00060,02-09-2025,Simran Kaur,Clothing,Hoodie,Kolkata,West Bengal,5,21345,0.15,3575.29,UPI
ORD00061,24-03-2025,Neha Singh,Clothing,Jeans,Lucknow,Uttar Pradesh,3,8757,0.1,1620.05,Card
ORD00062,22-02-2026,Anjali Jain,Grocery,Atta,Chandigarh,Chandigarh,2,686,0.08,49.39,Net Banking
ORD00063,21-01-2025,Shivam Mehta,Grocery,Rice,Ghaziabad,Uttar Pradesh,4,6700,0.1,435.5,Net Banking
ORD00064,06-07-2026,Varun Patel,Electronics,Smartphone,Lucknow,Uttar Pradesh,4,226124,0.08,23064.65,Card
ORD00065,03-02-2026,Anjali Mehta,Grocery,Sugar,Lucknow,Uttar Pradesh,4,8276,0,827.6,Card
ORD00066,30-08-2026,Shivam Sharma,Grocery,Atta,Pune,Maharashtra,5,950,0.08,68.4,UPI
ORD00067,24-09-2025,Riya Yadav,Grocery,Atta,Ahmedabad,Gujarat,4,3296,0,329.6,Card
ORD00068,16-09-2025,Priya Kaur,Grocery,Biscuits,Agra,Uttar Pradesh,4,4876,0.08,351.07,UPI
ORD00069,11-02-2025,Rahul Verma,Electronics,Smartphone,Ghaziabad,Uttar Pradesh,6,30576,0.15,2369.64,Card
ORD00070,28-04-2025,Shivam Verma,Electronics,Keyboard,Ghaziabad,Uttar Pradesh,2,63270,0.15,4903.43,Net Banking
ORD00071,15-11-2025,Rohit Patel,Clothing,Hoodie,Agra,Uttar Pradesh,2,2476,0.02,527.39,UPI
ORD00072,23-07-2025,Priya Patel,Clothing,Kurta,Bengaluru,Karnataka,4,14196,0.15,2377.83,Card
ORD00073,03-08-2026,Amit Yadav,Electronics,Headphones,Ahmedabad,Gujarat,6,239688,0,31159.44,Wallet
ORD00074,07-03-2026,Aditya Kumar,Grocery,Biscuits,Noida,Uttar Pradesh,5,7385,0,738.5,Net Banking
ORD00075,30-06-2025,Komal Gupta,Clothing,Dress,Ahmedabad,Gujarat,4,6212,0.08,1192.7,Wallet
ORD00076,09-09-2025,Priya Gupta,Grocery,Pulses,Jaipur,Rajasthan,6,7074,0.05,583.61,Net Banking
ORD00077,11-12-2025,Rahul Kaur,Furniture,Sofa,Pune,Maharashtra,5,113475,0.08,17248.2,Cash
ORD00078,14-10-2025,Tanya Gupta,Furniture,Sofa,Ghaziabad,Uttar Pradesh,3,27795,0.05,4516.69,Wallet
ORD00079,16-05-2026,Varun Verma,Electronics,Mouse,Noida,Uttar Pradesh,2,95580,0.08,9749.16,Net Banking
ORD00080,15-08-2025,Riya Verma,Grocery,Pulses,Kolkata,West Bengal,1,461,0.05,38.03,Cash
ORD00081,18-07-2026,Anjali Yadav,Clothing,Shoes,Mumbai,Maharashtra,5,15580,0.08,2991.36,Net Banking
ORD00082,17-07-2025,Anjali Kumar,Clothing,Jacket,Lucknow,Uttar Pradesh,2,2576,0.15,431.48,Wallet
ORD00083,27-08-2026,Komal Patel,Furniture,Table,Ghaziabad,Uttar Pradesh,6,99996,0.05,16249.35,Cash
ORD00084,06-11-2025,Rahul Jain,Electronics,Mouse,Lucknow,Uttar Pradesh,2,48500,0.02,5965.5,Card
ORD00085,10-05-2025,Aditya Kumar,Clothing,T-Shirt,Delhi,Delhi,5,13465,0.15,2255.39,UPI
ORD00086,22-02-2025,Simran Kaur,Clothing,Shoes,Kota,Rajasthan,4,12364,0.02,2633.53,UPI
ORD00087,24-02-2025,Neha Singh,Electronics,Tablet,Kota,Rajasthan,1,38415,0.15,2977.16,Wallet
ORD00088,20-08-2025,Komal Mehta,Clothing,T-Shirt,Ghaziabad,Uttar Pradesh,1,4871,0.08,935.23,Net Banking
ORD00089,06-08-2026,Tanya Sharma,Grocery,Tea,Ahmedabad,Gujarat,5,9180,0.05,757.35,Wallet
ORD00090,25-03-2025,Arjun Verma,Electronics,Mouse,Bengaluru,Karnataka,2,35886,0.15,2781.17,Card
ORD00091,27-04-2026,Vivek Sharma,Electronics,Keyboard,Delhi,Delhi,4,120496,0.15,9338.44,Card
ORD00092,28-08-2025,Simran Patel,Clothing,Dress,Lucknow,Uttar Pradesh,6,24114,0,5305.08,Card
ORD00093,26-05-2025,Priya Sharma,Grocery,Cooking Oil,Mumbai,Maharashtra,2,1380,0.05,113.85,Card
ORD00094,08-05-2025,Sneha Gupta,Clothing,Kurta,Chandigarh,Chandigarh,5,13320,0.08,2557.44,Net Banking
ORD00095,10-02-2025,Nikhil Yadav,Clothing,Kurta,Mumbai,Maharashtra,4,15544,0,3419.68,Wallet
ORD00096,03-10-2025,Shivam Sharma,Clothing,T-Shirt,Noida,Uttar Pradesh,2,938,0.15,157.12,Card
ORD00097,19-05-2026,Priya Kaur,Grocery,Pulses,Lucknow,Uttar Pradesh,2,4954,0.08,356.69,Cash
ORD00098,04-12-2025,Nikhil Kaur,Grocery,Biscuits,Agra,Uttar Pradesh,6,3048,0.02,283.46,Cash
ORD00099,28-11-2025,Rohit Mehta,Grocery,Rice,Kota,Rajasthan,1,1368,0.05,112.86,Wallet
ORD00100,06-01-2026,Tanya Kaur,Electronics,Printer,Jaipur,Rajasthan,1,12893,0.1,1224.84,Net Banking
ORD00101,25-03-2026,Aditya Kumar,Electronics,Mouse,Lucknow,Uttar Pradesh,5,45930,0.05,5167.12,UPI
ORD00102,20-07-2026,Nikhil Kumar,Furniture,Filing Cabinet,Meerut,Uttar Pradesh,3,56547,0,10178.46,Card
ORD00103,26-05-2026,Vivek Jain,Electronics,Printer,Noida,Uttar Pradesh,6,330810,0.02,40689.63,Cash
ORD00104,29-05-2025,Riya Verma,Grocery,Pulses,Kota,Rajasthan,2,3900,0.1,253.5,Wallet
ORD00105,01-10-2025,Rahul Gupta,Furniture,Office Chair,Lucknow,Uttar Pradesh,4,47748,0.1,6923.46,Cash
ORD00106,07-12-2025,Varun Jain,Grocery,Atta,Kota,Rajasthan,5,10315,0.05,850.99,Net Banking
ORD00107,28-01-2026,Karan Mehta,Grocery,Biscuits,Ahmedabad,Gujarat,2,2116,0.1,137.54,UPI
ORD00108,05-06-2025,Aditya Sharma,Clothing,Dress,Kota,Rajasthan,6,20538,0.08,3943.3,Card
ORD00109,13-04-2026,Rahul Singh,Clothing,Hoodie,Noida,Uttar Pradesh,4,4464,0.1,825.84,Net Banking
ORD00110,12-02-2026,Priya Yadav,Furniture,Office Chair,Kota,Rajasthan,3,35679,0.1,5173.45,Wallet
ORD00111,06-02-2025,Tanya Kumar,Grocery,Biscuits,Bengaluru,Karnataka,6,12468,0.1,810.42,Card
ORD00112,13-04-2025,Sneha Singh,Clothing,Jeans,Chandigarh,Chandigarh,1,3855,0,848.1,Cash
ORD00113,19-01-2026,Nikhil Singh,Electronics,Laptop,Agra,Uttar Pradesh,1,19826,0.05,2230.43,Card
ORD00114,27-01-2026,Tanya Verma,Grocery,Atta,Meerut,Uttar Pradesh,2,806,0.1,52.39,Net Banking
ORD00115,19-09-2025,Rahul Kaur,Furniture,Table,Kota,Rajasthan,6,54732,0.08,8319.26,Cash
ORD00116,11-03-2026,Simran Kaur,Furniture,Office Chair,Kota,Rajasthan,3,60159,0.05,9775.84,Cash
ORD00117,26-01-2026,Shivam Yadav,Furniture,Sofa,Ahmedabad,Gujarat,4,17176,0.02,2971.45,Wallet
ORD00118,09-01-2025,Shivam Sharma,Clothing,Dress,Lucknow,Uttar Pradesh,1,3542,0.05,717.25,Wallet
ORD00119,14-07-2025,Tanya Gupta,Grocery,Tea,Kolkata,West Bengal,2,3046,0.02,283.28,Card
ORD00120,09-01-2026,Neha Kumar,Electronics,Laptop,Lucknow,Uttar Pradesh,4,11144,0.1,1058.68,Cash
ORD00121,07-07-2026,Mohit Jain,Clothing,Dress,Jaipur,Rajasthan,2,3888,0.02,828.14,Wallet
ORD00122,13-12-2025,Rohit Kaur,Clothing,Hoodie,Meerut,Uttar Pradesh,3,12741,0.05,2580.05,UPI
ORD00123,11-02-2026,Varun Yadav,Furniture,Table,Ahmedabad,Gujarat,6,147186,0.15,18766.22,UPI
ORD00124,13-01-2026,Simran Patel,Grocery,Rice,Lucknow,Uttar Pradesh,5,2930,0.08,210.96,Net Banking
ORD00125,29-07-2026,Anjali Patel,Clothing,T-Shirt,Bengaluru,Karnataka,2,8324,0,1831.28,Card
ORD00126,30-04-2025,Neha Sharma,Electronics,Printer,Chandigarh,Chandigarh,3,129444,0.08,13203.29,UPI
ORD00127,19-05-2025,Riya Kaur,Clothing,Shoes,Noida,Uttar Pradesh,1,2223,0.1,411.25,Cash
ORD00128,22-02-2026,Simran Sharma,Grocery,Atta,Jaipur,Rajasthan,6,2910,0.08,209.52,Cash
ORD00129,12-01-2026,Varun Yadav,Furniture,Sofa,Kota,Rajasthan,2,25368,0,4566.24,UPI
ORD00130,06-08-2025,Tanya Sharma,Grocery,Tea,Ghaziabad,Uttar Pradesh,1,1942,0,194.2,UPI
ORD00131,22-07-2026,Pooja Patel,Clothing,Jeans,Meerut,Uttar Pradesh,5,9905,0,2179.1,Card
ORD00132,11-10-2025,Neha Singh,Furniture,Bookshelf,Kolkata,West Bengal,2,40658,0,7318.44,Wallet
ORD00133,16-01-2025,Mohit Verma,Clothing,Hoodie,Meerut,Uttar Pradesh,1,511,0.02,108.84,Wallet
ORD00134,08-03-2026,Komal Kumar,Clothing,T-Shirt,Meerut,Uttar Pradesh,3,2187,0.02,465.83,UPI
ORD00135,22-04-2025,Sneha Jain,Grocery,Pulses,Kolkata,West Bengal,3,6546,0.1,425.49,Card
ORD00136,06-05-2026,Riya Mehta,Electronics,Headphones,Kota,Rajasthan,6,15846,0,2059.98,UPI
ORD00137,01-06-2025,Priya Singh,Grocery,Pulses,Noida,Uttar Pradesh,1,1399,0.1,90.94,Cash
ORD00138,02-06-2026,Tanya Mehta,Clothing,Shoes,Pune,Maharashtra,5,13575,0.08,2606.4,UPI
ORD00139,28-02-2026,Anjali Kaur,Electronics,Mouse,Jaipur,Rajasthan,4,235204,0.02,28930.09,Net Banking
ORD00140,19-09-2025,Mohit Singh,Grocery,Cooking Oil,Agra,Uttar Pradesh,4,5440,0.15,258.4,Net Banking
ORD00141,09-04-2025,Mohit Singh,Electronics,Monitor,Ahmedabad,Gujarat,1,6709,0.08,684.32,Wallet
ORD00142,10-03-2026,Amit Gupta,Electronics,Smartphone,Bengaluru,Karnataka,1,27522,0.05,3096.22,Wallet
ORD00143,08-06-2025,Aditya Verma,Clothing,Jacket,Noida,Uttar Pradesh,5,22280,0.02,4745.64,UPI
ORD00144,11-08-2026,Karan Mehta,Clothing,Hoodie,Mumbai,Maharashtra,3,3723,0.05,753.91,Wallet
ORD00145,13-11-2025,Anjali Yadav,Electronics,Headphones,Delhi,Delhi,2,37018,0.15,2868.9,UPI
ORD00146,26-05-2025,Rahul Kumar,Furniture,Table,Pune,Maharashtra,6,83592,0,15046.56,Wallet
ORD00147,14-01-2026,Vivek Yadav,Furniture,Sofa,Jaipur,Rajasthan,4,47880,0.02,8283.24,Wallet
ORD00148,20-02-2025,Priya Gupta,Electronics,Laptop,Meerut,Uttar Pradesh,2,100084,0.1,9507.98,Net Banking
ORD00149,09-08-2025,Komal Kumar,Grocery,Pulses,Pune,Maharashtra,4,7104,0.05,586.08,Cash
ORD00150,12-11-2025,Amit Verma,Grocery,Cooking Oil,Lucknow,Uttar Pradesh,6,12438,0.1,808.47,Net Banking
ORD00151,19-09-2025,Vivek Yadav,Electronics,Laptop,Ghaziabad,Uttar Pradesh,3,43329,0.02,5329.47,UPI
ORD00152,25-01-2026,Varun Verma,Electronics,Printer,Chandigarh,Chandigarh,4,48456,0.02,5960.09,Wallet
ORD00153,20-01-2025,Sneha Kumar,Clothing,T-Shirt,Jaipur,Rajasthan,6,3876,0.08,744.19,Cash
ORD00154,28-04-2025,Riya Sharma,Grocery,Spices,Chandigarh,Chandigarh,6,10740,0.05,886.05,Cash
ORD00155,24-03-2026,Rohit Verma,Furniture,Desk Lamp,Kota,Rajasthan,6,75942,0,13669.56,Net Banking
ORD00156,08-12-2025,Arjun Kumar,Grocery,Cooking Oil,Jaipur,Rajasthan,3,4410,0.02,410.13,Wallet
ORD00157,01-06-2025,Karan Kumar,Electronics,Mouse,Kolkata,West Bengal,3,70827,0.15,5489.09,Card
ORD00158,19-03-2025,Arjun Kaur,Clothing,Jeans,Meerut,Uttar Pradesh,5,7760,0.15,1299.8,Net Banking
ORD00159,27-03-2026,Priya Kaur,Grocery,Biscuits,Ahmedabad,Gujarat,6,8244,0.02,766.69,Net Banking
ORD00160,04-06-2026,Priya Gupta,Clothing,Hoodie,Lucknow,Uttar Pradesh,5,3800,0.05,769.5,Net Banking
ORD00161,03-04-2025,Tanya Patel,Grocery,Rice,Delhi,Delhi,3,3765,0,376.5,Wallet
ORD00162,09-08-2026,Pooja Yadav,Grocery,Pulses,Pune,Maharashtra,5,1240,0.08,89.28,Wallet
ORD00163,28-03-2025,Komal Singh,Grocery,Atta,Delhi,Delhi,4,2012,0.05,165.99,UPI
ORD00164,12-06-2025,Mohit Yadav,Furniture,Filing Cabinet,Kota,Rajasthan,4,71888,0.1,10423.76,Cash
ORD00165,09-12-2025,Priya Yadav,Grocery,Spices,Kolkata,West Bengal,3,882,0.15,41.9,UPI
ORD00166,25-03-2025,Shivam Singh,Grocery,Tea,Lucknow,Uttar Pradesh,6,4170,0.05,344.03,Cash
ORD00167,28-03-2025,Vivek Jain,Clothing,Dress,Chandigarh,Chandigarh,6,21060,0.02,4485.78,Net Banking
ORD00168,10-03-2026,Komal Yadav,Clothing,Hoodie,Meerut,Uttar Pradesh,6,27672,0,6087.84,UPI
ORD00169,16-07-2025,Karan Singh,Clothing,Jacket,Meerut,Uttar Pradesh,2,6198,0.08,1190.02,Card
ORD00170,24-06-2026,Amit Yadav,Electronics,Headphones,Ahmedabad,Gujarat,1,33871,0.1,3217.74,Wallet
ORD00171,19-06-2025,Sneha Sharma,Furniture,Desk Lamp,Jaipur,Rajasthan,2,12232,0.02,2116.14,Net Banking
ORD00172,19-10-2025,Sneha Verma,Clothing,Dress,Chandigarh,Chandigarh,2,7876,0.1,1457.06,Wallet
ORD00173,08-08-2026,Sneha Kaur,Furniture,Bookshelf,Kolkata,West Bengal,4,28628,0.05,4652.05,Cash
ORD00174,23-02-2025,Aditya Yadav,Grocery,Spices,Meerut,Uttar Pradesh,2,1292,0.05,106.59,Wallet
ORD00175,07-10-2025,Sneha Jain,Electronics,Monitor,Lucknow,Uttar Pradesh,1,50611,0.02,6225.15,Card
ORD00176,01-03-2026,Amit Mehta,Grocery,Cooking Oil,Ghaziabad,Uttar Pradesh,4,6044,0,604.4,Wallet
ORD00177,29-01-2025,Anjali Kumar,Clothing,Jeans,Jaipur,Rajasthan,1,3371,0.02,718.02,Cash
ORD00178,23-05-2025,Aditya Kaur,Furniture,Table,Delhi,Delhi,3,48843,0.15,6227.48,Wallet
ORD00179,16-07-2026,Tanya Jain,Electronics,Monitor,Delhi,Delhi,3,44199,0.02,5436.48,Net Banking
ORD00180,02-09-2025,Nikhil Patel,Electronics,Headphones,Ghaziabad,Uttar Pradesh,3,25755,0,3348.15,Net Banking
ORD00181,17-01-2025,Komal Patel,Electronics,Monitor,Ahmedabad,Gujarat,4,158828,0.1,15088.66,Card
ORD00182,04-09-2025,Shivam Mehta,Furniture,Bookshelf,Jaipur,Rajasthan,1,20946,0.05,3403.72,Card
ORD00183,04-06-2026,Varun Sharma,Electronics,Smartphone,Noida,Uttar Pradesh,5,181280,0.1,17221.6,Net Banking
ORD00184,17-01-2025,Mohit Kumar,Grocery,Rice,Bengaluru,Karnataka,4,6436,0.05,530.97,Cash
ORD00185,07-12-2025,Neha Sharma,Furniture,Filing Cabinet,Bengaluru,Karnataka,6,25176,0.1,3650.52,Cash
ORD00186,06-05-2026,Arjun Singh,Clothing,Hoodie,Bengaluru,Karnataka,2,8212,0.15,1375.51,UPI
ORD00187,12-02-2025,Anjali Gupta,Grocery,Rice,Lucknow,Uttar Pradesh,2,518,0.02,48.17,Wallet
ORD00188,01-01-2026,Amit Yadav,Grocery,Pulses,Lucknow,Uttar Pradesh,1,862,0.05,71.12,Cash
ORD00189,31-01-2026,Anjali Singh,Electronics,Smartphone,Jaipur,Rajasthan,4,197252,0.08,20119.7,Net Banking
ORD00190,11-03-2026,Priya Mehta,Grocery,Biscuits,Kolkata,West Bengal,5,5860,0,586,Wallet
ORD00191,02-12-2025,Vivek Gupta,Furniture,Desk Lamp,Lucknow,Uttar Pradesh,3,12483,0,2246.94,Net Banking
ORD00192,13-02-2025,Mohit Patel,Grocery,Atta,Chandigarh,Chandigarh,4,6076,0.08,437.47,Net Banking
ORD00193,20-02-2026,Mohit Jain,Clothing,Dress,Kolkata,West Bengal,1,914,0.15,153.09,Card
ORD00194,05-02-2025,Neha Kumar,Electronics,Keyboard,Ahmedabad,Gujarat,5,225195,0.08,22969.89,Card
ORD00195,07-06-2025,Sneha Yadav,Clothing,Jacket,Jaipur,Rajasthan,5,2825,0.1,522.62,Cash
ORD00196,12-02-2026,Anjali Gupta,Grocery,Cooking Oil,Pune,Maharashtra,2,4496,0.05,370.92,Card
ORD00197,01-02-2026,Varun Kumar,Electronics,Laptop,Chandigarh,Chandigarh,2,66610,0.1,6327.95,Cash
ORD00198,18-05-2026,Pooja Kumar,Clothing,Dress,Kota,Rajasthan,2,5278,0.15,884.07,Card
ORD00199,24-11-2025,Mohit Kumar,Electronics,Printer,Meerut,Uttar Pradesh,6,178620,0,23220.6,Wallet
ORD00200,05-06-2026,Karan Kumar,Clothing,Jacket,Ahmedabad,Gujarat,2,3452,0.05,699.03,Card
ORD00201,22-07-2026,Shivam Yadav,Furniture,Table,Kolkata,West Bengal,4,6644,0.05,1079.65,Net Banking
ORD00202,06-05-2026,Komal Mehta,Furniture,Desk Lamp,Noida,Uttar Pradesh,1,10934,0.08,1661.97,Net Banking
ORD00203,23-04-2026,Komal Yadav,Electronics,Keyboard,Agra,Uttar Pradesh,6,32760,0.08,3341.52,Card
ORD00204,15-06-2026,Neha Gupta,Furniture,Table,Jaipur,Rajasthan,5,13075,0,2353.5,Card
ORD00205,18-10-2025,Priya Gupta,Furniture,Bookshelf,Chandigarh,Chandigarh,2,24276,0.1,3520.02,Card
ORD00206,30-05-2026,Arjun Patel,Clothing,Jeans,Bengaluru,Karnataka,3,14010,0,3082.2,Wallet
ORD00207,12-12-2025,Shivam Sharma,Furniture,Table,Bengaluru,Karnataka,5,122065,0.1,17699.42,UPI
ORD00208,04-08-2025,Shivam Mehta,Electronics,Laptop,Bengaluru,Karnataka,5,89720,0.15,6953.3,Wallet
ORD00209,06-11-2025,Aditya Verma,Electronics,Printer,Bengaluru,Karnataka,5,97915,0.15,7588.41,Net Banking
ORD00210,27-03-2026,Nikhil Kaur,Clothing,Shoes,Noida,Uttar Pradesh,6,4740,0.02,1009.62,Net Banking
ORD00211,23-11-2025,Mohit Mehta,Furniture,Bookshelf,Pune,Maharashtra,2,22084,0.15,2815.71,Card
ORD00212,23-04-2026,Rohit Gupta,Clothing,Kurta,Mumbai,Maharashtra,1,2914,0.02,620.68,Net Banking
ORD00213,05-03-2026,Karan Singh,Furniture,Table,Noida,Uttar Pradesh,1,10309,0.08,1566.97,Cash
ORD00214,24-04-2026,Aditya Gupta,Clothing,Jeans,Kolkata,West Bengal,2,8762,0.1,1620.97,Net Banking
ORD00215,09-08-2025,Shivam Yadav,Electronics,Monitor,Jaipur,Rajasthan,5,152825,0.02,18797.47,UPI
ORD00216,27-04-2026,Vivek Jain,Electronics,Headphones,Kota,Rajasthan,5,292120,0.15,22639.3,UPI
ORD00217,17-02-2026,Mohit Sharma,Electronics,Tablet,Meerut,Uttar Pradesh,3,144831,0.05,16293.49,Net Banking
ORD00218,31-01-2026,Komal Kaur,Electronics,Mouse,Agra,Uttar Pradesh,5,97565,0,12683.45,Wallet
ORD00219,10-04-2025,Riya Yadav,Clothing,Hoodie,Pune,Maharashtra,6,7638,0.02,1626.89,Cash
ORD00220,28-05-2026,Amit Sharma,Clothing,Hoodie,Meerut,Uttar Pradesh,2,8940,0.08,1716.48,UPI
ORD00221,02-06-2025,Tanya Jain,Furniture,Filing Cabinet,Agra,Uttar Pradesh,4,71268,0.08,10832.74,Card
ORD00222,03-11-2025,Shivam Yadav,Clothing,Kurta,Agra,Uttar Pradesh,2,7038,0.1,1302.03,Wallet
ORD00223,23-04-2025,Nikhil Patel,Grocery,Tea,Kota,Rajasthan,1,1588,0.05,131.01,Cash
ORD00224,15-08-2026,Karan Sharma,Electronics,Printer,Lucknow,Uttar Pradesh,6,311448,0.1,29587.56,Wallet
ORD00225,06-09-2025,Amit Patel,Grocery,Atta,Mumbai,Maharashtra,6,9822,0.02,913.45,UPI
ORD00226,27-02-2026,Pooja Mehta,Furniture,Office Chair,Kota,Rajasthan,3,43566,0.02,7536.92,Wallet
ORD00227,29-07-2026,Anjali Kaur,Grocery,Rice,Chandigarh,Chandigarh,2,4408,0.02,409.94,Wallet
ORD00228,14-07-2026,Mohit Gupta,Grocery,Biscuits,Meerut,Uttar Pradesh,4,9052,0.05,746.79,Wallet
ORD00229,19-08-2025,Vivek Gupta,Grocery,Sugar,Ghaziabad,Uttar Pradesh,3,7095,0.05,585.34,Card
ORD00230,08-10-2025,Vivek Kumar,Grocery,Biscuits,Kota,Rajasthan,3,7125,0.15,338.44,Wallet
ORD00231,13-02-2025,Vivek Kumar,Grocery,Spices,Ahmedabad,Gujarat,3,2037,0.05,168.05,Cash
ORD00232,06-07-2026,Simran Jain,Grocery,Tea,Chandigarh,Chandigarh,4,3824,0.02,355.63,Cash
ORD00233,06-09-2025,Amit Jain,Furniture,Office Chair,Pune,Maharashtra,6,120174,0.02,20790.1,Card
ORD00234,29-04-2026,Rohit Singh,Furniture,Office Chair,Noida,Uttar Pradesh,4,46492,0.15,5927.73,UPI
ORD00235,24-07-2025,Vivek Yadav,Furniture,Sofa,Bengaluru,Karnataka,4,65780,0.15,8386.95,Cash
ORD00236,08-02-2025,Arjun Mehta,Electronics,Monitor,Bengaluru,Karnataka,5,79090,0.1,7513.55,Card
ORD00237,24-10-2025,Amit Sharma,Electronics,Tablet,Kolkata,West Bengal,4,51240,0.15,3971.1,Cash
ORD00238,21-06-2026,Aditya Singh,Electronics,Smartphone,Lucknow,Uttar Pradesh,4,170516,0.1,16199.02,Wallet
ORD00239,15-04-2026,Simran Singh,Grocery,Tea,Ghaziabad,Uttar Pradesh,1,1434,0.02,133.36,UPI
ORD00240,20-02-2026,Nikhil Jain,Clothing,Hoodie,Lucknow,Uttar Pradesh,5,9410,0.02,2004.33,Cash
ORD00241,04-05-2026,Anjali Verma,Electronics,Tablet,Bengaluru,Karnataka,1,12709,0.02,1563.21,UPI
ORD00242,06-11-2025,Shivam Patel,Clothing,Shoes,Ghaziabad,Uttar Pradesh,4,9948,0.05,2014.47,UPI
ORD00243,02-05-2025,Sneha Gupta,Clothing,Dress,Agra,Uttar Pradesh,6,13410,0,2950.2,Card
ORD00244,15-08-2025,Karan Singh,Grocery,Tea,Chandigarh,Chandigarh,1,1288,0.05,106.26,Net Banking
ORD00245,17-07-2026,Aditya Jain,Furniture,Sofa,Chandigarh,Chandigarh,5,65210,0.08,9911.92,Card
ORD00246,03-04-2026,Komal Yadav,Furniture,Filing Cabinet,Kolkata,West Bengal,5,17410,0.1,2524.45,UPI
ORD00247,27-07-2025,Shivam Jain,Electronics,Laptop,Ahmedabad,Gujarat,5,298855,0.1,28391.22,Card
ORD00248,30-07-2025,Shivam Kaur,Furniture,Bookshelf,Ahmedabad,Gujarat,5,76390,0,13750.2,UPI
ORD00249,13-04-2026,Shivam Sharma,Grocery,Rice,Kota,Rajasthan,2,4364,0.08,314.21,Wallet
ORD00250,04-01-2025,Pooja Patel,Grocery,Tea,Chandigarh,Chandigarh,1,1701,0.05,140.33,UPI
ORD00251,03-03-2025,Priya Kaur,Electronics,Tablet,Agra,Uttar Pradesh,6,28668,0.1,2723.46,UPI
ORD00252,27-01-2026,Sneha Mehta,Clothing,Shoes,Meerut,Uttar Pradesh,2,7486,0.05,1515.92,Net Banking
ORD00253,05-07-2026,Riya Jain,Electronics,Keyboard,Bengaluru,Karnataka,3,25122,0.02,3090.01,Card
ORD00254,12-07-2026,Nikhil Jain,Furniture,Office Chair,Kolkata,West Bengal,1,10576,0.08,1607.55,Net Banking
ORD00255,13-07-2025,Rohit Sharma,Furniture,Table,Kota,Rajasthan,3,17649,0.05,2867.96,Net Banking
ORD00256,04-02-2025,Sneha Patel,Electronics,Mouse,Ghaziabad,Uttar Pradesh,1,7212,0.1,685.14,UPI
ORD00257,07-07-2026,Pooja Sharma,Furniture,Filing Cabinet,Delhi,Delhi,4,60732,0.02,10506.64,Card
ORD00258,25-11-2025,Karan Gupta,Clothing,Jeans,Ahmedabad,Gujarat,6,17472,0.1,3232.32,Card
ORD00259,29-08-2026,Arjun Mehta,Furniture,Sofa,Lucknow,Uttar Pradesh,3,8391,0.1,1216.69,Wallet
ORD00260,23-11-2025,Nikhil Mehta,Grocery,Rice,Agra,Uttar Pradesh,6,9846,0.1,639.99,Card
ORD00261,19-08-2025,Vivek Singh,Clothing,Shoes,Meerut,Uttar Pradesh,5,20895,0.02,4450.64,Net Banking
ORD00262,02-02-2026,Karan Gupta,Electronics,Tablet,Jaipur,Rajasthan,5,176665,0.02,21729.79,Card
ORD00263,03-07-2026,Pooja Sharma,Clothing,Dress,Noida,Uttar Pradesh,4,13356,0,2938.32,Cash
ORD00264,27-07-2026,Pooja Kaur,Grocery,Rice,Ahmedabad,Gujarat,1,850,0.1,55.25,Card
ORD00265,01-05-2025,Aditya Verma,Clothing,Jacket,Delhi,Delhi,2,3712,0.15,621.76,Wallet
ORD00266,25-01-2026,Sneha Jain,Furniture,Sofa,Ghaziabad,Uttar Pradesh,5,56690,0.05,9212.12,Cash
ORD00267,11-04-2025,Aditya Yadav,Clothing,Jacket,Agra,Uttar Pradesh,5,21865,0.08,4198.08,Card
ORD00268,30-05-2025,Rahul Gupta,Clothing,Jacket,Jaipur,Rajasthan,1,4908,0.02,1045.4,Wallet
ORD00269,24-01-2026,Shivam Verma,Grocery,Tea,Meerut,Uttar Pradesh,2,2862,0.02,266.17,Net Banking
ORD00270,22-06-2025,Mohit Singh,Clothing,Jacket,Kolkata,West Bengal,4,17272,0.08,3316.22,Card
ORD00271,04-02-2025,Priya Sharma,Grocery,Atta,Mumbai,Maharashtra,6,1920,0.1,124.8,UPI
ORD00272,04-06-2025,Rahul Verma,Grocery,Atta,Ahmedabad,Gujarat,6,6162,0,616.2,Wallet
ORD00273,15-05-2026,Rahul Sharma,Grocery,Biscuits,Delhi,Delhi,5,10295,0.15,489.01,Wallet
ORD00274,21-10-2025,Rahul Jain,Grocery,Rice,Delhi,Delhi,5,6025,0.1,391.62,Net Banking
ORD00275,16-07-2025,Tanya Jain,Furniture,Office Chair,Noida,Uttar Pradesh,5,28395,0.02,4912.34,Cash
ORD00276,20-02-2026,Sneha Patel,Clothing,Jacket,Kolkata,West Bengal,4,3788,0.05,767.07,Card
ORD00277,02-02-2025,Priya Mehta,Furniture,Bookshelf,Bengaluru,Karnataka,1,22221,0.15,2833.18,Net Banking
ORD00278,25-06-2025,Priya Kaur,Grocery,Pulses,Delhi,Delhi,6,708,0.15,33.63,Net Banking
ORD00279,24-08-2025,Pooja Patel,Clothing,Kurta,Ahmedabad,Gujarat,1,4626,0,1017.72,Net Banking
ORD00280,01-08-2026,Amit Singh,Clothing,T-Shirt,Noida,Uttar Pradesh,6,15576,0.1,2881.56,Cash
ORD00281,12-02-2026,Priya Gupta,Electronics,Mouse,Pune,Maharashtra,2,99798,0.15,7734.35,Card
ORD00282,06-12-2025,Riya Singh,Furniture,Desk Lamp,Ahmedabad,Gujarat,4,91940,0.1,13331.3,UPI
ORD00283,15-12-2025,Tanya Patel,Clothing,T-Shirt,Noida,Uttar Pradesh,4,8804,0,1936.88,Wallet
ORD00284,18-05-2026,Karan Yadav,Grocery,Biscuits,Delhi,Delhi,6,7194,0.08,517.97,Wallet
ORD00285,25-01-2026,Priya Patel,Grocery,Spices,Meerut,Uttar Pradesh,6,14874,0.15,706.52,Cash
ORD00286,25-01-2026,Neha Mehta,Furniture,Filing Cabinet,Noida,Uttar Pradesh,1,9580,0.02,1657.34,Cash
ORD00287,04-01-2026,Simran Kumar,Clothing,T-Shirt,Noida,Uttar Pradesh,1,2825,0.08,542.4,Card
ORD00288,09-06-2026,Nikhil Kumar,Electronics,Keyboard,Jaipur,Rajasthan,4,148408,0.1,14098.76,UPI
ORD00289,29-11-2025,Riya Sharma,Electronics,Smartphone,Mumbai,Maharashtra,1,39720,0.1,3773.4,Cash
ORD00290,09-08-2026,Komal Singh,Grocery,Spices,Kolkata,West Bengal,1,2371,0.02,220.5,Net Banking
ORD00291,30-05-2025,Priya Singh,Furniture,Table,Lucknow,Uttar Pradesh,3,28785,0.08,4375.32,Net Banking
ORD00292,15-09-2025,Karan Kaur,Clothing,Shoes,Lucknow,Uttar Pradesh,4,3720,0.05,753.3,Wallet
ORD00293,10-02-2026,Anjali Patel,Furniture,Sofa,Noida,Uttar Pradesh,2,21566,0,3881.88,Net Banking
ORD00294,25-11-2025,Tanya Verma,Clothing,Shoes,Agra,Uttar Pradesh,4,5660,0.05,1146.15,Net Banking
ORD00295,18-05-2026,Shivam Verma,Clothing,Jeans,Jaipur,Rajasthan,3,8061,0.15,1350.22,Cash
ORD00296,01-08-2026,Pooja Patel,Grocery,Tea,Ahmedabad,Gujarat,4,6300,0,630,Wallet
ORD00297,18-04-2026,Pooja Kaur,Furniture,Filing Cabinet,Kolkata,West Bengal,5,8405,0.15,1071.64,Cash
ORD00298,07-11-2025,Karan Gupta,Electronics,Tablet,Bengaluru,Karnataka,4,38884,0.15,3013.51,Card
ORD00299,15-02-2026,Varun Jain,Grocery,Spices,Noida,Uttar Pradesh,4,8168,0.1,530.92,Net Banking
ORD00300,29-03-2025,Rohit Verma,Electronics,Smartphone,Chandigarh,Chandigarh,5,197580,0.15,15312.45,Cash
ORD00301,14-02-2026,Anjali Mehta,Furniture,Filing Cabinet,Pune,Maharashtra,1,19255,0.15,2455.01,UPI
ORD00302,16-06-2026,Varun Patel,Electronics,Monitor,Lucknow,Uttar Pradesh,2,68134,0.15,5280.39,Wallet
ORD00303,26-08-2026,Komal Singh,Furniture,Sofa,Agra,Uttar Pradesh,4,63892,0.15,8146.23,Cash
ORD00304,29-04-2025,Neha Yadav,Electronics,Printer,Noida,Uttar Pradesh,3,83583,0,10865.79,Cash
ORD00305,23-12-2025,Aditya Kumar,Clothing,Shoes,Kolkata,West Bengal,2,9136,0.08,1754.11,Net Banking
ORD00306,28-04-2025,Rahul Yadav,Grocery,Biscuits,Noida,Uttar Pradesh,3,789,0.15,37.48,UPI
ORD00307,13-06-2025,Anjali Jain,Furniture,Filing Cabinet,Ghaziabad,Uttar Pradesh,5,32580,0.1,4724.1,Net Banking
ORD00308,19-03-2026,Riya Sharma,Grocery,Sugar,Kolkata,West Bengal,4,3340,0.02,310.62,Wallet
ORD00309,08-08-2025,Pooja Gupta,Furniture,Sofa,Pune,Maharashtra,4,54164,0,9749.52,UPI
ORD00310,27-04-2025,Simran Kaur,Electronics,Keyboard,Agra,Uttar Pradesh,3,40545,0.08,4135.59,Wallet
ORD00311,27-04-2025,Mohit Yadav,Clothing,Kurta,Jaipur,Rajasthan,5,17575,0.1,3251.38,Net Banking
ORD00312,28-03-2025,Neha Yadav,Furniture,Filing Cabinet,Chandigarh,Chandigarh,3,62805,0.1,9106.72,UPI
ORD00313,25-05-2025,Komal Mehta,Furniture,Bookshelf,Noida,Uttar Pradesh,2,26064,0.15,3323.16,Net Banking
ORD00314,05-07-2026,Arjun Jain,Furniture,Desk Lamp,Jaipur,Rajasthan,4,27544,0.08,4186.69,Card
ORD00315,24-02-2025,Mohit Sharma,Grocery,Tea,Meerut,Uttar Pradesh,2,2736,0.08,196.99,Net Banking
ORD00316,22-05-2026,Nikhil Kaur,Furniture,Table,Ahmedabad,Gujarat,4,76804,0.1,11136.58,Net Banking
ORD00317,14-08-2025,Vivek Sharma,Grocery,Pulses,Meerut,Uttar Pradesh,1,2395,0,239.5,Cash
ORD00318,23-05-2026,Varun Jain,Furniture,Desk Lamp,Lucknow,Uttar Pradesh,2,31570,0.1,4577.65,UPI
ORD00319,10-07-2026,Amit Kaur,Electronics,Headphones,Kolkata,West Bengal,5,272770,0.05,30686.62,Wallet
ORD00320,01-11-2025,Amit Kaur,Furniture,Sofa,Noida,Uttar Pradesh,6,133314,0.02,23063.32,Cash
ORD00321,31-08-2025,Pooja Patel,Clothing,Hoodie,Ahmedabad,Gujarat,1,3896,0,857.12,Cash
ORD00322,02-03-2025,Shivam Yadav,Grocery,Atta,Pune,Maharashtra,2,1852,0.02,172.24,Wallet
ORD00323,27-10-2025,Vivek Patel,Clothing,Kurta,Mumbai,Maharashtra,2,5902,0.15,988.59,Cash
ORD00324,10-05-2025,Neha Verma,Electronics,Keyboard,Kolkata,West Bengal,4,17940,0.05,2018.25,Card
ORD00325,26-05-2025,Shivam Gupta,Clothing,Hoodie,Ghaziabad,Uttar Pradesh,6,21102,0.08,4051.58,Net Banking
ORD00326,12-06-2026,Simran Yadav,Grocery,Pulses,Noida,Uttar Pradesh,6,2766,0.08,199.15,Net Banking
ORD00327,15-04-2026,Mohit Kumar,Grocery,Biscuits,Pune,Maharashtra,1,461,0.15,21.9,Wallet
ORD00328,27-11-2025,Vivek Yadav,Grocery,Sugar,Jaipur,Rajasthan,2,4212,0.05,347.49,Wallet
ORD00329,19-02-2025,Amit Kumar,Furniture,Desk Lamp,Ahmedabad,Gujarat,4,48252,0.15,6152.13,Net Banking
ORD00330,01-01-2025,Nikhil Verma,Electronics,Monitor,Ahmedabad,Gujarat,2,59040,0.08,6022.08,Card
ORD00331,05-01-2026,Simran Kumar,Clothing,Jeans,Ahmedabad,Gujarat,3,3192,0.15,534.66,Cash
ORD00332,28-08-2025,Nikhil Kumar,Furniture,Office Chair,Jaipur,Rajasthan,6,64860,0.15,8269.65,UPI
ORD00333,20-08-2025,Komal Kaur,Electronics,Mouse,Kota,Rajasthan,1,9296,0.1,883.12,UPI
ORD00334,16-05-2025,Aditya Kumar,Electronics,Smartphone,Ahmedabad,Gujarat,1,56983,0.08,5812.27,Card
ORD00335,12-01-2026,Vivek Singh,Grocery,Cooking Oil,Chandigarh,Chandigarh,1,502,0.05,41.41,Net Banking
ORD00336,31-07-2026,Rahul Patel,Furniture,Filing Cabinet,Bengaluru,Karnataka,2,6082,0.1,881.89,Card
ORD00337,30-03-2026,Pooja Kumar,Grocery,Biscuits,Chandigarh,Chandigarh,2,1400,0.08,100.8,UPI
ORD00338,16-03-2026,Anjali Singh,Furniture,Office Chair,Pune,Maharashtra,6,80298,0.05,13048.43,Card
ORD00339,19-10-2025,Rahul Gupta,Clothing,Dress,Noida,Uttar Pradesh,2,9666,0.1,1788.21,Card
ORD00340,03-09-2025,Aditya Mehta,Furniture,Filing Cabinet,Jaipur,Rajasthan,3,65919,0,11865.42,UPI
ORD00341,13-01-2025,Mohit Yadav,Furniture,Sofa,Bengaluru,Karnataka,5,15630,0.1,2266.35,Card
ORD00342,16-03-2025,Rahul Patel,Grocery,Spices,Agra,Uttar Pradesh,5,3935,0.08,283.32,UPI
ORD00343,03-06-2026,Vivek Jain,Electronics,Headphones,Ghaziabad,Uttar Pradesh,1,4562,0.08,465.32,Net Banking
ORD00344,06-06-2025,Simran Kumar,Grocery,Spices,Noida,Uttar Pradesh,6,13662,0.1,888.03,Cash
ORD00345,05-02-2026,Shivam Kumar,Electronics,Mouse,Kolkata,West Bengal,2,71504,0.05,8044.2,Cash
ORD00346,29-04-2025,Sneha Patel,Grocery,Sugar,Delhi,Delhi,2,866,0.08,62.35,Wallet
ORD00347,29-06-2025,Rohit Sharma,Electronics,Headphones,Bengaluru,Karnataka,6,262356,0.15,20332.59,Card
ORD00348,23-09-2025,Arjun Yadav,Electronics,Keyboard,Kota,Rajasthan,3,104625,0.1,9939.38,Card
ORD00349,06-10-2025,Komal Kumar,Clothing,Dress,Noida,Uttar Pradesh,1,3044,0.08,584.45,Cash
ORD00350,27-05-2026,Shivam Singh,Electronics,Printer,Kota,Rajasthan,5,121005,0,15730.65,Cash
ORD00351,29-04-2025,Karan Jain,Furniture,Bookshelf,Kolkata,West Bengal,1,19605,0.15,2499.64,UPI
ORD00352,28-01-2026,Neha Singh,Electronics,Laptop,Ghaziabad,Uttar Pradesh,1,31517,0.05,3545.66,UPI
ORD00353,24-11-2025,Simran Kumar,Grocery,Sugar,Agra,Uttar Pradesh,2,3568,0.15,169.48,Wallet
ORD00354,17-08-2025,Komal Sharma,Clothing,T-Shirt,Mumbai,Maharashtra,6,4386,0.02,934.22,Net Banking
ORD00355,02-12-2025,Priya Jain,Electronics,Printer,Ahmedabad,Gujarat,3,153879,0.05,17311.39,Net Banking
ORD00356,06-09-2025,Sneha Yadav,Electronics,Smartphone,Ghaziabad,Uttar Pradesh,3,112647,0.05,12672.79,Wallet
ORD00357,07-01-2025,Nikhil Sharma,Grocery,Sugar,Chandigarh,Chandigarh,5,5420,0.02,504.06,Card
ORD00358,02-01-2025,Riya Gupta,Clothing,Dress,Ahmedabad,Gujarat,6,2268,0.05,459.27,UPI
ORD00359,26-05-2025,Simran Kumar,Furniture,Desk Lamp,Ghaziabad,Uttar Pradesh,4,67688,0,12183.84,UPI
ORD00360,28-03-2025,Shivam Kumar,Furniture,Desk Lamp,Jaipur,Rajasthan,6,78030,0.08,11860.56,Wallet
ORD00361,05-08-2026,Amit Mehta,Furniture,Filing Cabinet,Ahmedabad,Gujarat,4,13008,0.1,1886.16,Card
ORD00362,01-12-2025,Anjali Kaur,Furniture,Bookshelf,Lucknow,Uttar Pradesh,3,41028,0.15,5231.07,Cash
ORD00363,09-06-2025,Rohit Singh,Furniture,Office Chair,Ghaziabad,Uttar Pradesh,2,39918,0,7185.24,Net Banking
ORD00364,01-08-2025,Sneha Gupta,Grocery,Biscuits,Jaipur,Rajasthan,1,2275,0.05,187.69,Net Banking
ORD00365,08-11-2025,Tanya Sharma,Clothing,Hoodie,Noida,Uttar Pradesh,1,1591,0.15,266.49,Card
ORD00366,10-02-2026,Komal Sharma,Clothing,Jeans,Noida,Uttar Pradesh,6,13998,0.05,2834.6,Cash
ORD00367,24-07-2026,Varun Verma,Clothing,Hoodie,Meerut,Uttar Pradesh,1,3612,0.08,693.5,UPI
ORD00368,05-03-2025,Karan Singh,Grocery,Cooking Oil,Kolkata,West Bengal,2,1154,0,115.4,Card
ORD00369,24-08-2026,Simran Kumar,Grocery,Biscuits,Bengaluru,Karnataka,6,2544,0.1,165.36,UPI
ORD00370,05-04-2025,Anjali Kumar,Electronics,Mouse,Bengaluru,Karnataka,4,214552,0.02,26389.9,UPI
ORD00371,09-02-2026,Aditya Sharma,Grocery,Rice,Meerut,Uttar Pradesh,5,9270,0.15,440.33,Net Banking
ORD00372,14-10-2025,Sneha Singh,Grocery,Atta,Agra,Uttar Pradesh,2,1692,0.05,139.59,UPI
ORD00373,06-05-2026,Amit Kumar,Furniture,Filing Cabinet,Lucknow,Uttar Pradesh,4,57200,0.1,8294,Cash
ORD00374,11-07-2026,Rahul Mehta,Grocery,Atta,Jaipur,Rajasthan,2,4466,0.02,415.34,Cash
ORD00375,02-02-2026,Simran Singh,Grocery,Pulses,Agra,Uttar Pradesh,5,10685,0.05,881.51,UPI
ORD00376,29-04-2026,Komal Yadav,Clothing,Kurta,Ghaziabad,Uttar Pradesh,1,2601,0,572.22,Wallet
ORD00377,30-09-2025,Varun Sharma,Furniture,Table,Noida,Uttar Pradesh,2,44648,0.02,7724.1,Card
ORD00378,30-08-2026,Anjali Yadav,Grocery,Biscuits,Ahmedabad,Gujarat,2,1602,0.02,148.99,Wallet
ORD00379,12-07-2025,Aditya Jain,Electronics,Smartphone,Pune,Maharashtra,5,49560,0.1,4708.2,Cash
ORD00380,13-08-2025,Rahul Jain,Furniture,Sofa,Delhi,Delhi,1,2640,0.02,456.72,Net Banking
ORD00381,15-12-2025,Arjun Yadav,Electronics,Smartphone,Pune,Maharashtra,2,106902,0.02,13148.95,UPI
ORD00382,23-06-2026,Mohit Kumar,Electronics,Keyboard,Pune,Maharashtra,6,59298,0,7708.74,Cash
ORD00383,11-06-2025,Nikhil Kaur,Grocery,Cooking Oil,Agra,Uttar Pradesh,3,4203,0.02,390.88,Cash
ORD00384,17-08-2025,Shivam Singh,Furniture,Filing Cabinet,Mumbai,Maharashtra,6,125460,0.05,20387.25,Net Banking
ORD00385,02-01-2025,Shivam Mehta,Clothing,Dress,Chandigarh,Chandigarh,3,4029,0.02,858.18,Wallet
ORD00386,15-08-2025,Shivam Kumar,Electronics,Keyboard,Pune,Maharashtra,3,160815,0.1,15277.42,Net Banking
ORD00387,24-11-2025,Arjun Kumar,Furniture,Bookshelf,Chandigarh,Chandigarh,1,8598,0.05,1397.17,Cash
ORD00388,11-03-2025,Mohit Gupta,Grocery,Rice,Lucknow,Uttar Pradesh,2,2204,0.15,104.69,UPI
ORD00389,20-06-2025,Nikhil Kaur,Electronics,Laptop,Jaipur,Rajasthan,4,194440,0.08,19832.88,Net Banking
ORD00390,19-08-2025,Arjun Kaur,Clothing,Kurta,Jaipur,Rajasthan,1,4227,0.1,782,UPI
ORD00391,17-03-2025,Anjali Singh,Electronics,Headphones,Delhi,Delhi,3,53139,0,6908.07,Net Banking
ORD00392,10-05-2026,Rahul Mehta,Furniture,Filing Cabinet,Noida,Uttar Pradesh,5,19250,0.05,3128.12,Card
ORD00393,14-07-2025,Nikhil Jain,Grocery,Atta,Delhi,Delhi,1,1436,0.02,133.55,Wallet
ORD00394,20-02-2025,Riya Patel,Clothing,Dress,Lucknow,Uttar Pradesh,3,6735,0,1481.7,Wallet
ORD00395,31-03-2025,Vivek Patel,Grocery,Atta,Delhi,Delhi,3,285,0.08,20.52,Net Banking
ORD00396,26-10-2025,Priya Kaur,Furniture,Office Chair,Delhi,Delhi,2,12794,0.15,1631.24,UPI
ORD00397,29-09-2025,Priya Jain,Clothing,Hoodie,Jaipur,Rajasthan,4,17224,0.15,2885.02,Net Banking
ORD00398,15-02-2025,Simran Kaur,Furniture,Bookshelf,Jaipur,Rajasthan,3,20739,0.08,3152.33,Net Banking
ORD00399,04-06-2025,Rohit Kumar,Clothing,Jeans,Ahmedabad,Gujarat,3,14766,0,3248.52,Cash
ORD00400,05-03-2026,Varun Kaur,Grocery,Sugar,Mumbai,Maharashtra,1,1665,0.1,108.23,Wallet
ORD00401,05-02-2025,Komal Patel,Furniture,Sofa,Lucknow,Uttar Pradesh,1,13736,0.15,1751.34,Wallet
ORD00402,05-08-2025,Pooja Singh,Furniture,Office Chair,Kolkata,West Bengal,4,25856,0.02,4473.09,UPI
ORD00403,01-06-2025,Tanya Gupta,Grocery,Cooking Oil,Bengaluru,Karnataka,4,3628,0.15,172.33,Cash
ORD00404,30-11-2025,Simran Jain,Electronics,Monitor,Jaipur,Rajasthan,5,133205,0.1,12654.48,Net Banking
ORD00405,04-08-2026,Shivam Patel,Electronics,Tablet,Noida,Uttar Pradesh,4,41624,0.02,5119.75,UPI
ORD00406,19-12-2025,Nikhil Gupta,Electronics,Monitor,Kolkata,West Bengal,3,172350,0.1,16373.25,Net Banking
ORD00407,28-05-2025,Tanya Patel,Grocery,Pulses,Delhi,Delhi,2,2416,0.08,173.95,Net Banking
ORD00408,02-05-2026,Simran Yadav,Electronics,Tablet,Agra,Uttar Pradesh,6,97014,0,12611.82,UPI
ORD00409,19-05-2026,Rohit Verma,Clothing,Hoodie,Kolkata,West Bengal,3,8541,0.05,1729.55,Card
ORD00410,03-03-2026,Tanya Kumar,Clothing,Dress,Kota,Rajasthan,3,7521,0.15,1259.77,Card
ORD00411,18-01-2026,Amit Jain,Grocery,Sugar,Ahmedabad,Gujarat,4,8256,0.1,536.64,Card
ORD00412,21-06-2026,Shivam Sharma,Electronics,Headphones,Chandigarh,Chandigarh,5,135180,0.02,16627.14,Card
ORD00413,13-04-2026,Amit Yadav,Furniture,Table,Ahmedabad,Gujarat,1,8975,0,1615.5,Card
ORD00414,07-05-2025,Rahul Verma,Clothing,Jacket,Ahmedabad,Gujarat,4,17748,0.08,3407.62,Cash
ORD00415,25-12-2025,Mohit Singh,Grocery,Pulses,Meerut,Uttar Pradesh,4,9932,0.1,645.58,Cash
ORD00416,09-08-2026,Pooja Verma,Electronics,Headphones,Delhi,Delhi,4,15412,0.02,1895.68,Card
ORD00417,10-01-2025,Aditya Singh,Furniture,Bookshelf,Bengaluru,Karnataka,4,70476,0,12685.68,Card
ORD00418,09-10-2025,Nikhil Mehta,Electronics,Mouse,Lucknow,Uttar Pradesh,5,266810,0.05,30016.12,Cash
ORD00419,18-06-2026,Tanya Mehta,Grocery,Tea,Ghaziabad,Uttar Pradesh,4,5268,0.15,250.23,Wallet
ORD00420,29-07-2026,Tanya Patel,Electronics,Laptop,Mumbai,Maharashtra,6,335190,0.05,37708.88,Cash
ORD00421,11-10-2025,Anjali Gupta,Clothing,Dress,Noida,Uttar Pradesh,4,3288,0.05,665.82,Cash
ORD00422,18-02-2026,Anjali Singh,Clothing,Jeans,Meerut,Uttar Pradesh,5,11340,0,2494.8,UPI
ORD00423,06-02-2025,Shivam Patel,Grocery,Tea,Lucknow,Uttar Pradesh,4,6948,0.08,500.26,Card
ORD00424,03-05-2026,Mohit Jain,Clothing,Dress,Chandigarh,Chandigarh,2,9358,0.15,1567.47,Cash
ORD00425,28-04-2026,Neha Gupta,Furniture,Filing Cabinet,Mumbai,Maharashtra,2,20852,0,3753.36,Wallet
ORD00426,30-12-2025,Karan Gupta,Furniture,Filing Cabinet,Agra,Uttar Pradesh,6,22356,0.02,3867.59,Net Banking
ORD00427,01-05-2025,Aditya Sharma,Clothing,Jacket,Lucknow,Uttar Pradesh,5,13540,0.08,2599.68,Wallet
ORD00428,26-01-2026,Komal Gupta,Electronics,Printer,Ghaziabad,Uttar Pradesh,5,42260,0.15,3275.15,Net Banking
ORD00429,07-08-2026,Sneha Singh,Electronics,Keyboard,Meerut,Uttar Pradesh,2,46114,0.08,4703.63,Cash
ORD00430,17-11-2025,Amit Sharma,Furniture,Office Chair,Kota,Rajasthan,3,64431,0.02,11146.56,Net Banking
ORD00431,01-04-2025,Neha Patel,Clothing,Jeans,Kolkata,West Bengal,2,3194,0.08,613.25,Net Banking
ORD00432,08-02-2025,Varun Verma,Grocery,Spices,Jaipur,Rajasthan,4,6600,0,660,Cash
ORD00433,05-01-2025,Karan Verma,Electronics,Smartphone,Kolkata,West Bengal,5,65445,0,8507.85,Cash
ORD00434,10-11-2025,Arjun Kumar,Clothing,Jeans,Noida,Uttar Pradesh,4,17692,0.1,3273.02,UPI
ORD00435,21-06-2026,Anjali Mehta,Clothing,Jacket,Kota,Rajasthan,6,27372,0.1,5063.82,Card
ORD00436,20-01-2025,Karan Verma,Clothing,Shoes,Agra,Uttar Pradesh,2,3300,0.08,633.6,Card
ORD00437,07-05-2025,Mohit Sharma,Furniture,Filing Cabinet,Delhi,Delhi,5,86675,0.02,14994.77,Net Banking
ORD00438,19-02-2025,Rohit Sharma,Clothing,Hoodie,Mumbai,Maharashtra,5,3490,0.1,645.65,UPI
ORD00439,16-09-2025,Aditya Singh,Electronics,Tablet,Kota,Rajasthan,4,34796,0.1,3305.62,Card
ORD00440,17-06-2026,Simran Patel,Electronics,Headphones,Jaipur,Rajasthan,6,43302,0.15,3355.91,Wallet
ORD00441,01-05-2025,Vivek Kumar,Furniture,Sofa,Ahmedabad,Gujarat,1,17563,0.15,2239.28,UPI
ORD00442,26-07-2025,Mohit Mehta,Grocery,Sugar,Pune,Maharashtra,2,2314,0.1,150.41,Cash
ORD00443,08-05-2026,Anjali Verma,Furniture,Office Chair,Mumbai,Maharashtra,4,30420,0.15,3878.55,UPI
ORD00444,02-06-2025,Priya Jain,Electronics,Monitor,Noida,Uttar Pradesh,5,222225,0.08,22666.95,UPI
ORD00445,28-09-2025,Sneha Sharma,Electronics,Headphones,Bengaluru,Karnataka,2,61066,0.05,6869.93,UPI
ORD00446,17-11-2025,Nikhil Kumar,Furniture,Office Chair,Ahmedabad,Gujarat,3,37809,0.15,4820.65,UPI
ORD00447,24-06-2025,Anjali Yadav,Electronics,Laptop,Ahmedabad,Gujarat,2,88146,0.15,6831.32,Net Banking
ORD00448,27-04-2025,Riya Mehta,Clothing,Dress,Noida,Uttar Pradesh,3,9321,0.02,1985.37,Net Banking
ORD00449,20-06-2025,Rohit Singh,Clothing,Hoodie,Jaipur,Rajasthan,6,25302,0.08,4857.98,UPI
ORD00450,25-03-2026,Arjun Patel,Furniture,Office Chair,Jaipur,Rajasthan,5,83080,0.1,12046.6,Net Banking
ORD00451,15-05-2026,Rohit Mehta,Clothing,Kurta,Delhi,Delhi,6,8220,0.08,1578.24,Net Banking
ORD00452,22-06-2026,Shivam Patel,Electronics,Monitor,Lucknow,Uttar Pradesh,6,127158,0,16530.54,Card
ORD00453,12-09-2025,Aditya Yadav,Clothing,Kurta,Mumbai,Maharashtra,6,6480,0.08,1244.16,Net Banking
ORD00454,10-06-2025,Komal Kaur,Furniture,Desk Lamp,Pune,Maharashtra,1,1181,0.15,150.58,Net Banking
ORD00455,05-12-2025,Simran Sharma,Furniture,Office Chair,Kolkata,West Bengal,4,45224,0.02,7823.75,Wallet
ORD00456,22-03-2025,Sneha Kaur,Furniture,Desk Lamp,Bengaluru,Karnataka,4,56056,0.02,9697.69,Wallet
ORD00457,02-05-2025,Aditya Sharma,Grocery,Cooking Oil,Ahmedabad,Gujarat,4,7644,0.05,630.63,UPI
ORD00458,04-04-2025,Tanya Patel,Grocery,Spices,Delhi,Delhi,5,11645,0,1164.5,Cash
ORD00459,25-02-2025,Karan Kaur,Furniture,Filing Cabinet,Bengaluru,Karnataka,4,47876,0.05,7779.85,Cash
ORD00460,16-08-2025,Rahul Yadav,Grocery,Biscuits,Chandigarh,Chandigarh,4,2188,0,218.8,Cash
ORD00461,18-06-2025,Aditya Singh,Clothing,Kurta,Mumbai,Maharashtra,3,3510,0,772.2,Net Banking
ORD00462,07-02-2026,Pooja Kaur,Electronics,Headphones,Pune,Maharashtra,2,25780,0,3351.4,Card
ORD00463,26-08-2026,Rohit Kaur,Clothing,T-Shirt,Kolkata,West Bengal,4,2720,0.15,455.6,Net Banking
ORD00464,21-07-2026,Nikhil Patel,Furniture,Sofa,Delhi,Delhi,5,124620,0,22431.6,Net Banking
ORD00465,17-04-2025,Riya Patel,Furniture,Filing Cabinet,Pune,Maharashtra,2,49472,0.02,8558.66,Wallet
ORD00466,12-02-2026,Anjali Gupta,Clothing,Kurta,Jaipur,Rajasthan,4,9332,0.05,1889.73,Net Banking
ORD00467,09-06-2026,Vivek Jain,Furniture,Table,Jaipur,Rajasthan,5,118690,0.15,15132.98,Cash
ORD00468,20-12-2025,Neha Singh,Furniture,Table,Ghaziabad,Uttar Pradesh,5,121040,0.05,19669,Wallet
ORD00469,20-08-2026,Shivam Mehta,Clothing,Dress,Noida,Uttar Pradesh,3,14718,0.08,2825.86,Wallet
ORD00470,26-01-2025,Riya Singh,Clothing,Hoodie,Jaipur,Rajasthan,1,4582,0,1008.04,UPI
ORD00471,14-09-2025,Neha Sharma,Electronics,Mouse,Lucknow,Uttar Pradesh,2,38766,0.15,3004.37,Cash
ORD00472,30-07-2026,Karan Jain,Furniture,Desk Lamp,Delhi,Delhi,3,46890,0,8440.2,Net Banking
ORD00473,18-02-2025,Riya Mehta,Furniture,Desk Lamp,Kolkata,West Bengal,6,61350,0.15,7822.12,Net Banking
ORD00474,30-03-2026,Karan Yadav,Clothing,Kurta,Delhi,Delhi,1,2358,0.02,502.25,Wallet
ORD00475,18-03-2025,Arjun Singh,Furniture,Filing Cabinet,Ghaziabad,Uttar Pradesh,3,46518,0.02,8047.61,Wallet
ORD00476,28-09-2025,Neha Singh,Electronics,Tablet,Delhi,Delhi,4,75564,0.1,7178.58,Wallet
ORD00477,07-06-2025,Anjali Patel,Clothing,T-Shirt,Agra,Uttar Pradesh,4,6272,0,1379.84,UPI
ORD00478,16-03-2025,Anjali Jain,Clothing,Shoes,Kolkata,West Bengal,5,24030,0.05,4866.08,Card
ORD00479,11-07-2026,Varun Mehta,Furniture,Desk Lamp,Noida,Uttar Pradesh,5,30110,0.08,4576.72,UPI
ORD00480,05-01-2026,Vivek Verma,Clothing,Jeans,Ghaziabad,Uttar Pradesh,6,18108,0.05,3666.87,Wallet
ORD00481,04-09-2025,Tanya Patel,Grocery,Rice,Noida,Uttar Pradesh,6,8982,0.08,646.7,Card
ORD00482,08-07-2026,Vivek Sharma,Electronics,Smartphone,Jaipur,Rajasthan,1,25888,0.05,2912.4,Wallet
ORD00483,14-02-2025,Vivek Verma,Clothing,Kurta,Kolkata,West Bengal,5,19750,0.08,3792,Cash
ORD00484,09-03-2025,Pooja Verma,Electronics,Monitor,Meerut,Uttar Pradesh,5,177720,0,23103.6,Net Banking
ORD00485,22-03-2026,Priya Singh,Electronics,Mouse,Mumbai,Maharashtra,6,349092,0.15,27054.63,UPI
ORD00486,02-07-2025,Simran Jain,Grocery,Biscuits,Delhi,Delhi,1,380,0,38,UPI
ORD00487,19-02-2026,Nikhil Yadav,Furniture,Bookshelf,Jaipur,Rajasthan,4,62328,0.15,7946.82,UPI
ORD00488,23-08-2026,Amit Kumar,Grocery,Cooking Oil,Mumbai,Maharashtra,1,339,0.15,16.1,Cash
ORD00489,30-03-2025,Vivek Kaur,Electronics,Headphones,Kolkata,West Bengal,6,122094,0.1,11598.93,Net Banking
ORD00490,20-05-2025,Riya Jain,Grocery,Rice,Kota,Rajasthan,2,4530,0.02,421.29,Cash
ORD00491,12-01-2025,Varun Jain,Furniture,Bookshelf,Bengaluru,Karnataka,6,132186,0.05,21480.23,Card
ORD00492,05-07-2026,Varun Kumar,Electronics,Laptop,Delhi,Delhi,5,198510,0.08,20248.02,Cash
ORD00493,27-02-2026,Komal Singh,Furniture,Filing Cabinet,Chandigarh,Chandigarh,6,72402,0.02,12525.55,Card
ORD00494,05-07-2025,Shivam Sharma,Furniture,Table,Pune,Maharashtra,3,21501,0,3870.18,Wallet
ORD00495,11-04-2025,Pooja Patel,Grocery,Cooking Oil,Lucknow,Uttar Pradesh,6,2130,0.05,175.72,Net Banking
ORD00496,19-10-2025,Tanya Kumar,Clothing,Jacket,Meerut,Uttar Pradesh,6,13326,0,2931.72,Card
ORD00497,22-08-2026,Neha Patel,Clothing,Shoes,Kota,Rajasthan,3,8412,0.15,1409.01,Wallet
ORD00498,17-11-2025,Karan Verma,Clothing,Hoodie,Agra,Uttar Pradesh,4,6724,0,1479.28,Net Banking
ORD00499,19-04-2026,Sneha Yadav,Clothing,Hoodie,Agra,Uttar Pradesh,2,6032,0.08,1158.14,Cash
ORD00500,24-05-2025,Varun Verma,Grocery,Cooking Oil,Meerut,Uttar Pradesh,6,2490,0.05,205.43,Cash
ORD00501,19-08-2026,Shivam Mehta,Electronics,Monitor,Delhi,Delhi,5,209970,0,27296.1,Wallet
ORD00502,29-04-2026,Neha Yadav,Furniture,Office Chair,Mumbai,Maharashtra,3,55824,0.1,8094.48,Net Banking
ORD00503,29-05-2026,Komal Kumar,Furniture,Desk Lamp,Chandigarh,Chandigarh,3,15561,0.08,2365.27,Net Banking
ORD00504,19-06-2025,Komal Singh,Clothing,Kurta,Delhi,Delhi,6,13536,0.1,2504.16,Net Banking
ORD00505,11-05-2026,Mohit Sharma,Furniture,Table,Pune,Maharashtra,5,112035,0.02,19382.06,Card
ORD00506,13-02-2025,Pooja Jain,Grocery,Sugar,Noida,Uttar Pradesh,3,4779,0.02,444.45,Cash
ORD00507,28-11-2025,Rohit Jain,Grocery,Pulses,Kota,Rajasthan,1,243,0.15,11.54,Cash
ORD00508,23-01-2026,Mohit Patel,Clothing,Kurta,Mumbai,Maharashtra,5,8620,0.08,1655.04,UPI
ORD00509,20-12-2025,Aditya Kaur,Clothing,Shoes,Ghaziabad,Uttar Pradesh,5,18120,0.05,3669.3,Wallet
ORD00510,11-06-2026,Simran Verma,Electronics,Keyboard,Kota,Rajasthan,2,31344,0,4074.72,Card
ORD00511,24-08-2025,Nikhil Yadav,Furniture,Table,Agra,Uttar Pradesh,5,121520,0,21873.6,UPI
ORD00512,25-02-2026,Rahul Verma,Grocery,Pulses,Kota,Rajasthan,2,4998,0.02,464.81,UPI
ORD00513,09-06-2026,Amit Patel,Furniture,Desk Lamp,Pune,Maharashtra,2,10428,0.15,1329.57,Card
ORD00514,01-08-2026,Rahul Gupta,Electronics,Keyboard,Lucknow,Uttar Pradesh,2,68916,0.08,7029.43,UPI
ORD00515,13-08-2025,Nikhil Patel,Furniture,Sofa,Pune,Maharashtra,4,66332,0.02,11475.44,Card
ORD00516,17-12-2025,Sneha Patel,Furniture,Desk Lamp,Bengaluru,Karnataka,5,47335,0.02,8188.95,Wallet
ORD00517,17-01-2025,Pooja Jain,Electronics,Mouse,Jaipur,Rajasthan,4,37056,0,4817.28,Wallet
ORD00518,09-02-2025,Varun Jain,Grocery,Atta,Pune,Maharashtra,1,806,0.08,58.03,UPI
ORD00519,07-07-2026,Rahul Mehta,Electronics,Printer,Bengaluru,Karnataka,2,119424,0.1,11345.28,Wallet
ORD00520,23-08-2025,Aditya Mehta,Grocery,Biscuits,Ahmedabad,Gujarat,1,2250,0.08,162,Cash
ORD00521,27-03-2025,Vivek Patel,Electronics,Tablet,Meerut,Uttar Pradesh,3,95607,0.02,11759.66,Wallet
ORD00522,20-06-2026,Rohit Jain,Grocery,Tea,Ghaziabad,Uttar Pradesh,1,109,0.1,7.08,UPI
ORD00523,20-04-2025,Neha Mehta,Grocery,Sugar,Chandigarh,Chandigarh,3,5262,0.05,434.12,Wallet
ORD00524,10-01-2026,Tanya Gupta,Clothing,Jacket,Ahmedabad,Gujarat,5,18845,0.1,3486.32,Net Banking
ORD00525,15-01-2026,Varun Jain,Furniture,Sofa,Mumbai,Maharashtra,5,83045,0.02,14366.78,Net Banking
ORD00526,22-05-2025,Rohit Verma,Clothing,Jacket,Pune,Maharashtra,3,10683,0.15,1789.4,Net Banking
ORD00527,18-07-2026,Tanya Sharma,Furniture,Office Chair,Ghaziabad,Uttar Pradesh,5,69625,0.05,11314.06,Card
ORD00528,22-03-2026,Priya Kumar,Grocery,Rice,Kolkata,West Bengal,1,675,0.08,48.6,Cash
ORD00529,29-01-2026,Riya Patel,Furniture,Bookshelf,Noida,Uttar Pradesh,5,10185,0.15,1298.59,Wallet
ORD00530,22-05-2026,Sneha Sharma,Clothing,Dress,Pune,Maharashtra,1,1735,0.15,290.61,Card
ORD00531,26-08-2025,Tanya Singh,Clothing,Jeans,Delhi,Delhi,5,22410,0.1,4145.85,UPI
ORD00532,10-10-2025,Riya Yadav,Clothing,Jeans,Bengaluru,Karnataka,1,1589,0,349.58,Net Banking
ORD00533,17-07-2026,Vivek Jain,Grocery,Sugar,Mumbai,Maharashtra,1,361,0,36.1,Wallet
ORD00534,19-07-2025,Sneha Mehta,Clothing,Jacket,Ahmedabad,Gujarat,3,6459,0.1,1194.91,Wallet
ORD00535,27-07-2026,Priya Jain,Electronics,Headphones,Meerut,Uttar Pradesh,4,135104,0,17563.52,Cash
ORD00536,12-08-2026,Simran Kaur,Clothing,T-Shirt,Kolkata,West Bengal,5,12055,0.1,2230.18,Net Banking
ORD00537,17-04-2026,Shivam Sharma,Grocery,Sugar,Kolkata,West Bengal,3,5877,0.15,279.16,Net Banking
ORD00538,24-08-2025,Anjali Mehta,Electronics,Headphones,Noida,Uttar Pradesh,4,168508,0.02,20726.48,Cash
ORD00539,17-12-2025,Priya Jain,Electronics,Headphones,Ghaziabad,Uttar Pradesh,3,20085,0.08,2048.67,Card
ORD00540,07-07-2025,Pooja Kaur,Grocery,Biscuits,Agra,Uttar Pradesh,2,4858,0.05,400.79,Card
ORD00541,27-07-2025,Karan Patel,Furniture,Filing Cabinet,Ghaziabad,Uttar Pradesh,3,22725,0.02,3931.42,Cash
ORD00542,20-05-2026,Tanya Sharma,Furniture,Office Chair,Noida,Uttar Pradesh,1,22945,0.15,2925.49,Wallet
ORD00543,12-08-2026,Simran Kaur,Electronics,Printer,Agra,Uttar Pradesh,5,106355,0.08,10848.21,Card
ORD00544,23-06-2026,Nikhil Kaur,Clothing,Shoes,Ghaziabad,Uttar Pradesh,5,6750,0,1485,Wallet
ORD00545,14-04-2026,Rohit Jain,Electronics,Smartphone,Jaipur,Rajasthan,6,308694,0.02,37969.36,Net Banking
ORD00546,18-08-2026,Rohit Yadav,Clothing,Dress,Delhi,Delhi,1,2026,0.08,388.99,Cash
ORD00547,28-04-2026,Tanya Yadav,Clothing,Jeans,Mumbai,Maharashtra,3,6726,0.05,1362.02,Cash
ORD00548,17-01-2026,Mohit Mehta,Furniture,Sofa,Jaipur,Rajasthan,2,29064,0.15,3705.66,Cash
ORD00549,23-08-2025,Rohit Gupta,Grocery,Atta,Pune,Maharashtra,2,4876,0.15,231.61,Card
ORD00550,10-01-2025,Arjun Mehta,Grocery,Spices,Ghaziabad,Uttar Pradesh,2,1384,0.08,99.65,Net Banking
ORD00551,14-05-2026,Vivek Gupta,Furniture,Filing Cabinet,Mumbai,Maharashtra,5,122055,0.05,19833.94,Wallet
ORD00552,09-08-2025,Simran Kaur,Electronics,Tablet,Noida,Uttar Pradesh,6,67824,0,8817.12,UPI
ORD00553,25-07-2026,Simran Yadav,Grocery,Biscuits,Lucknow,Uttar Pradesh,3,4665,0.1,303.23,UPI
ORD00554,13-08-2026,Varun Singh,Grocery,Cooking Oil,Agra,Uttar Pradesh,6,5364,0.1,348.66,Cash
ORD00555,03-04-2026,Priya Mehta,Clothing,Jacket,Bengaluru,Karnataka,5,21465,0.15,3595.39,Wallet
ORD00556,12-12-2025,Nikhil Patel,Clothing,Shoes,Bengaluru,Karnataka,2,3344,0.15,560.12,Wallet
ORD00557,18-11-2025,Anjali Gupta,Grocery,Cooking Oil,Noida,Uttar Pradesh,2,2974,0.02,276.58,Cash
ORD00558,07-04-2026,Nikhil Singh,Grocery,Tea,Kota,Rajasthan,3,7452,0.1,484.38,Card
ORD00559,23-03-2025,Pooja Singh,Electronics,Keyboard,Chandigarh,Chandigarh,2,87972,0.05,9896.85,Net Banking
ORD00560,27-01-2025,Riya Jain,Electronics,Monitor,Noida,Uttar Pradesh,4,146168,0,19001.84,UPI
ORD00561,04-02-2026,Vivek Verma,Electronics,Headphones,Pune,Maharashtra,2,12250,0.15,949.38,Card
ORD00562,24-06-2025,Rahul Sharma,Clothing,Shoes,Bengaluru,Karnataka,2,2750,0.1,508.75,Cash
ORD00563,16-07-2026,Sneha Singh,Clothing,Hoodie,Kota,Rajasthan,4,18912,0.05,3829.68,Wallet
ORD00564,01-08-2026,Nikhil Jain,Furniture,Desk Lamp,Pune,Maharashtra,4,85912,0.15,10953.78,Wallet
ORD00565,29-03-2026,Vivek Yadav,Clothing,Jacket,Kota,Rajasthan,5,10800,0,2376,Net Banking
ORD00566,20-05-2025,Mohit Gupta,Clothing,Jeans,Lucknow,Uttar Pradesh,1,300,0.1,55.5,Net Banking
ORD00567,17-03-2026,Vivek Patel,Electronics,Printer,Kolkata,West Bengal,4,80940,0,10522.2,Card
ORD00568,24-03-2026,Riya Verma,Electronics,Smartphone,Ghaziabad,Uttar Pradesh,4,233652,0.1,22196.94,Card
ORD00569,03-09-2025,Komal Patel,Grocery,Spices,Ghaziabad,Uttar Pradesh,3,1212,0.08,87.26,Cash
ORD00570,12-07-2025,Priya Singh,Clothing,Dress,Chandigarh,Chandigarh,5,12510,0.08,2401.92,Card
ORD00571,19-05-2026,Pooja Yadav,Clothing,T-Shirt,Bengaluru,Karnataka,4,16036,0.05,3247.29,UPI
ORD00572,16-10-2025,Simran Singh,Furniture,Office Chair,Mumbai,Maharashtra,1,6892,0,1240.56,Net Banking
ORD00573,11-08-2025,Anjali Mehta,Electronics,Mouse,Noida,Uttar Pradesh,2,3130,0.08,319.26,Cash
ORD00574,24-03-2025,Neha Sharma,Grocery,Biscuits,Kota,Rajasthan,6,1254,0.05,103.45,Cash
ORD00575,14-09-2025,Riya Sharma,Grocery,Cooking Oil,Mumbai,Maharashtra,4,3292,0.02,306.16,UPI
ORD00576,04-02-2025,Pooja Kaur,Furniture,Sofa,Kolkata,West Bengal,4,35596,0.15,4538.49,UPI
ORD00577,12-06-2025,Amit Jain,Furniture,Sofa,Jaipur,Rajasthan,6,66162,0.05,10751.33,Wallet
ORD00578,05-01-2026,Amit Verma,Electronics,Headphones,Kota,Rajasthan,6,121098,0.02,14895.05,UPI
ORD00579,10-10-2025,Shivam Kumar,Furniture,Filing Cabinet,Jaipur,Rajasthan,3,3879,0.02,671.07,Net Banking
ORD00580,08-06-2025,Mohit Kumar,Furniture,Office Chair,Delhi,Delhi,5,117170,0.08,17809.84,Card
ORD00581,03-03-2025,Amit Yadav,Furniture,Sofa,Noida,Uttar Pradesh,6,126426,0.05,20544.23,Card
ORD00582,22-12-2025,Sneha Verma,Electronics,Keyboard,Kota,Rajasthan,2,42714,0.1,4057.83,UPI
ORD00583,12-05-2026,Sneha Jain,Grocery,Biscuits,Chandigarh,Chandigarh,2,2212,0,221.2,Cash
ORD00584,28-11-2025,Sneha Gupta,Grocery,Sugar,Pune,Maharashtra,2,4612,0.05,380.49,Wallet
ORD00585,27-09-2025,Varun Yadav,Furniture,Office Chair,Mumbai,Maharashtra,2,31050,0.05,5045.62,Net Banking
ORD00586,08-01-2026,Tanya Verma,Electronics,Tablet,Chandigarh,Chandigarh,2,116926,0,15200.38,Cash
ORD00587,19-07-2026,Neha Patel,Electronics,Tablet,Ghaziabad,Uttar Pradesh,5,226875,0.08,23141.25,Cash
ORD00588,20-06-2026,Priya Sharma,Clothing,Shoes,Bengaluru,Karnataka,3,3612,0,794.64,Card
ORD00589,12-04-2025,Amit Patel,Furniture,Office Chair,Ghaziabad,Uttar Pradesh,1,16704,0.02,2889.79,Net Banking
ORD00590,14-03-2025,Rahul Verma,Grocery,Tea,Delhi,Delhi,3,2952,0.1,191.88,Net Banking
ORD00591,26-07-2026,Nikhil Yadav,Electronics,Printer,Kolkata,West Bengal,6,27468,0.05,3090.15,UPI
ORD00592,21-03-2025,Pooja Jain,Clothing,Kurta,Delhi,Delhi,6,5256,0.05,1064.34,UPI
ORD00593,23-06-2026,Karan Patel,Electronics,Mouse,Mumbai,Maharashtra,4,52064,0.02,6403.87,Card
ORD00594,15-04-2026,Nikhil Kumar,Grocery,Cooking Oil,Kolkata,West Bengal,6,14646,0.05,1208.3,Card
ORD00595,11-06-2025,Varun Patel,Furniture,Desk Lamp,Jaipur,Rajasthan,5,59295,0.15,7560.11,Net Banking
ORD00596,17-03-2026,Anjali Patel,Clothing,Jacket,Mumbai,Maharashtra,3,10035,0.08,1926.72,Card
ORD00597,09-04-2026,Sneha Mehta,Furniture,Sofa,Kolkata,West Bengal,5,45625,0.05,7414.06,UPI
ORD00598,06-11-2025,Rahul Gupta,Electronics,Headphones,Pune,Maharashtra,1,34522,0.02,4246.21,Card
ORD00599,08-06-2026,Varun Patel,Furniture,Bookshelf,Delhi,Delhi,6,59052,0.1,8562.54,Wallet
ORD00600,22-05-2025,Simran Yadav,Furniture,Office Chair,Delhi,Delhi,4,49816,0.02,8618.17,Wallet
ORD00601,14-02-2026,Shivam Verma,Furniture,Table,Lucknow,Uttar Pradesh,3,11433,0.1,1657.78,UPI
ORD00602,14-08-2026,Rohit Patel,Clothing,Hoodie,Kota,Rajasthan,2,8598,0.15,1440.17,Cash
ORD00603,23-12-2025,Nikhil Mehta,Electronics,Tablet,Noida,Uttar Pradesh,1,51121,0.05,5751.11,UPI
ORD00604,27-01-2026,Amit Gupta,Furniture,Filing Cabinet,Bengaluru,Karnataka,5,5870,0.15,748.43,Wallet
ORD00605,30-05-2026,Karan Singh,Electronics,Smartphone,Mumbai,Maharashtra,5,52010,0.05,5851.12,UPI
ORD00606,03-04-2025,Karan Mehta,Grocery,Pulses,Kolkata,West Bengal,5,12180,0.1,791.7,Cash
ORD00607,09-08-2026,Amit Jain,Grocery,Atta,Meerut,Uttar Pradesh,3,1254,0.08,90.29,Net Banking
ORD00608,14-05-2025,Neha Kaur,Clothing,T-Shirt,Jaipur,Rajasthan,5,19295,0.15,3231.91,Wallet
ORD00609,29-07-2026,Tanya Jain,Furniture,Sofa,Jaipur,Rajasthan,6,117126,0.02,20262.8,Card
ORD00610,13-08-2026,Priya Kumar,Furniture,Office Chair,Lucknow,Uttar Pradesh,4,45588,0.15,5812.47,Net Banking
ORD00611,25-01-2025,Vivek Singh,Grocery,Biscuits,Agra,Uttar Pradesh,2,2786,0.05,229.84,Cash
ORD00612,18-01-2026,Neha Kumar,Grocery,Atta,Kota,Rajasthan,1,1036,0.02,96.35,UPI
ORD00613,15-01-2025,Anjali Kumar,Electronics,Mouse,Pune,Maharashtra,2,115068,0.05,12945.15,Cash
ORD00614,05-07-2026,Pooja Verma,Grocery,Pulses,Delhi,Delhi,3,2808,0.15,133.38,Wallet
ORD00615,19-01-2025,Riya Patel,Clothing,Kurta,Kota,Rajasthan,5,7285,0.15,1220.24,Wallet
ORD00616,05-10-2025,Amit Kaur,Electronics,Headphones,Meerut,Uttar Pradesh,1,19213,0.02,2363.2,UPI
ORD00617,04-01-2026,Rohit Sharma,Electronics,Tablet,Bengaluru,Karnataka,3,132147,0.15,10241.39,Cash
ORD00618,12-05-2026,Tanya Jain,Grocery,Sugar,Jaipur,Rajasthan,5,2435,0.05,200.89,UPI
ORD00619,23-01-2025,Amit Verma,Furniture,Table,Mumbai,Maharashtra,4,76688,0.15,9777.72,Wallet
ORD00620,22-12-2025,Mohit Yadav,Clothing,Jacket,Kota,Rajasthan,4,6344,0,1395.68,Cash
ORD00621,01-02-2026,Rahul Jain,Furniture,Desk Lamp,Lucknow,Uttar Pradesh,1,21305,0.05,3462.06,Cash
ORD00622,31-03-2025,Riya Jain,Furniture,Table,Agra,Uttar Pradesh,4,89304,0.02,15449.59,Wallet
ORD00623,16-11-2025,Tanya Yadav,Furniture,Sofa,Ghaziabad,Uttar Pradesh,5,29025,0.08,4411.8,Net Banking
ORD00624,27-07-2025,Neha Gupta,Furniture,Table,Bengaluru,Karnataka,2,39678,0.1,5753.31,Wallet
ORD00625,11-06-2025,Anjali Kumar,Furniture,Sofa,Kolkata,West Bengal,2,44606,0.1,6467.87,Wallet
ORD00626,23-11-2025,Nikhil Mehta,Electronics,Keyboard,Agra,Uttar Pradesh,2,96498,0,12544.74,Cash
ORD00627,09-07-2025,Rahul Patel,Grocery,Tea,Meerut,Uttar Pradesh,2,1034,0.02,96.16,Wallet
ORD00628,26-08-2025,Karan Sharma,Clothing,Kurta,Pune,Maharashtra,5,10955,0.1,2026.67,Cash
ORD00629,26-04-2026,Mohit Singh,Electronics,Printer,Meerut,Uttar Pradesh,5,280260,0.1,26624.7,Net Banking
ORD00630,03-02-2025,Nikhil Sharma,Grocery,Pulses,Meerut,Uttar Pradesh,2,1742,0.02,162.01,Cash
ORD00631,09-03-2025,Arjun Kaur,Grocery,Sugar,Chandigarh,Chandigarh,6,5460,0.02,507.78,Wallet
ORD00632,19-02-2026,Amit Patel,Grocery,Biscuits,Ahmedabad,Gujarat,4,4360,0.08,313.92,Net Banking
ORD00633,04-07-2026,Komal Sharma,Clothing,Shoes,Pune,Maharashtra,6,29910,0.1,5533.35,Wallet
ORD00634,16-06-2026,Varun Mehta,Electronics,Printer,Kota,Rajasthan,1,58126,0.02,7149.5,UPI
ORD00635,08-11-2025,Vivek Kaur,Grocery,Rice,Ghaziabad,Uttar Pradesh,3,5640,0.08,406.08,Card
ORD00636,20-04-2026,Sneha Kumar,Grocery,Tea,Pune,Maharashtra,1,2197,0.02,204.32,Wallet
ORD00637,14-07-2026,Neha Mehta,Electronics,Keyboard,Kolkata,West Bengal,5,296050,0.15,22943.88,Net Banking
ORD00638,26-07-2025,Sneha Kumar,Clothing,Shoes,Delhi,Delhi,2,8032,0.1,1485.92,Cash
ORD00639,07-05-2025,Priya Kumar,Clothing,Dress,Bengaluru,Karnataka,6,9858,0.15,1651.22,Net Banking
ORD00640,08-06-2026,Tanya Singh,Clothing,T-Shirt,Mumbai,Maharashtra,6,20676,0.15,3463.23,Net Banking
ORD00641,03-06-2025,Arjun Singh,Grocery,Rice,Kolkata,West Bengal,2,2904,0.1,188.76,Card
ORD00642,23-10-2025,Arjun Kumar,Electronics,Tablet,Lucknow,Uttar Pradesh,3,145353,0.08,14826.01,Card
ORD00643,25-05-2026,Aditya Jain,Furniture,Office Chair,Pune,Maharashtra,3,3600,0.08,547.2,UPI
ORD00644,24-02-2026,Sneha Kumar,Grocery,Sugar,Ghaziabad,Uttar Pradesh,5,10140,0.08,730.08,Wallet
ORD00645,25-07-2026,Pooja Sharma,Electronics,Mouse,Mumbai,Maharashtra,3,123648,0.15,9582.72,Card
ORD00646,03-02-2025,Shivam Patel,Furniture,Office Chair,Bengaluru,Karnataka,3,6009,0.02,1039.56,Cash
ORD00647,15-06-2025,Vivek Patel,Clothing,T-Shirt,Delhi,Delhi,1,3715,0.02,791.29,Wallet
ORD00648,06-04-2025,Vivek Yadav,Furniture,Sofa,Chandigarh,Chandigarh,5,63010,0,11341.8,Cash
ORD00649,27-10-2025,Aditya Singh,Grocery,Cooking Oil,Kolkata,West Bengal,4,9336,0,933.6,UPI
ORD00650,03-08-2025,Tanya Sharma,Clothing,Jacket,Mumbai,Maharashtra,4,18388,0.02,3916.64,UPI
ORD00651,22-10-2025,Nikhil Patel,Electronics,Printer,Chandigarh,Chandigarh,6,241404,0.15,18708.81,Cash
ORD00652,31-07-2026,Aditya Jain,Clothing,Kurta,Pune,Maharashtra,5,15990,0.02,3405.87,Net Banking
ORD00653,02-01-2025,Rohit Sharma,Grocery,Atta,Pune,Maharashtra,2,2538,0.02,236.03,Net Banking
ORD00654,16-02-2025,Anjali Yadav,Electronics,Mouse,Kolkata,West Bengal,5,138865,0.08,14164.23,Wallet
ORD00655,18-09-2025,Priya Gupta,Furniture,Office Chair,Bengaluru,Karnataka,2,46820,0.05,7608.25,Cash
ORD00656,10-02-2026,Shivam Patel,Clothing,Hoodie,Delhi,Delhi,1,3030,0.05,613.58,UPI
ORD00657,01-05-2026,Amit Singh,Furniture,Table,Agra,Uttar Pradesh,3,68505,0.08,10412.76,Net Banking
ORD00658,28-02-2026,Amit Jain,Furniture,Filing Cabinet,Kota,Rajasthan,5,58900,0.08,8952.8,Cash
ORD00659,06-12-2025,Mohit Kumar,Clothing,Kurta,Mumbai,Maharashtra,1,2006,0.1,371.11,Card
ORD00660,02-07-2026,Arjun Patel,Clothing,Hoodie,Delhi,Delhi,3,10119,0.15,1694.93,Wallet
ORD00661,19-11-2025,Amit Gupta,Grocery,Atta,Pune,Maharashtra,1,1342,0.15,63.75,Net Banking
ORD00662,10-08-2025,Komal Gupta,Electronics,Printer,Ghaziabad,Uttar Pradesh,3,90648,0.05,10197.9,Card
ORD00663,05-04-2025,Sneha Jain,Electronics,Smartphone,Kolkata,West Bengal,1,51573,0.02,6343.48,UPI
ORD00664,21-06-2026,Vivek Yadav,Grocery,Atta,Ghaziabad,Uttar Pradesh,3,6180,0.15,293.55,Card
ORD00665,01-02-2026,Komal Kumar,Electronics,Keyboard,Ghaziabad,Uttar Pradesh,6,17970,0.08,1832.94,UPI
ORD00666,24-04-2026,Amit Kumar,Clothing,T-Shirt,Bengaluru,Karnataka,5,5065,0.05,1025.66,Wallet
ORD00667,25-07-2025,Pooja Gupta,Clothing,T-Shirt,Pune,Maharashtra,3,6057,0.05,1226.54,Cash
ORD00668,02-06-2025,Arjun Gupta,Clothing,Hoodie,Kota,Rajasthan,6,7578,0.05,1534.55,UPI
ORD00669,23-11-2025,Simran Singh,Electronics,Monitor,Ghaziabad,Uttar Pradesh,5,117790,0.1,11190.05,Cash
ORD00670,08-07-2026,Sneha Sharma,Furniture,Table,Noida,Uttar Pradesh,3,62685,0.05,10186.31,Card
ORD00671,25-02-2025,Priya Mehta,Electronics,Printer,Bengaluru,Karnataka,1,7542,0.08,769.28,Net Banking
ORD00672,02-04-2026,Tanya Yadav,Furniture,Filing Cabinet,Pune,Maharashtra,5,107130,0.15,13659.08,Cash
ORD00673,22-04-2026,Shivam Singh,Clothing,Hoodie,Ghaziabad,Uttar Pradesh,6,28020,0,6164.4,UPI
ORD00674,26-08-2025,Karan Singh,Grocery,Cooking Oil,Kota,Rajasthan,3,5958,0.08,428.98,Wallet
ORD00675,10-04-2026,Aditya Sharma,Clothing,Jacket,Jaipur,Rajasthan,2,6012,0.05,1217.43,UPI
ORD00676,17-10-2025,Mohit Patel,Grocery,Cooking Oil,Agra,Uttar Pradesh,4,7876,0.02,732.47,Wallet
ORD00677,30-11-2025,Varun Kumar,Furniture,Desk Lamp,Noida,Uttar Pradesh,4,96820,0,17427.6,Cash
ORD00678,07-09-2025,Varun Singh,Grocery,Spices,Pune,Maharashtra,4,4228,0.1,274.82,Net Banking
ORD00679,22-03-2026,Shivam Yadav,Grocery,Cooking Oil,Agra,Uttar Pradesh,2,5000,0.08,360,Wallet
ORD00680,11-08-2026,Aditya Kumar,Furniture,Table,Bengaluru,Karnataka,6,20112,0.15,2564.28,Wallet
ORD00681,12-11-2025,Riya Kumar,Grocery,Biscuits,Mumbai,Maharashtra,1,1903,0.02,176.98,Wallet
ORD00682,04-03-2025,Priya Verma,Electronics,Tablet,Agra,Uttar Pradesh,4,171480,0.15,13289.7,Card
ORD00683,26-10-2025,Riya Patel,Electronics,Keyboard,Bengaluru,Karnataka,2,60572,0.1,5754.34,Wallet
ORD00684,07-08-2026,Vivek Mehta,Grocery,Sugar,Ghaziabad,Uttar Pradesh,6,8256,0.05,681.12,Cash
ORD00685,29-10-2025,Amit Yadav,Electronics,Laptop,Pune,Maharashtra,5,135445,0.02,16659.74,Wallet
ORD00686,23-04-2025,Vivek Sharma,Electronics,Laptop,Chandigarh,Chandigarh,5,271940,0.05,30593.25,Card
ORD00687,26-01-2026,Nikhil Jain,Grocery,Spices,Bengaluru,Karnataka,3,4941,0.08,355.75,Card
ORD00688,04-01-2026,Nikhil Singh,Furniture,Sofa,Meerut,Uttar Pradesh,2,38000,0.08,5776,Cash
ORD00689,28-05-2025,Aditya Mehta,Furniture,Table,Delhi,Delhi,1,22046,0,3968.28,Card
ORD00690,12-03-2026,Tanya Singh,Electronics,Keyboard,Bengaluru,Karnataka,4,227880,0.08,23243.76,Net Banking
ORD00691,11-03-2026,Tanya Sharma,Grocery,Pulses,Jaipur,Rajasthan,3,3012,0.02,280.12,Wallet
ORD00692,14-07-2026,Shivam Yadav,Grocery,Sugar,Chandigarh,Chandigarh,5,5910,0.08,425.52,UPI
ORD00693,09-05-2026,Priya Singh,Electronics,Printer,Chandigarh,Chandigarh,3,24048,0.1,2284.56,Wallet
ORD00694,01-04-2025,Karan Kaur,Clothing,Shoes,Mumbai,Maharashtra,1,4587,0.1,848.6,UPI
ORD00695,26-04-2026,Sneha Jain,Clothing,Kurta,Delhi,Delhi,3,14046,0,3090.12,Net Banking
ORD00696,06-02-2025,Tanya Gupta,Clothing,Shoes,Agra,Uttar Pradesh,3,8007,0.02,1705.49,Wallet
ORD00697,22-02-2025,Vivek Patel,Clothing,T-Shirt,Bengaluru,Karnataka,4,6740,0.1,1246.9,UPI
ORD00698,12-10-2025,Simran Singh,Clothing,Shoes,Noida,Uttar Pradesh,2,8882,0,1954.04,Wallet
ORD00699,25-04-2025,Tanya Singh,Clothing,Jacket,Ahmedabad,Gujarat,3,1248,0.15,209.04,Wallet
ORD00700,30-08-2025,Aditya Singh,Furniture,Filing Cabinet,Kota,Rajasthan,3,19641,0.05,3191.66,Wallet
ORD00701,23-05-2026,Nikhil Mehta,Electronics,Smartphone,Noida,Uttar Pradesh,2,79258,0.02,9748.73,Card
ORD00702,28-09-2025,Rohit Sharma,Grocery,Atta,Ghaziabad,Uttar Pradesh,5,7465,0,746.5,Card
ORD00703,30-06-2026,Karan Mehta,Grocery,Spices,Kota,Rajasthan,3,6090,0.15,289.28,Net Banking
ORD00704,23-10-2025,Sneha Mehta,Grocery,Tea,Meerut,Uttar Pradesh,5,9300,0,930,Cash
ORD00705,07-10-2025,Anjali Gupta,Electronics,Monitor,Mumbai,Maharashtra,6,142728,0.08,14558.26,Cash
ORD00706,05-09-2025,Shivam Verma,Electronics,Headphones,Bengaluru,Karnataka,5,131170,0.08,13379.34,Wallet
ORD00707,11-01-2025,Rahul Kumar,Clothing,Dress,Chandigarh,Chandigarh,2,5732,0.1,1060.42,UPI
ORD00708,13-08-2025,Vivek Gupta,Grocery,Cooking Oil,Mumbai,Maharashtra,1,1906,0.05,157.25,Card
ORD00709,11-08-2025,Tanya Kumar,Electronics,Laptop,Pune,Maharashtra,1,4327,0.1,411.06,UPI
ORD00710,03-08-2026,Arjun Kumar,Electronics,Keyboard,Jaipur,Rajasthan,6,303960,0.15,23556.9,Card
ORD00711,10-04-2026,Simran Mehta,Clothing,Jacket,Kota,Rajasthan,6,5520,0.15,924.6,Cash
ORD00712,27-01-2026,Riya Yadav,Clothing,Jeans,Kolkata,West Bengal,1,2571,0,565.62,UPI
ORD00713,19-05-2026,Pooja Patel,Clothing,Hoodie,Lucknow,Uttar Pradesh,2,7818,0,1719.96,Net Banking
ORD00714,18-03-2026,Pooja Patel,Furniture,Filing Cabinet,Kota,Rajasthan,1,5514,0.1,799.53,UPI
ORD00715,09-08-2026,Simran Kaur,Grocery,Tea,Noida,Uttar Pradesh,1,378,0,37.8,UPI
ORD00716,04-02-2026,Simran Singh,Grocery,Atta,Bengaluru,Karnataka,6,498,0,49.8,Cash
ORD00717,23-03-2026,Riya Kumar,Grocery,Rice,Mumbai,Maharashtra,6,12534,0.08,902.45,Wallet
ORD00718,04-08-2026,Varun Yadav,Furniture,Office Chair,Jaipur,Rajasthan,6,99576,0,17923.68,Cash
ORD00719,02-07-2026,Anjali Kumar,Clothing,Shoes,Delhi,Delhi,6,6252,0.05,1266.03,Net Banking
ORD00720,29-01-2026,Pooja Gupta,Clothing,Dress,Ghaziabad,Uttar Pradesh,2,9684,0,2130.48,Net Banking
ORD00721,25-03-2026,Pooja Singh,Electronics,Smartphone,Kota,Rajasthan,1,58613,0.15,4542.51,UPI
ORD00722,03-02-2026,Priya Jain,Furniture,Office Chair,Chandigarh,Chandigarh,5,43070,0.08,6546.64,Cash
ORD00723,12-12-2025,Amit Mehta,Grocery,Pulses,Delhi,Delhi,1,1469,0,146.9,UPI
ORD00724,04-07-2026,Neha Patel,Furniture,Filing Cabinet,Bengaluru,Karnataka,5,79095,0.15,10084.61,Card
ORD00725,20-01-2025,Aditya Patel,Electronics,Laptop,Chandigarh,Chandigarh,2,65280,0.15,5059.2,UPI
ORD00726,21-02-2025,Vivek Kumar,Furniture,Filing Cabinet,Bengaluru,Karnataka,2,2540,0.02,439.42,Net Banking
ORD00727,14-08-2025,Priya Verma,Furniture,Desk Lamp,Noida,Uttar Pradesh,1,4541,0.08,690.23,Net Banking
ORD00728,04-05-2025,Shivam Jain,Clothing,Hoodie,Ahmedabad,Gujarat,6,21558,0.05,4365.49,Card
ORD00729,27-06-2025,Anjali Kumar,Clothing,Hoodie,Kolkata,West Bengal,2,1346,0.1,249.01,UPI
ORD00730,14-01-2026,Varun Singh,Clothing,Jeans,Kolkata,West Bengal,4,6704,0.15,1122.92,Net Banking
ORD00731,21-01-2026,Arjun Sharma,Furniture,Desk Lamp,Delhi,Delhi,2,8150,0.15,1039.12,Net Banking
ORD00732,31-08-2026,Vivek Mehta,Electronics,Laptop,Delhi,Delhi,2,12882,0.15,998.36,Net Banking
ORD00733,07-04-2026,Nikhil Verma,Furniture,Table,Meerut,Uttar Pradesh,6,58068,0.1,8419.86,Card
ORD00734,05-11-2025,Mohit Mehta,Electronics,Keyboard,Chandigarh,Chandigarh,4,162844,0,21169.72,UPI
ORD00735,06-01-2026,Varun Jain,Furniture,Table,Noida,Uttar Pradesh,5,19675,0.1,2852.88,Card
ORD00736,02-06-2025,Aditya Kaur,Grocery,Sugar,Lucknow,Uttar Pradesh,1,873,0,87.3,Card
ORD00737,19-10-2025,Pooja Mehta,Furniture,Filing Cabinet,Delhi,Delhi,1,21930,0.05,3563.62,Cash
ORD00738,23-02-2025,Varun Singh,Clothing,Kurta,Kolkata,West Bengal,4,2616,0,575.52,Card
ORD00739,01-04-2026,Shivam Patel,Electronics,Printer,Mumbai,Maharashtra,1,5243,0.02,644.89,Cash
ORD00740,23-04-2025,Anjali Verma,Grocery,Sugar,Chandigarh,Chandigarh,6,8484,0.02,789.01,UPI
ORD00741,17-03-2025,Aditya Patel,Furniture,Filing Cabinet,Jaipur,Rajasthan,2,26210,0.02,4534.33,Net Banking
ORD00742,02-07-2025,Riya Yadav,Electronics,Tablet,Meerut,Uttar Pradesh,2,81078,0.08,8269.96,Card
ORD00743,10-12-2025,Neha Sharma,Grocery,Sugar,Bengaluru,Karnataka,3,3552,0.02,330.34,Wallet
ORD00744,15-04-2026,Nikhil Singh,Electronics,Headphones,Meerut,Uttar Pradesh,1,56413,0.08,5754.13,Cash
ORD00745,24-06-2025,Shivam Jain,Furniture,Bookshelf,Pune,Maharashtra,2,43410,0.1,6294.45,Card
ORD00746,29-08-2026,Aditya Kaur,Electronics,Tablet,Ahmedabad,Gujarat,5,163305,0.02,20086.51,Cash
ORD00747,21-03-2026,Shivam Verma,Electronics,Tablet,Chandigarh,Chandigarh,2,33682,0.05,3789.22,Wallet
ORD00748,27-04-2026,Komal Sharma,Furniture,Desk Lamp,Delhi,Delhi,4,8996,0,1619.28,Net Banking
ORD00749,23-05-2026,Karan Kumar,Grocery,Pulses,Kolkata,West Bengal,6,2886,0.08,207.79,Wallet
ORD00750,02-09-2025,Priya Sharma,Electronics,Tablet,Ghaziabad,Uttar Pradesh,2,48176,0.05,5419.8,Net Banking
ORD00751,21-08-2026,Rahul Kaur,Clothing,Jeans,Chandigarh,Chandigarh,4,19888,0.15,3331.24,Net Banking
ORD00752,21-04-2026,Rahul Kumar,Furniture,Filing Cabinet,Jaipur,Rajasthan,2,25874,0.15,3298.93,Net Banking
ORD00753,10-07-2026,Shivam Verma,Clothing,Kurta,Delhi,Delhi,3,11364,0.05,2301.21,UPI
ORD00754,24-04-2025,Riya Yadav,Clothing,Dress,Delhi,Delhi,5,16405,0,3609.1,Net Banking
ORD00755,10-03-2025,Varun Verma,Electronics,Smartphone,Agra,Uttar Pradesh,2,86156,0.1,8184.82,Card
ORD00756,18-08-2026,Pooja Verma,Clothing,Jeans,Mumbai,Maharashtra,1,4219,0.15,706.68,Cash
ORD00757,25-02-2025,Priya Yadav,Clothing,Jacket,Mumbai,Maharashtra,6,22584,0.05,4573.26,Cash
ORD00758,29-06-2026,Varun Gupta,Grocery,Pulses,Mumbai,Maharashtra,5,2910,0.08,209.52,Net Banking
ORD00759,14-04-2026,Priya Kumar,Clothing,Hoodie,Bengaluru,Karnataka,6,5022,0.02,1069.69,Net Banking
ORD00760,25-04-2025,Neha Kaur,Furniture,Bookshelf,Noida,Uttar Pradesh,1,6199,0.05,1007.34,Card
ORD00761,09-07-2026,Neha Kaur,Furniture,Desk Lamp,Bengaluru,Karnataka,1,10406,0.08,1581.71,Cash
ORD00762,13-07-2025,Priya Sharma,Grocery,Pulses,Chandigarh,Chandigarh,6,1002,0.05,82.67,Card
ORD00763,31-08-2026,Komal Jain,Clothing,Shoes,Pune,Maharashtra,3,8919,0.08,1712.45,Net Banking
ORD00764,24-09-2025,Karan Kaur,Grocery,Tea,Pune,Maharashtra,2,2670,0.02,248.31,Cash
ORD00765,19-10-2025,Sneha Singh,Clothing,Hoodie,Ahmedabad,Gujarat,1,1515,0.05,306.79,Wallet
ORD00766,07-06-2025,Arjun Verma,Furniture,Filing Cabinet,Mumbai,Maharashtra,3,20316,0.02,3514.67,UPI
ORD00767,14-01-2026,Arjun Verma,Electronics,Smartphone,Pune,Maharashtra,2,58988,0.05,6636.15,Wallet
ORD00768,07-07-2026,Arjun Jain,Electronics,Smartphone,Agra,Uttar Pradesh,2,50078,0.08,5107.96,Cash
ORD00769,15-04-2026,Anjali Singh,Electronics,Laptop,Jaipur,Rajasthan,4,203860,0.02,25074.78,UPI
ORD00770,11-08-2026,Neha Patel,Clothing,Dress,Chandigarh,Chandigarh,3,12546,0.05,2540.57,Net Banking
ORD00771,23-05-2025,Varun Kumar,Clothing,Dress,Noida,Uttar Pradesh,6,25338,0,5574.36,Cash
ORD00772,05-04-2025,Anjali Sharma,Electronics,Tablet,Pune,Maharashtra,2,59654,0.05,6711.07,Wallet
ORD00773,24-01-2025,Priya Jain,Furniture,Desk Lamp,Mumbai,Maharashtra,2,19814,0.02,3427.82,Net Banking
ORD00774,08-06-2026,Amit Yadav,Electronics,Tablet,Ghaziabad,Uttar Pradesh,4,85696,0.1,8141.12,Net Banking
ORD00775,17-01-2026,Rahul Gupta,Furniture,Filing Cabinet,Ahmedabad,Gujarat,4,51648,0.08,7850.5,Cash
ORD00776,31-03-2026,Nikhil Kaur,Clothing,Jacket,Kota,Rajasthan,5,5085,0.02,1083.11,Cash
ORD00777,25-08-2026,Tanya Kumar,Furniture,Filing Cabinet,Jaipur,Rajasthan,6,86232,0.02,14918.14,Card
ORD00778,28-08-2026,Riya Kumar,Furniture,Bookshelf,Kota,Rajasthan,5,58950,0,10611,UPI
ORD00779,05-08-2026,Neha Verma,Grocery,Tea,Jaipur,Rajasthan,2,4712,0.08,339.26,Card
ORD00780,23-08-2026,Vivek Kaur,Grocery,Tea,Mumbai,Maharashtra,4,1008,0.05,83.16,Wallet
ORD00781,04-11-2025,Aditya Kumar,Grocery,Sugar,Delhi,Delhi,1,710,0.05,58.58,Cash
ORD00782,03-05-2025,Simran Kaur,Grocery,Atta,Kota,Rajasthan,6,6492,0,649.2,UPI
ORD00783,03-05-2026,Rohit Yadav,Clothing,Kurta,Kota,Rajasthan,5,19360,0.05,3920.4,Wallet
ORD00784,24-11-2025,Sneha Singh,Electronics,Headphones,Meerut,Uttar Pradesh,5,22170,0.02,2726.91,Cash
ORD00785,31-12-2025,Amit Gupta,Furniture,Office Chair,Lucknow,Uttar Pradesh,3,43638,0.15,5563.85,Cash
ORD00786,21-06-2025,Varun Yadav,Electronics,Mouse,Kolkata,West Bengal,6,75654,0,9835.02,Cash
ORD00787,02-07-2026,Shivam Yadav,Clothing,Jacket,Bengaluru,Karnataka,6,19614,0,4315.08,Card
ORD00788,26-02-2026,Anjali Singh,Electronics,Keyboard,Mumbai,Maharashtra,3,75135,0.08,7663.77,UPI
ORD00789,23-06-2026,Varun Jain,Furniture,Table,Mumbai,Maharashtra,2,13948,0.1,2022.46,UPI
ORD00790,07-05-2026,Mohit Gupta,Grocery,Pulses,Noida,Uttar Pradesh,1,617,0,61.7,Cash
ORD00791,08-11-2025,Rahul Kumar,Furniture,Sofa,Pune,Maharashtra,5,60040,0.02,10386.92,Card
ORD00792,09-05-2025,Pooja Singh,Furniture,Filing Cabinet,Meerut,Uttar Pradesh,6,49344,0.05,8018.4,UPI
ORD00793,13-02-2025,Pooja Kumar,Grocery,Cooking Oil,Noida,Uttar Pradesh,1,2063,0.08,148.54,UPI
ORD00794,05-11-2025,Rahul Kumar,Electronics,Printer,Noida,Uttar Pradesh,3,10308,0,1340.04,UPI
ORD00795,30-01-2025,Priya Singh,Furniture,Desk Lamp,Ghaziabad,Uttar Pradesh,2,45548,0.05,7401.55,Cash
ORD00796,07-08-2026,Priya Kumar,Clothing,Jacket,Meerut,Uttar Pradesh,5,11405,0.1,2109.93,Wallet
ORD00797,05-07-2026,Rahul Kumar,Electronics,Mouse,Chandigarh,Chandigarh,2,38142,0.02,4691.47,Card
ORD00798,20-04-2025,Arjun Yadav,Grocery,Biscuits,Chandigarh,Chandigarh,5,4190,0.08,301.68,Net Banking
ORD00799,18-11-2025,Rohit Kaur,Grocery,Sugar,Mumbai,Maharashtra,2,3498,0,349.8,UPI
ORD00800,25-07-2026,Amit Kumar,Furniture,Sofa,Kolkata,West Bengal,3,71676,0.05,11647.35,Cash
ORD00801,16-11-2025,Sneha Verma,Grocery,Cooking Oil,Jaipur,Rajasthan,3,5853,0.1,380.44,Wallet
ORD00802,03-05-2026,Mohit Singh,Grocery,Tea,Ahmedabad,Gujarat,4,3412,0,341.2,UPI
ORD00803,29-03-2025,Rohit Singh,Grocery,Cooking Oil,Jaipur,Rajasthan,4,8880,0.15,421.8,Net Banking
ORD00804,23-07-2025,Anjali Verma,Grocery,Cooking Oil,Chandigarh,Chandigarh,2,690,0.05,56.93,Wallet
ORD00805,19-08-2026,Shivam Gupta,Grocery,Cooking Oil,Ghaziabad,Uttar Pradesh,4,8496,0.05,700.92,Net Banking
ORD00806,08-06-2026,Simran Singh,Clothing,Shoes,Bengaluru,Karnataka,5,18065,0.08,3468.48,Net Banking
ORD00807,18-05-2025,Rahul Kumar,Electronics,Monitor,Lucknow,Uttar Pradesh,4,132756,0.02,16328.99,UPI
ORD00808,01-12-2025,Neha Gupta,Electronics,Printer,Bengaluru,Karnataka,1,12337,0.08,1258.37,Wallet
ORD00809,23-04-2026,Pooja Gupta,Electronics,Monitor,Bengaluru,Karnataka,5,254515,0.08,25960.53,Net Banking
ORD00810,19-01-2025,Amit Mehta,Grocery,Tea,Mumbai,Maharashtra,3,6882,0.1,447.33,UPI
ORD00811,06-02-2025,Amit Singh,Grocery,Pulses,Agra,Uttar Pradesh,4,7568,0.08,544.9,Wallet
ORD00812,16-11-2025,Riya Kaur,Clothing,Dress,Meerut,Uttar Pradesh,4,15312,0.02,3261.46,UPI
ORD00813,27-02-2025,Riya Gupta,Grocery,Pulses,Kota,Rajasthan,5,3600,0.1,234,Net Banking
ORD00814,29-01-2025,Shivam Sharma,Grocery,Biscuits,Kolkata,West Bengal,3,4176,0,417.6,Card
ORD00815,16-12-2025,Riya Kumar,Clothing,Jacket,Kolkata,West Bengal,6,3120,0.15,522.6,Net Banking
ORD00816,08-09-2025,Karan Verma,Clothing,Jacket,Jaipur,Rajasthan,3,2286,0.15,382.91,Cash
ORD00817,23-06-2025,Rahul Jain,Electronics,Monitor,Ahmedabad,Gujarat,3,24303,0.05,2734.09,Cash
ORD00818,08-03-2026,Simran Sharma,Electronics,Printer,Bengaluru,Karnataka,4,151308,0.1,14374.26,Net Banking
ORD00819,10-08-2026,Rohit Kaur,Electronics,Smartphone,Jaipur,Rajasthan,5,130890,0.05,14725.12,UPI
ORD00820,20-06-2025,Tanya Gupta,Furniture,Bookshelf,Kota,Rajasthan,5,113340,0.05,18417.75,Cash
ORD00821,08-08-2025,Vivek Gupta,Grocery,Sugar,Kota,Rajasthan,6,2328,0.1,151.32,UPI
ORD00822,16-08-2026,Rohit Patel,Clothing,Kurta,Jaipur,Rajasthan,2,2106,0.15,352.75,Cash
ORD00823,03-08-2025,Mohit Kumar,Clothing,T-Shirt,Pune,Maharashtra,5,20965,0.08,4025.28,Cash
ORD00824,01-03-2026,Riya Gupta,Clothing,Shoes,Bengaluru,Karnataka,5,14330,0.02,3052.29,Wallet
ORD00825,14-08-2026,Aditya Verma,Grocery,Atta,Delhi,Delhi,6,13164,0.02,1224.25,Net Banking
ORD00826,03-03-2025,Komal Verma,Clothing,Dress,Mumbai,Maharashtra,5,19265,0.1,3564.03,Cash
ORD00827,25-02-2026,Anjali Kumar,Grocery,Atta,Ghaziabad,Uttar Pradesh,2,2618,0.08,188.5,Card
ORD00828,30-08-2025,Riya Verma,Grocery,Tea,Ahmedabad,Gujarat,3,2211,0.05,182.41,UPI
ORD00829,13-05-2026,Varun Mehta,Furniture,Table,Delhi,Delhi,2,21950,0.08,3336.4,Net Banking
ORD00830,22-09-2025,Simran Jain,Electronics,Mouse,Meerut,Uttar Pradesh,3,28623,0,3720.99,Card
ORD00831,18-11-2025,Tanya Gupta,Electronics,Printer,Kolkata,West Bengal,1,4225,0,549.25,UPI
ORD00832,24-05-2025,Karan Kumar,Grocery,Biscuits,Bengaluru,Karnataka,6,2694,0.08,193.97,Wallet
ORD00833,06-05-2025,Anjali Yadav,Electronics,Headphones,Kota,Rajasthan,1,16202,0.1,1539.19,Wallet
ORD00834,29-06-2025,Pooja Gupta,Grocery,Sugar,Jaipur,Rajasthan,2,1340,0,134,Net Banking
ORD00835,01-07-2026,Mohit Kumar,Grocery,Tea,Ahmedabad,Gujarat,5,1545,0.08,111.24,Cash
ORD00836,07-01-2026,Aditya Yadav,Grocery,Pulses,Bengaluru,Karnataka,2,2434,0.02,226.36,Cash
ORD00837,03-09-2025,Simran Jain,Electronics,Laptop,Ahmedabad,Gujarat,6,263994,0,34319.22,Net Banking
ORD00838,31-08-2025,Sneha Mehta,Clothing,Dress,Chandigarh,Chandigarh,3,3897,0.1,720.94,UPI
ORD00839,04-08-2025,Arjun Kaur,Grocery,Tea,Lucknow,Uttar Pradesh,1,1044,0.05,86.13,Cash
ORD00840,27-02-2026,Anjali Mehta,Grocery,Rice,Lucknow,Uttar Pradesh,1,2093,0.08,150.7,UPI
ORD00841,07-03-2026,Tanya Jain,Furniture,Filing Cabinet,Lucknow,Uttar Pradesh,5,14870,0.05,2416.38,Cash
ORD00842,31-03-2026,Neha Sharma,Grocery,Rice,Kolkata,West Bengal,1,832,0.15,39.52,Net Banking
ORD00843,24-04-2025,Arjun Verma,Furniture,Filing Cabinet,Lucknow,Uttar Pradesh,3,59004,0,10620.72,Wallet
ORD00844,05-05-2026,Neha Gupta,Furniture,Desk Lamp,Bengaluru,Karnataka,4,45064,0.08,6849.73,Card
ORD00845,12-01-2026,Arjun Mehta,Clothing,Hoodie,Lucknow,Uttar Pradesh,2,1982,0.08,380.54,Net Banking
ORD00846,23-08-2025,Priya Kaur,Furniture,Office Chair,Delhi,Delhi,5,110020,0.1,15952.9,Card
ORD00847,16-03-2026,Tanya Gupta,Clothing,Dress,Ahmedabad,Gujarat,2,1414,0.08,271.49,Card
ORD00848,23-06-2026,Nikhil Kaur,Electronics,Smartphone,Meerut,Uttar Pradesh,5,41450,0,5388.5,Net Banking
ORD00849,22-10-2025,Aditya Mehta,Electronics,Mouse,Chandigarh,Chandigarh,2,26174,0.05,2944.58,Card
ORD00850,13-07-2025,Nikhil Singh,Grocery,Sugar,Pune,Maharashtra,2,2478,0.15,117.71,Net Banking
ORD00851,07-04-2026,Karan Yadav,Furniture,Office Chair,Lucknow,Uttar Pradesh,3,25548,0.1,3704.46,Wallet
ORD00852,12-02-2026,Pooja Mehta,Grocery,Cooking Oil,Delhi,Delhi,4,2500,0.05,206.25,Net Banking
ORD00853,07-12-2025,Karan Kaur,Clothing,T-Shirt,Noida,Uttar Pradesh,5,3905,0,859.1,Cash
ORD00854,06-11-2025,Riya Yadav,Electronics,Laptop,Lucknow,Uttar Pradesh,5,206045,0.08,21016.59,Card
ORD00855,14-12-2025,Sneha Singh,Electronics,Keyboard,Lucknow,Uttar Pradesh,2,67226,0.08,6857.05,UPI
ORD00856,30-04-2025,Anjali Sharma,Clothing,Dress,Mumbai,Maharashtra,4,5844,0.05,1183.41,Card
ORD00857,27-09-2025,Tanya Gupta,Grocery,Tea,Chandigarh,Chandigarh,3,5523,0.05,455.65,Wallet
ORD00858,24-07-2026,Sneha Sharma,Clothing,Shoes,Meerut,Uttar Pradesh,3,12972,0.02,2763.04,Card
ORD00859,24-09-2025,Arjun Kaur,Furniture,Office Chair,Ghaziabad,Uttar Pradesh,2,3950,0.08,600.4,Net Banking
ORD00860,29-07-2026,Aditya Kaur,Electronics,Printer,Delhi,Delhi,4,95856,0.15,7428.84,Net Banking
ORD00861,18-10-2025,Arjun Singh,Electronics,Keyboard,Noida,Uttar Pradesh,3,20196,0.02,2484.11,Wallet
ORD00862,05-01-2025,Komal Patel,Clothing,Kurta,Bengaluru,Karnataka,5,10195,0.1,1886.08,Card
ORD00863,27-01-2025,Vivek Kumar,Grocery,Cooking Oil,Ghaziabad,Uttar Pradesh,4,1864,0.05,153.78,Net Banking
ORD00864,25-03-2025,Sneha Kaur,Clothing,Kurta,Noida,Uttar Pradesh,3,4677,0,1028.94,Net Banking
ORD00865,09-04-2026,Anjali Patel,Clothing,Kurta,Bengaluru,Karnataka,1,2998,0,659.56,Card
ORD00866,26-02-2025,Priya Jain,Furniture,Office Chair,Kolkata,West Bengal,6,60426,0.05,9819.23,Wallet
ORD00867,13-02-2026,Priya Sharma,Grocery,Cooking Oil,Jaipur,Rajasthan,3,2427,0.02,225.71,Card
ORD00868,07-06-2025,Rohit Gupta,Furniture,Sofa,Kolkata,West Bengal,4,40544,0.15,5169.36,Net Banking
ORD00869,09-04-2025,Mohit Jain,Grocery,Tea,Bengaluru,Karnataka,5,3085,0.05,254.51,Card
ORD00870,10-03-2026,Priya Mehta,Grocery,Pulses,Jaipur,Rajasthan,4,4716,0.1,306.54,Cash
ORD00871,10-06-2026,Anjali Kaur,Furniture,Sofa,Bengaluru,Karnataka,4,15380,0,2768.4,Card
ORD00872,27-03-2025,Vivek Kaur,Furniture,Sofa,Mumbai,Maharashtra,6,132048,0.1,19146.96,Net Banking
ORD00873,04-11-2025,Karan Jain,Electronics,Printer,Lucknow,Uttar Pradesh,2,17948,0.15,1390.97,Net Banking
ORD00874,10-06-2026,Rohit Jain,Clothing,Kurta,Delhi,Delhi,5,4630,0,1018.6,Net Banking
ORD00875,30-12-2025,Simran Patel,Grocery,Cooking Oil,Kota,Rajasthan,6,14448,0.05,1191.96,UPI
ORD00876,06-07-2025,Riya Sharma,Electronics,Monitor,Chandigarh,Chandigarh,6,185610,0.02,22830.03,UPI
ORD00877,06-04-2026,Tanya Gupta,Grocery,Tea,Agra,Uttar Pradesh,5,9715,0.15,461.46,Cash
ORD00878,19-04-2025,Nikhil Jain,Furniture,Table,Meerut,Uttar Pradesh,1,20593,0.05,3346.36,UPI
ORD00879,04-05-2026,Sneha Mehta,Electronics,Tablet,Noida,Uttar Pradesh,1,11854,0.15,918.69,Wallet
ORD00880,09-02-2026,Vivek Kumar,Grocery,Tea,Pune,Maharashtra,5,7785,0.15,369.79,Card
ORD00881,12-07-2025,Rahul Verma,Furniture,Office Chair,Ghaziabad,Uttar Pradesh,1,1320,0.15,168.3,Net Banking
ORD00882,15-07-2025,Priya Gupta,Furniture,Filing Cabinet,Ghaziabad,Uttar Pradesh,4,85256,0.1,12362.12,Net Banking
ORD00883,06-06-2025,Sneha Kaur,Furniture,Sofa,Jaipur,Rajasthan,1,4616,0.02,798.57,Net Banking
ORD00884,07-08-2026,Riya Sharma,Electronics,Printer,Pune,Maharashtra,2,27588,0.05,3103.65,Cash
ORD00885,23-05-2026,Shivam Patel,Electronics,Monitor,Bengaluru,Karnataka,6,173382,0.08,17684.96,Wallet
ORD00886,29-08-2026,Tanya Kaur,Clothing,T-Shirt,Kota,Rajasthan,4,17128,0.1,3168.68,Card
ORD00887,07-03-2025,Simran Mehta,Electronics,Laptop,Jaipur,Rajasthan,5,106495,0.1,10117.02,Net Banking
ORD00888,23-03-2026,Rahul Singh,Electronics,Printer,Pune,Maharashtra,6,139950,0.08,14274.9,Cash
ORD00889,13-08-2025,Shivam Yadav,Furniture,Sofa,Agra,Uttar Pradesh,4,33620,0.1,4874.9,Wallet
ORD00890,04-01-2026,Aditya Singh,Grocery,Atta,Lucknow,Uttar Pradesh,6,10068,0.08,724.9,Wallet
ORD00891,10-05-2026,Neha Singh,Furniture,Bookshelf,Chandigarh,Chandigarh,6,21744,0.15,2772.36,Card
ORD00892,07-11-2025,Karan Verma,Furniture,Desk Lamp,Kota,Rajasthan,1,14430,0.08,2193.36,Wallet
ORD00893,12-06-2025,Arjun Jain,Electronics,Laptop,Agra,Uttar Pradesh,3,71997,0.15,5579.77,UPI
ORD00894,04-05-2025,Varun Verma,Electronics,Smartphone,Jaipur,Rajasthan,1,41072,0.02,5051.86,Net Banking
ORD00895,01-10-2025,Neha Jain,Clothing,Jacket,Kolkata,West Bengal,3,2046,0.1,378.51,Wallet
ORD00896,19-04-2025,Tanya Patel,Electronics,Laptop,Kota,Rajasthan,4,223016,0,28992.08,UPI
ORD00897,06-01-2026,Arjun Gupta,Electronics,Monitor,Meerut,Uttar Pradesh,6,50022,0.02,6152.71,Net Banking
ORD00898,22-05-2025,Rohit Verma,Grocery,Cooking Oil,Meerut,Uttar Pradesh,6,9414,0.05,776.66,Net Banking
ORD00899,02-06-2026,Arjun Kumar,Grocery,Rice,Ghaziabad,Uttar Pradesh,4,5912,0.05,487.74,Cash
ORD00900,09-09-2025,Neha Jain,Clothing,Dress,Kolkata,West Bengal,4,13016,0.15,2180.18,Net Banking
ORD00901,15-04-2026,Komal Yadav,Furniture,Table,Kolkata,West Bengal,4,57384,0.08,8722.37,UPI
ORD00902,28-03-2025,Anjali Yadav,Grocery,Atta,Kolkata,West Bengal,1,2199,0,219.9,Net Banking
ORD00903,04-06-2025,Shivam Sharma,Furniture,Sofa,Delhi,Delhi,4,8060,0.15,1027.65,Wallet
ORD00904,18-11-2025,Mohit Sharma,Clothing,Shoes,Jaipur,Rajasthan,6,29010,0.05,5874.53,Cash
ORD00905,12-07-2026,Tanya Patel,Furniture,Filing Cabinet,Jaipur,Rajasthan,4,87592,0.02,15153.42,Net Banking
ORD00906,05-11-2025,Priya Sharma,Clothing,Hoodie,Kolkata,West Bengal,6,21678,0.02,4617.41,Wallet
ORD00907,08-07-2026,Vivek Verma,Clothing,Shoes,Chandigarh,Chandigarh,6,7992,0.1,1478.52,UPI
ORD00908,29-01-2025,Varun Patel,Clothing,Kurta,Agra,Uttar Pradesh,6,9660,0,2125.2,Cash
ORD00909,03-03-2025,Mohit Gupta,Furniture,Bookshelf,Chandigarh,Chandigarh,4,69424,0,12496.32,Wallet
ORD00910,02-11-2025,Shivam Sharma,Clothing,T-Shirt,Delhi,Delhi,6,7926,0.08,1521.79,Net Banking
ORD00911,01-07-2026,Tanya Verma,Clothing,Jeans,Kolkata,West Bengal,6,29598,0.15,4957.66,Cash
ORD00912,24-05-2025,Riya Jain,Clothing,Jacket,Bengaluru,Karnataka,6,29952,0.15,5016.96,Card
ORD00913,11-04-2026,Rohit Singh,Electronics,Smartphone,Mumbai,Maharashtra,5,66095,0.05,7435.69,Net Banking
ORD00914,03-05-2026,Pooja Kaur,Grocery,Cooking Oil,Noida,Uttar Pradesh,1,1820,0.02,169.26,UPI
ORD00915,09-02-2026,Simran Patel,Clothing,Dress,Mumbai,Maharashtra,4,19516,0.1,3610.46,Net Banking
ORD00916,28-05-2025,Komal Singh,Grocery,Pulses,Chandigarh,Chandigarh,4,7148,0.02,664.76,Net Banking
ORD00917,06-08-2025,Sneha Kaur,Grocery,Atta,Chandigarh,Chandigarh,5,11235,0,1123.5,UPI
ORD00918,23-04-2025,Rohit Yadav,Furniture,Desk Lamp,Agra,Uttar Pradesh,1,20513,0.08,3117.98,Wallet
ORD00919,09-11-2025,Mohit Gupta,Clothing,T-Shirt,Mumbai,Maharashtra,2,2528,0.05,511.92,Cash
ORD00920,08-03-2026,Amit Gupta,Grocery,Rice,Kolkata,West Bengal,2,1324,0.1,86.06,Cash
ORD00921,06-05-2025,Varun Yadav,Furniture,Table,Ahmedabad,Gujarat,6,100896,0,18161.28,UPI
ORD00922,09-04-2026,Anjali Mehta,Electronics,Tablet,Kota,Rajasthan,5,104480,0.1,9925.6,Net Banking
ORD00923,05-04-2026,Neha Yadav,Furniture,Table,Mumbai,Maharashtra,6,95418,0.08,14503.54,UPI
ORD00924,16-02-2025,Sneha Gupta,Grocery,Spices,Ghaziabad,Uttar Pradesh,4,5872,0.1,381.68,UPI
ORD00925,13-11-2025,Varun Kumar,Furniture,Filing Cabinet,Delhi,Delhi,5,107235,0.15,13672.46,Wallet
ORD00926,07-08-2026,Komal Verma,Electronics,Mouse,Pune,Maharashtra,5,192020,0,24962.6,Net Banking
ORD00927,09-10-2025,Pooja Verma,Electronics,Monitor,Bengaluru,Karnataka,5,61895,0,8046.35,Wallet
ORD00928,27-08-2026,Amit Kaur,Grocery,Cooking Oil,Kolkata,West Bengal,5,6960,0.08,501.12,UPI
ORD00929,21-11-2025,Riya Gupta,Clothing,Shoes,Meerut,Uttar Pradesh,4,1988,0.1,367.78,UPI
ORD00930,07-07-2025,Simran Kumar,Electronics,Monitor,Mumbai,Maharashtra,2,38600,0.02,4747.8,Card
ORD00931,30-11-2025,Arjun Sharma,Clothing,Shoes,Bengaluru,Karnataka,2,1564,0.1,289.34,UPI
ORD00932,28-11-2025,Simran Mehta,Clothing,Shoes,Noida,Uttar Pradesh,3,4401,0.08,844.99,UPI
ORD00933,20-05-2026,Komal Jain,Electronics,Mouse,Ghaziabad,Uttar Pradesh,5,195030,0.02,23988.69,Net Banking
ORD00934,21-02-2026,Priya Kaur,Electronics,Headphones,Delhi,Delhi,3,93186,0.1,8852.67,UPI
ORD00935,14-04-2025,Karan Jain,Grocery,Sugar,Delhi,Delhi,3,7047,0.1,458.06,Card
ORD00936,28-05-2026,Pooja Singh,Clothing,Kurta,Jaipur,Rajasthan,4,3948,0.15,661.29,Cash
ORD00937,12-02-2025,Rahul Kaur,Furniture,Table,Mumbai,Maharashtra,4,75964,0.08,11546.53,Wallet
ORD00938,07-10-2025,Tanya Gupta,Clothing,Dress,Meerut,Uttar Pradesh,1,792,0.08,152.06,Net Banking
ORD00939,16-02-2025,Arjun Jain,Clothing,Hoodie,Bengaluru,Karnataka,2,8960,0.05,1814.4,Wallet
ORD00940,24-05-2025,Varun Gupta,Electronics,Headphones,Noida,Uttar Pradesh,4,185488,0,24113.44,Net Banking
ORD00941,25-09-2025,Sneha Gupta,Furniture,Desk Lamp,Mumbai,Maharashtra,3,69453,0.05,11286.11,Card
ORD00942,17-05-2025,Rahul Patel,Clothing,Jacket,Ghaziabad,Uttar Pradesh,4,11960,0,2631.2,Net Banking
ORD00943,16-05-2026,Riya Jain,Electronics,Laptop,Bengaluru,Karnataka,2,55354,0.1,5258.63,UPI
ORD00944,07-05-2025,Mohit Mehta,Electronics,Laptop,Ahmedabad,Gujarat,6,178650,0.15,13845.38,Wallet
ORD00945,19-04-2026,Mohit Verma,Clothing,Shoes,Meerut,Uttar Pradesh,6,2214,0,487.08,Net Banking
ORD00946,02-01-2026,Pooja Kumar,Electronics,Mouse,Chandigarh,Chandigarh,1,50303,0.05,5659.09,Wallet
ORD00947,07-01-2026,Amit Gupta,Clothing,Hoodie,Chandigarh,Chandigarh,2,4438,0.08,852.1,Net Banking
ORD00948,12-10-2025,Shivam Jain,Furniture,Office Chair,Ghaziabad,Uttar Pradesh,6,82668,0,14880.24,Net Banking
ORD00949,02-08-2026,Arjun Kumar,Furniture,Desk Lamp,Ghaziabad,Uttar Pradesh,6,116022,0.15,14792.81,Wallet
ORD00950,22-08-2025,Komal Gupta,Furniture,Filing Cabinet,Noida,Uttar Pradesh,2,18614,0.1,2699.03,Card
ORD00951,03-01-2025,Nikhil Sharma,Electronics,Headphones,Bengaluru,Karnataka,5,292370,0.08,29821.74,Cash
ORD00952,23-05-2026,Mohit Jain,Grocery,Spices,Lucknow,Uttar Pradesh,1,2202,0.08,158.54,UPI
ORD00953,20-11-2025,Rahul Mehta,Furniture,Office Chair,Lucknow,Uttar Pradesh,4,72984,0.08,11093.57,Card
ORD00954,10-03-2026,Priya Verma,Clothing,T-Shirt,Pune,Maharashtra,1,2148,0.15,359.79,Card
ORD00955,10-04-2025,Rahul Kaur,Furniture,Bookshelf,Lucknow,Uttar Pradesh,1,21312,0.15,2717.28,Net Banking
ORD00956,30-04-2026,Karan Yadav,Electronics,Smartphone,Ahmedabad,Gujarat,3,50391,0,6550.83,UPI
ORD00957,26-03-2026,Rohit Kaur,Clothing,Kurta,Kolkata,West Bengal,2,1794,0.1,331.89,Wallet
ORD00958,08-03-2025,Neha Sharma,Electronics,Monitor,Delhi,Delhi,1,25332,0.05,2849.85,Net Banking
ORD00959,15-04-2025,Amit Jain,Electronics,Headphones,Pune,Maharashtra,6,173406,0,22542.78,UPI
ORD00960,25-02-2026,Karan Patel,Clothing,Hoodie,Jaipur,Rajasthan,4,4340,0.1,802.9,Wallet
ORD00961,14-04-2025,Anjali Sharma,Electronics,Printer,Jaipur,Rajasthan,4,210844,0.08,21506.09,Net Banking
ORD00962,11-03-2025,Shivam Verma,Clothing,Kurta,Ghaziabad,Uttar Pradesh,1,1141,0,251.02,Wallet
ORD00963,08-05-2026,Tanya Kaur,Furniture,Filing Cabinet,Mumbai,Maharashtra,3,37335,0.08,5674.92,Card
ORD00964,16-11-2025,Shivam Mehta,Furniture,Table,Kolkata,West Bengal,1,2782,0.02,481.29,Wallet
ORD00965,26-04-2026,Vivek Patel,Clothing,Jacket,Pune,Maharashtra,5,7460,0.02,1588.98,Cash
ORD00966,01-09-2025,Komal Jain,Clothing,Jacket,Delhi,Delhi,5,7420,0,1632.4,UPI
ORD00967,16-12-2025,Pooja Kaur,Grocery,Biscuits,Ghaziabad,Uttar Pradesh,2,1808,0,180.8,Net Banking
ORD00968,03-11-2025,Nikhil Yadav,Clothing,Hoodie,Pune,Maharashtra,5,15245,0.1,2820.32,Card
ORD00969,04-01-2025,Karan Verma,Electronics,Printer,Kolkata,West Bengal,1,33101,0.02,4071.42,Net Banking
ORD00970,20-01-2026,Pooja Mehta,Furniture,Table,Kota,Rajasthan,6,69978,0.15,8922.19,Card
ORD00971,23-07-2026,Rohit Singh,Electronics,Smartphone,Delhi,Delhi,1,24054,0,3127.02,Cash
ORD00972,31-01-2025,Pooja Verma,Grocery,Sugar,Bengaluru,Karnataka,5,7770,0,777,Cash
ORD00973,22-07-2026,Karan Singh,Furniture,Table,Lucknow,Uttar Pradesh,6,39060,0.05,6347.25,Card
ORD00974,21-05-2025,Riya Kumar,Electronics,Keyboard,Ahmedabad,Gujarat,3,21693,0,2820.09,Cash
ORD00975,25-06-2025,Komal Patel,Furniture,Bookshelf,Kota,Rajasthan,2,25824,0.05,4196.4,Net Banking
ORD00976,16-07-2025,Varun Mehta,Electronics,Monitor,Meerut,Uttar Pradesh,2,105388,0.02,12962.72,Cash
ORD00977,25-08-2026,Pooja Jain,Clothing,Kurta,Jaipur,Rajasthan,6,13818,0,3039.96,Cash
ORD00978,10-05-2025,Komal Patel,Furniture,Bookshelf,Ghaziabad,Uttar Pradesh,1,21426,0.05,3481.72,Net Banking
ORD00979,08-03-2025,Arjun Jain,Furniture,Filing Cabinet,Noida,Uttar Pradesh,4,90164,0.1,13073.78,Net Banking
ORD00980,18-01-2026,Komal Kaur,Clothing,Shoes,Mumbai,Maharashtra,4,7064,0.05,1430.46,Net Banking
ORD00981,07-02-2025,Pooja Verma,Grocery,Tea,Pune,Maharashtra,4,9884,0.15,469.49,Card
ORD00982,22-01-2026,Shivam Singh,Grocery,Sugar,Jaipur,Rajasthan,2,2666,0.08,191.95,Cash
ORD00983,01-04-2026,Komal Yadav,Clothing,Kurta,Noida,Uttar Pradesh,2,1976,0.05,400.14,Card
ORD00984,07-04-2026,Sneha Mehta,Electronics,Printer,Mumbai,Maharashtra,5,113220,0.08,11548.44,Net Banking
ORD00985,26-01-2025,Arjun Kaur,Clothing,Hoodie,Kota,Rajasthan,3,7608,0.08,1460.74,Card
ORD00986,29-05-2026,Komal Jain,Clothing,Dress,Noida,Uttar Pradesh,3,2925,0.05,592.31,UPI
ORD00987,09-02-2025,Varun Verma,Clothing,Jeans,Noida,Uttar Pradesh,1,884,0.05,179.01,Cash
ORD00988,09-10-2025,Pooja Patel,Furniture,Filing Cabinet,Agra,Uttar Pradesh,3,32157,0.15,4100.02,Card
ORD00989,18-02-2026,Riya Patel,Clothing,T-Shirt,Kolkata,West Bengal,3,7824,0.05,1584.36,UPI
ORD00990,03-08-2025,Aditya Verma,Grocery,Atta,Ahmedabad,Gujarat,4,4048,0.02,376.46,Wallet
ORD00991,16-03-2026,Nikhil Verma,Grocery,Pulses,Agra,Uttar Pradesh,1,1362,0.02,126.67,Net Banking
ORD00992,09-11-2025,Rahul Kaur,Grocery,Rice,Agra,Uttar Pradesh,2,4890,0.02,454.77,Cash
ORD00993,05-07-2026,Vivek Yadav,Clothing,Jeans,Jaipur,Rajasthan,4,14416,0.15,2414.68,Wallet
ORD00994,11-08-2026,Riya Mehta,Electronics,Laptop,Meerut,Uttar Pradesh,2,44486,0.1,4226.17,Card
ORD00995,22-04-2025,Anjali Patel,Grocery,Cooking Oil,Mumbai,Maharashtra,4,3404,0.08,245.09,Net Banking
ORD00996,02-02-2025,Tanya Kaur,Clothing,T-Shirt,Meerut,Uttar Pradesh,1,4829,0.02,1028.58,UPI
ORD00997,27-08-2025,Vivek Jain,Furniture,Table,Noida,Uttar Pradesh,4,40400,0.02,6989.2,UPI
ORD00998,01-12-2025,Nikhil Mehta,Grocery,Rice,Agra,Uttar Pradesh,5,625,0.02,58.12,Card
ORD00999,12-03-2025,Riya Verma,Electronics,Keyboard,Mumbai,Maharashtra,4,127768,0.15,9902.02,Card
ORD01000,12-06-2025,Tanya Patel,Furniture,Bookshelf,Jaipur,Rajasthan,6,135498,0.08,20595.7,Cash
ORD01001,26-07-2025,Rahul Singh,Furniture,Desk Lamp,Chandigarh,Chandigarh,6,95034,0.05,15443.02,Net Banking
ORD01002,06-08-2026,Aditya Kaur,Electronics,Tablet,Pune,Maharashtra,2,70124,0.05,7888.95,Net Banking
ORD01003,22-12-2025,Vivek Mehta,Electronics,Monitor,Lucknow,Uttar Pradesh,6,350016,0.08,35701.63,Wallet
ORD01004,19-03-2026,Sneha Mehta,Furniture,Sofa,Ghaziabad,Uttar Pradesh,2,42082,0.15,5365.45,Card
ORD01005,08-10-2025,Varun Gupta,Electronics,Tablet,Chandigarh,Chandigarh,1,16308,0.02,2005.88,UPI
ORD01006,20-03-2025,Rohit Jain,Furniture,Sofa,Jaipur,Rajasthan,5,23860,0.05,3877.25,Cash
ORD01007,15-02-2025,Sneha Sharma,Grocery,Pulses,Meerut,Uttar Pradesh,3,2787,0.1,181.16,UPI
ORD01008,11-02-2026,Amit Sharma,Grocery,Spices,Agra,Uttar Pradesh,6,10290,0.02,956.97,Cash
ORD01009,12-05-2026,Sneha Kumar,Electronics,Keyboard,Agra,Uttar Pradesh,6,297990,0.08,30394.98,UPI
ORD01010,15-06-2025,Arjun Sharma,Furniture,Filing Cabinet,Kota,Rajasthan,2,32452,0.05,5273.45,Wallet
ORD01011,05-02-2026,Arjun Kumar,Electronics,Keyboard,Lucknow,Uttar Pradesh,1,35639,0.15,2762.02,UPI
ORD01012,05-02-2025,Varun Verma,Clothing,Jeans,Kota,Rajasthan,3,5271,0.02,1122.72,Net Banking
ORD01013,23-02-2025,Tanya Sharma,Electronics,Monitor,Jaipur,Rajasthan,6,124836,0.08,12733.27,UPI
ORD01014,04-04-2025,Rahul Mehta,Grocery,Sugar,Ghaziabad,Uttar Pradesh,3,3171,0.02,294.9,UPI
ORD01015,06-03-2025,Karan Kumar,Electronics,Smartphone,Ahmedabad,Gujarat,2,90322,0.15,6999.96,Card
ORD01016,27-11-2025,Varun Verma,Furniture,Office Chair,Jaipur,Rajasthan,5,21640,0.05,3516.5,Wallet
ORD01017,07-08-2025,Rohit Yadav,Furniture,Desk Lamp,Jaipur,Rajasthan,4,19032,0.02,3292.54,Cash
ORD01018,03-02-2026,Pooja Kaur,Furniture,Office Chair,Jaipur,Rajasthan,6,66972,0,12054.96,Card
ORD01019,10-03-2025,Pooja Mehta,Electronics,Headphones,Bengaluru,Karnataka,5,123905,0,16107.65,Cash
ORD01020,15-09-2025,Rohit Patel,Grocery,Cooking Oil,Chandigarh,Chandigarh,5,12055,0.02,1121.12,Cash
ORD01021,09-05-2026,Priya Yadav,Grocery,Atta,Agra,Uttar Pradesh,2,2764,0.15,131.29,UPI
ORD01022,25-08-2026,Rahul Verma,Grocery,Spices,Mumbai,Maharashtra,6,6192,0.1,402.48,UPI
ORD01023,23-03-2025,Amit Singh,Electronics,Headphones,Ghaziabad,Uttar Pradesh,6,172092,0.02,21167.32,Cash
ORD01024,08-02-2025,Karan Patel,Grocery,Tea,Ghaziabad,Uttar Pradesh,2,3238,0.02,301.13,Net Banking
ORD01025,01-03-2026,Vivek Sharma,Clothing,Jeans,Lucknow,Uttar Pradesh,3,1872,0.1,346.32,Card
ORD01026,12-09-2025,Karan Patel,Clothing,Jacket,Ghaziabad,Uttar Pradesh,2,9436,0,2075.92,Net Banking
ORD01027,19-05-2026,Priya Verma,Clothing,Jeans,Kota,Rajasthan,6,2094,0,460.68,UPI
ORD01028,17-07-2026,Pooja Verma,Furniture,Table,Meerut,Uttar Pradesh,1,6491,0.1,941.19,Wallet
ORD01029,22-07-2025,Karan Mehta,Electronics,Tablet,Chandigarh,Chandigarh,4,84048,0.02,10337.9,Card
ORD01030,26-07-2025,Simran Kaur,Furniture,Bookshelf,Lucknow,Uttar Pradesh,5,77440,0.15,9873.6,UPI
ORD01031,09-03-2026,Komal Patel,Clothing,Shoes,Jaipur,Rajasthan,2,8312,0.08,1595.9,Net Banking
ORD01032,04-11-2025,Tanya Jain,Furniture,Sofa,Delhi,Delhi,4,59216,0,10658.88,Card
ORD01033,18-10-2025,Riya Jain,Furniture,Bookshelf,Jaipur,Rajasthan,4,43288,0.08,6579.78,Wallet
ORD01034,08-06-2025,Pooja Sharma,Grocery,Cooking Oil,Agra,Uttar Pradesh,2,4004,0.02,372.37,UPI
ORD01035,18-01-2026,Riya Kaur,Clothing,Shoes,Jaipur,Rajasthan,4,14128,0.15,2366.44,Cash
ORD01036,16-06-2025,Pooja Mehta,Electronics,Tablet,Delhi,Delhi,1,25819,0.1,2452.8,Cash
ORD01037,01-03-2025,Riya Mehta,Clothing,Kurta,Chandigarh,Chandigarh,4,13264,0.15,2221.72,Card
ORD01038,29-01-2025,Neha Gupta,Furniture,Sofa,Delhi,Delhi,3,64425,0.15,8214.19,Wallet
ORD01039,15-06-2025,Rahul Kumar,Grocery,Atta,Lucknow,Uttar Pradesh,2,4896,0.15,232.56,UPI
ORD01040,13-07-2025,Nikhil Singh,Grocery,Spices,Chandigarh,Chandigarh,5,2045,0.1,132.93,Net Banking
ORD01041,27-01-2026,Shivam Gupta,Clothing,Dress,Lucknow,Uttar Pradesh,5,23335,0.15,3908.61,Net Banking
ORD01042,27-05-2025,Simran Verma,Electronics,Monitor,Bengaluru,Karnataka,5,257505,0.05,28969.31,Net Banking
ORD01043,13-03-2025,Nikhil Jain,Clothing,T-Shirt,Meerut,Uttar Pradesh,4,1248,0,274.56,Net Banking
ORD01044,10-07-2025,Neha Verma,Clothing,Dress,Jaipur,Rajasthan,2,3490,0.05,706.73,Net Banking
ORD01045,10-07-2025,Pooja Sharma,Furniture,Desk Lamp,Noida,Uttar Pradesh,4,77528,0.02,13412.34,Card
ORD01046,22-04-2025,Arjun Kumar,Furniture,Bookshelf,Ahmedabad,Gujarat,4,60964,0.15,7772.91,Cash
ORD01047,31-01-2025,Shivam Verma,Electronics,Tablet,Noida,Uttar Pradesh,3,14433,0.05,1623.71,Net Banking
ORD01048,20-08-2026,Amit Kumar,Grocery,Cooking Oil,Delhi,Delhi,1,1169,0,116.9,Card
ORD01049,13-05-2026,Aditya Yadav,Electronics,Tablet,Pune,Maharashtra,5,252480,0.05,28404,Wallet
ORD01050,03-09-2025,Mohit Mehta,Grocery,Biscuits,Agra,Uttar Pradesh,6,8910,0.05,735.08,Net Banking
ORD01051,04-01-2025,Sneha Mehta,Electronics,Smartphone,Ahmedabad,Gujarat,3,160317,0,20841.21,Card
ORD01052,12-09-2025,Mohit Kaur,Electronics,Monitor,Ahmedabad,Gujarat,5,94575,0.15,7329.56,Wallet
ORD01053,26-11-2025,Rahul Yadav,Grocery,Spices,Bengaluru,Karnataka,2,184,0.15,8.74,UPI
ORD01054,25-03-2025,Mohit Mehta,Clothing,Dress,Kota,Rajasthan,2,8538,0.08,1639.3,Net Banking
ORD01055,27-05-2025,Komal Patel,Electronics,Tablet,Lucknow,Uttar Pradesh,5,66920,0.15,5186.3,Wallet
ORD01056,16-07-2026,Sneha Singh,Electronics,Keyboard,Kota,Rajasthan,1,20349,0.15,1577.05,Net Banking
ORD01057,05-08-2025,Arjun Kumar,Electronics,Printer,Bengaluru,Karnataka,5,81935,0.02,10078,UPI
ORD01058,14-08-2025,Simran Kaur,Grocery,Rice,Meerut,Uttar Pradesh,3,4950,0.05,408.38,UPI
ORD01059,07-12-2025,Karan Patel,Furniture,Desk Lamp,Bengaluru,Karnataka,6,101520,0,18273.6,Wallet
ORD01060,26-01-2026,Varun Mehta,Electronics,Smartphone,Jaipur,Rajasthan,6,295746,0.15,22920.32,Card
ORD01061,02-04-2025,Anjali Patel,Furniture,Bookshelf,Noida,Uttar Pradesh,3,11019,0,1983.42,Card
ORD01062,02-01-2025,Vivek Sharma,Electronics,Smartphone,Meerut,Uttar Pradesh,3,76548,0.1,7272.06,Wallet
ORD01063,10-05-2025,Komal Patel,Furniture,Sofa,Jaipur,Rajasthan,3,38283,0.15,4881.08,Wallet
ORD01064,20-11-2025,Neha Gupta,Furniture,Office Chair,Jaipur,Rajasthan,1,18438,0.08,2802.58,Card
ORD01065,05-02-2025,Tanya Yadav,Grocery,Pulses,Meerut,Uttar Pradesh,5,6200,0.02,576.6,Cash
ORD01066,09-08-2025,Aditya Gupta,Electronics,Headphones,Ahmedabad,Gujarat,6,229290,0.08,23387.58,Net Banking
ORD01067,19-08-2025,Amit Singh,Electronics,Smartphone,Meerut,Uttar Pradesh,6,86412,0.15,6696.93,Net Banking
ORD01068,16-07-2026,Riya Yadav,Grocery,Tea,Ahmedabad,Gujarat,6,4392,0,439.2,Net Banking
ORD01069,25-06-2026,Vivek Gupta,Grocery,Biscuits,Kolkata,West Bengal,4,6724,0,672.4,Card
ORD01070,08-11-2025,Sneha Singh,Grocery,Cooking Oil,Meerut,Uttar Pradesh,3,7371,0,737.1,Wallet
ORD01071,03-08-2025,Pooja Verma,Furniture,Sofa,Chandigarh,Chandigarh,4,41352,0.02,7153.9,UPI
ORD01072,01-06-2025,Riya Mehta,Clothing,Dress,Ahmedabad,Gujarat,5,5675,0.15,950.56,Card
ORD01073,01-05-2025,Komal Yadav,Electronics,Monitor,Agra,Uttar Pradesh,4,49488,0,6433.44,Wallet
ORD01074,04-02-2025,Rohit Verma,Grocery,Atta,Bengaluru,Karnataka,6,10404,0.02,967.57,Net Banking
ORD01075,20-01-2026,Priya Kaur,Grocery,Tea,Chandigarh,Chandigarh,5,3930,0.15,186.68,Net Banking
ORD01076,03-05-2025,Rohit Kumar,Clothing,Dress,Bengaluru,Karnataka,4,13236,0,2911.92,UPI
ORD01077,07-05-2026,Simran Kumar,Grocery,Sugar,Delhi,Delhi,5,12130,0.1,788.45,Wallet
ORD01078,02-11-2025,Shivam Singh,Furniture,Sofa,Kota,Rajasthan,6,142962,0.08,21730.22,UPI
ORD01079,21-01-2025,Riya Jain,Clothing,T-Shirt,Chandigarh,Chandigarh,5,9070,0.08,1741.44,Wallet
ORD01080,08-05-2025,Pooja Kumar,Grocery,Cooking Oil,Mumbai,Maharashtra,5,11435,0.15,543.16,Card
ORD01081,10-02-2025,Neha Patel,Furniture,Office Chair,Mumbai,Maharashtra,4,44392,0,7990.56,Card
ORD01082,08-05-2025,Komal Gupta,Furniture,Office Chair,Mumbai,Maharashtra,3,5841,0,1051.38,Cash
ORD01083,17-02-2025,Komal Gupta,Furniture,Sofa,Bengaluru,Karnataka,1,8937,0.05,1452.26,Wallet
ORD01084,27-12-2025,Tanya Jain,Grocery,Atta,Pune,Maharashtra,4,5444,0.1,353.86,Wallet
ORD01085,07-02-2025,Pooja Singh,Furniture,Filing Cabinet,Noida,Uttar Pradesh,6,13590,0.02,2351.07,Cash
ORD01086,03-01-2026,Simran Singh,Furniture,Table,Pune,Maharashtra,5,39395,0.1,5712.27,Wallet
ORD01087,17-06-2025,Riya Kaur,Grocery,Cooking Oil,Mumbai,Maharashtra,3,3441,0.08,247.75,UPI
ORD01088,28-07-2025,Priya Gupta,Clothing,Dress,Jaipur,Rajasthan,6,8838,0.1,1635.03,Card
ORD01089,17-06-2025,Nikhil Singh,Clothing,Kurta,Bengaluru,Karnataka,6,26934,0.1,4982.79,Cash
ORD01090,04-10-2025,Rohit Jain,Grocery,Spices,Delhi,Delhi,5,5465,0,546.5,UPI
ORD01091,08-12-2025,Simran Singh,Grocery,Cooking Oil,Agra,Uttar Pradesh,6,2664,0.05,219.78,Card
ORD01092,18-04-2025,Rohit Singh,Clothing,T-Shirt,Noida,Uttar Pradesh,4,8480,0.08,1628.16,Wallet
ORD01093,24-12-2025,Shivam Gupta,Clothing,Kurta,Ahmedabad,Gujarat,4,4328,0.1,800.68,Wallet
ORD01094,03-02-2026,Arjun Yadav,Clothing,Kurta,Noida,Uttar Pradesh,1,1698,0.05,343.85,Wallet
ORD01095,10-06-2026,Neha Singh,Grocery,Pulses,Pune,Maharashtra,2,2282,0,228.2,Card
ORD01096,13-09-2025,Tanya Mehta,Grocery,Tea,Delhi,Delhi,6,9576,0.15,454.86,Net Banking
ORD01097,10-10-2025,Nikhil Jain,Furniture,Sofa,Agra,Uttar Pradesh,4,69028,0.05,11217.05,Card
ORD01098,17-11-2025,Priya Kumar,Clothing,Dress,Ahmedabad,Gujarat,1,2803,0.08,538.18,UPI
ORD01099,20-10-2025,Varun Kaur,Furniture,Office Chair,Meerut,Uttar Pradesh,5,13405,0,2412.9,UPI
ORD01100,30-06-2026,Rohit Mehta,Grocery,Atta,Kota,Rajasthan,4,8756,0.15,415.91,UPI
ORD01101,02-07-2026,Mohit Verma,Furniture,Filing Cabinet,Delhi,Delhi,6,88350,0.15,11264.62,Wallet
ORD01102,19-08-2025,Arjun Kumar,Electronics,Printer,Meerut,Uttar Pradesh,6,350388,0.1,33286.86,Cash
ORD01103,24-01-2026,Arjun Yadav,Furniture,Desk Lamp,Agra,Uttar Pradesh,1,14651,0.08,2226.95,UPI
ORD01104,03-11-2025,Aditya Gupta,Clothing,Dress,Ghaziabad,Uttar Pradesh,5,6325,0.05,1280.81,Cash
ORD01105,11-08-2025,Vivek Jain,Furniture,Office Chair,Chandigarh,Chandigarh,6,116634,0.08,17728.37,UPI
ORD01106,17-04-2026,Anjali Gupta,Grocery,Pulses,Delhi,Delhi,3,312,0.1,20.28,Cash
ORD01107,30-12-2025,Rahul Kumar,Electronics,Laptop,Agra,Uttar Pradesh,6,76800,0.08,7833.6,Net Banking
ORD01108,25-02-2026,Rohit Kaur,Grocery,Sugar,Noida,Uttar Pradesh,5,10930,0.02,1016.49,UPI
ORD01109,19-01-2026,Vivek Yadav,Furniture,Filing Cabinet,Lucknow,Uttar Pradesh,2,32446,0.08,4931.79,Net Banking
ORD01110,26-03-2026,Arjun Singh,Furniture,Desk Lamp,Kolkata,West Bengal,3,13083,0.08,1988.62,Cash
ORD01111,14-07-2025,Vivek Sharma,Grocery,Rice,Agra,Uttar Pradesh,6,5352,0,535.2,Card
ORD01112,23-07-2025,Aditya Gupta,Grocery,Spices,Chandigarh,Chandigarh,3,627,0.02,58.31,UPI
ORD01113,14-02-2026,Komal Mehta,Grocery,Pulses,Mumbai,Maharashtra,4,2404,0.05,198.33,Card
ORD01114,19-12-2025,Komal Sharma,Electronics,Monitor,Kolkata,West Bengal,1,8865,0.02,1090.39,Card
ORD01115,21-03-2026,Aditya Gupta,Electronics,Smartphone,Jaipur,Rajasthan,5,244640,0,31803.2,Cash
ORD01116,06-06-2025,Komal Singh,Grocery,Cooking Oil,Kolkata,West Bengal,4,4376,0.1,284.44,Card
ORD01117,16-03-2026,Pooja Kaur,Clothing,Hoodie,Noida,Uttar Pradesh,3,6978,0.15,1168.82,UPI
ORD01118,02-06-2025,Karan Kumar,Furniture,Table,Ahmedabad,Gujarat,5,107040,0.15,13647.6,Card
ORD01119,19-01-2025,Tanya Verma,Grocery,Rice,Lucknow,Uttar Pradesh,2,1356,0.08,97.63,UPI
ORD01120,25-08-2025,Karan Yadav,Electronics,Tablet,Jaipur,Rajasthan,5,103415,0.15,8014.66,Net Banking
ORD01121,23-04-2025,Simran Yadav,Grocery,Rice,Mumbai,Maharashtra,4,1164,0.05,96.03,Cash
ORD01122,06-07-2025,Amit Sharma,Clothing,Dress,Jaipur,Rajasthan,2,5840,0,1284.8,UPI
ORD01123,14-04-2025,Nikhil Singh,Clothing,Jeans,Lucknow,Uttar Pradesh,4,10380,0.1,1920.3,Cash
ORD01124,14-01-2025,Varun Singh,Grocery,Biscuits,Agra,Uttar Pradesh,3,1608,0,160.8,Cash
ORD01125,16-01-2026,Karan Gupta,Clothing,Dress,Kolkata,West Bengal,3,13896,0.1,2570.76,Card
ORD01126,24-08-2026,Pooja Verma,Grocery,Cooking Oil,Noida,Uttar Pradesh,2,1144,0,114.4,Net Banking
ORD01127,01-05-2026,Pooja Jain,Electronics,Monitor,Mumbai,Maharashtra,5,115360,0.05,12978,Card
ORD01128,16-09-2025,Varun Yadav,Electronics,Keyboard,Ghaziabad,Uttar Pradesh,4,146708,0.15,11369.87,Cash
ORD01129,21-06-2026,Komal Sharma,Grocery,Cooking Oil,Jaipur,Rajasthan,1,2057,0.08,148.1,Card
ORD01130,04-03-2025,Pooja Mehta,Clothing,Dress,Meerut,Uttar Pradesh,3,2016,0.1,372.96,Net Banking
ORD01131,04-02-2026,Riya Patel,Electronics,Keyboard,Kota,Rajasthan,5,128875,0.1,12243.12,Cash
ORD01132,30-08-2026,Rahul Jain,Furniture,Table,Delhi,Delhi,2,39078,0.02,6760.49,Net Banking
ORD01133,02-10-2025,Varun Kumar,Clothing,Jacket,Ahmedabad,Gujarat,2,5454,0.15,913.55,Card
ORD01134,01-06-2025,Simran Singh,Furniture,Office Chair,Mumbai,Maharashtra,2,20726,0,3730.68,Cash
ORD01135,02-01-2025,Mohit Patel,Electronics,Mouse,Ahmedabad,Gujarat,2,71270,0,9265.1,Cash
ORD01136,17-05-2025,Nikhil Patel,Clothing,T-Shirt,Chandigarh,Chandigarh,5,12315,0.15,2062.76,Cash
ORD01137,14-10-2025,Arjun Gupta,Clothing,T-Shirt,Bengaluru,Karnataka,1,3212,0.02,684.16,UPI
ORD01138,19-07-2026,Pooja Kaur,Electronics,Tablet,Bengaluru,Karnataka,3,172854,0.15,13396.19,Card
ORD01139,02-04-2026,Karan Mehta,Clothing,Jacket,Ghaziabad,Uttar Pradesh,5,17695,0.02,3769.03,Cash
ORD01140,09-07-2025,Arjun Verma,Furniture,Sofa,Noida,Uttar Pradesh,4,26988,0.08,4102.18,Wallet
ORD01141,16-06-2025,Arjun Mehta,Grocery,Atta,Bengaluru,Karnataka,3,498,0.05,41.09,Wallet
ORD01142,11-04-2026,Riya Kumar,Furniture,Office Chair,Meerut,Uttar Pradesh,1,14772,0.02,2555.56,Wallet
ORD01143,22-01-2026,Riya Sharma,Furniture,Filing Cabinet,Kolkata,West Bengal,1,20568,0,3702.24,UPI
ORD01144,02-10-2025,Neha Patel,Electronics,Laptop,Meerut,Uttar Pradesh,2,102140,0,13278.2,UPI
ORD01145,29-03-2025,Pooja Singh,Electronics,Monitor,Mumbai,Maharashtra,6,325350,0.05,36601.88,Net Banking
ORD01146,07-09-2025,Amit Jain,Grocery,Atta,Lucknow,Uttar Pradesh,3,6123,0.02,569.44,Cash
ORD01147,31-10-2025,Rohit Jain,Electronics,Laptop,Ahmedabad,Gujarat,1,7338,0.1,697.11,Net Banking
ORD01148,30-01-2026,Neha Yadav,Furniture,Office Chair,Ghaziabad,Uttar Pradesh,1,8227,0.08,1250.5,Cash
ORD01149,19-05-2026,Arjun Kumar,Furniture,Filing Cabinet,Jaipur,Rajasthan,6,145344,0,26161.92,Card
ORD01150,02-05-2025,Mohit Kumar,Electronics,Headphones,Agra,Uttar Pradesh,1,40950,0.05,4606.88,UPI
ORD01151,05-07-2025,Nikhil Singh,Furniture,Table,Jaipur,Rajasthan,5,58860,0.1,8534.7,Cash
ORD01152,13-01-2026,Simran Kumar,Clothing,Jacket,Noida,Uttar Pradesh,3,13167,0.15,2205.47,UPI
ORD01153,03-04-2026,Aditya Kumar,Furniture,Filing Cabinet,Meerut,Uttar Pradesh,3,16926,0.08,2572.75,UPI
ORD01154,06-07-2025,Riya Yadav,Grocery,Tea,Meerut,Uttar Pradesh,1,1403,0.02,130.48,Cash
ORD01155,08-12-2025,Neha Verma,Grocery,Spices,Kota,Rajasthan,6,10650,0.1,692.25,Net Banking
ORD01156,04-07-2026,Karan Mehta,Grocery,Pulses,Mumbai,Maharashtra,5,10485,0.1,681.52,UPI
ORD01157,03-01-2025,Pooja Sharma,Grocery,Sugar,Chandigarh,Chandigarh,1,1043,0.05,86.05,Cash
ORD01158,23-05-2025,Vivek Kaur,Grocery,Atta,Noida,Uttar Pradesh,1,1510,0.05,124.58,Card
ORD01159,22-05-2025,Rohit Singh,Grocery,Sugar,Ghaziabad,Uttar Pradesh,2,616,0.15,29.26,Net Banking
ORD01160,19-08-2026,Priya Kaur,Electronics,Tablet,Agra,Uttar Pradesh,1,46567,0,6053.71,Wallet
ORD01161,08-09-2025,Priya Sharma,Furniture,Office Chair,Meerut,Uttar Pradesh,3,16287,0,2931.66,Wallet
ORD01162,24-05-2025,Komal Gupta,Grocery,Atta,Kolkata,West Bengal,2,4008,0.15,190.38,Net Banking
ORD01163,24-04-2025,Neha Sharma,Grocery,Biscuits,Kota,Rajasthan,6,804,0.05,66.33,UPI
ORD01164,11-04-2026,Varun Gupta,Furniture,Desk Lamp,Meerut,Uttar Pradesh,1,13788,0.08,2095.78,Wallet
ORD01165,05-04-2025,Komal Mehta,Clothing,Dress,Ghaziabad,Uttar Pradesh,4,6336,0.05,1283.04,Card
ORD01166,08-07-2025,Varun Patel,Furniture,Sofa,Pune,Maharashtra,1,7973,0.08,1211.9,UPI
ORD01167,18-06-2025,Amit Yadav,Grocery,Pulses,Agra,Uttar Pradesh,6,10434,0.08,751.25,Net Banking
ORD01168,10-12-2025,Rahul Verma,Furniture,Bookshelf,Noida,Uttar Pradesh,1,3349,0.05,544.21,Cash
ORD01169,12-01-2025,Vivek Verma,Furniture,Desk Lamp,Noida,Uttar Pradesh,1,7743,0.1,1122.73,Wallet
ORD01170,07-08-2026,Shivam Sharma,Furniture,Filing Cabinet,Delhi,Delhi,2,19240,0,3463.2,Wallet
ORD01171,09-01-2025,Mohit Gupta,Grocery,Rice,Delhi,Delhi,3,1383,0.05,114.1,Net Banking
ORD01172,13-05-2025,Rohit Yadav,Furniture,Bookshelf,Kolkata,West Bengal,4,98316,0.05,15976.35,Net Banking
ORD01173,04-05-2026,Shivam Sharma,Electronics,Keyboard,Delhi,Delhi,5,263855,0.08,26913.21,Cash
ORD01174,06-04-2025,Karan Verma,Furniture,Table,Bengaluru,Karnataka,4,13520,0.15,1723.8,Card
ORD01175,20-06-2026,Anjali Kaur,Furniture,Desk Lamp,Mumbai,Maharashtra,6,124482,0.15,15871.45,Card
ORD01176,01-02-2026,Karan Verma,Clothing,Jacket,Agra,Uttar Pradesh,5,19145,0,4211.9,Wallet
ORD01177,16-01-2025,Neha Gupta,Electronics,Keyboard,Pune,Maharashtra,6,199230,0,25899.9,Wallet
ORD01178,30-10-2025,Arjun Kumar,Electronics,Printer,Noida,Uttar Pradesh,4,84636,0.02,10410.23,Cash
ORD01179,17-04-2026,Simran Kaur,Clothing,Jacket,Noida,Uttar Pradesh,1,1767,0.15,295.97,Cash
ORD01180,08-01-2026,Vivek Mehta,Grocery,Atta,Noida,Uttar Pradesh,5,10395,0,1039.5,Net Banking
ORD01181,18-01-2026,Priya Mehta,Furniture,Sofa,Agra,Uttar Pradesh,5,106335,0.05,17279.44,Wallet
ORD01182,08-09-2025,Varun Sharma,Grocery,Tea,Bengaluru,Karnataka,1,313,0.15,14.87,Card
ORD01183,16-03-2025,Karan Mehta,Electronics,Headphones,Jaipur,Rajasthan,2,75928,0.08,7744.66,Net Banking
ORD01184,22-04-2026,Rohit Kumar,Electronics,Smartphone,Kota,Rajasthan,4,170820,0.1,16227.9,Card
ORD01185,03-12-2025,Priya Yadav,Electronics,Tablet,Kolkata,West Bengal,4,54688,0.08,5578.18,Cash
ORD01186,13-10-2025,Sneha Sharma,Grocery,Sugar,Chandigarh,Chandigarh,6,12180,0,1218,Wallet
ORD01187,05-08-2026,Amit Patel,Furniture,Sofa,Meerut,Uttar Pradesh,6,46764,0.05,7599.15,Net Banking
ORD01188,25-02-2025,Pooja Sharma,Electronics,Smartphone,Kolkata,West Bengal,4,126500,0.02,15559.5,Net Banking
ORD01189,12-03-2025,Simran Mehta,Clothing,Jacket,Bengaluru,Karnataka,2,1968,0.02,419.18,UPI
ORD01190,08-08-2025,Simran Singh,Clothing,Hoodie,Chandigarh,Chandigarh,4,14952,0.1,2766.12,UPI
ORD01191,24-12-2025,Nikhil Kaur,Electronics,Tablet,Agra,Uttar Pradesh,3,34146,0.02,4199.96,Net Banking
ORD01192,03-02-2026,Rahul Jain,Furniture,Filing Cabinet,Jaipur,Rajasthan,3,70512,0.1,10224.24,Wallet
ORD01193,29-05-2025,Anjali Yadav,Furniture,Office Chair,Chandigarh,Chandigarh,6,118530,0.1,17186.85,UPI
ORD01194,21-02-2026,Simran Jain,Furniture,Sofa,Meerut,Uttar Pradesh,4,44672,0,8040.96,UPI
ORD01195,07-02-2025,Pooja Verma,Grocery,Atta,Bengaluru,Karnataka,4,9796,0,979.6,Net Banking
ORD01196,15-07-2025,Shivam Sharma,Furniture,Desk Lamp,Jaipur,Rajasthan,2,24412,0.02,4223.28,Cash
ORD01197,27-05-2026,Sneha Mehta,Clothing,T-Shirt,Lucknow,Uttar Pradesh,3,13239,0,2912.58,Net Banking
ORD01198,10-12-2025,Rohit Singh,Clothing,Jacket,Ahmedabad,Gujarat,5,18940,0.1,3503.9,Net Banking
ORD01199,23-03-2026,Riya Gupta,Grocery,Biscuits,Meerut,Uttar Pradesh,5,3730,0.1,242.45,Net Banking
ORD01200,02-04-2025,Rahul Patel,Clothing,Dress,Pune,Maharashtra,1,1017,0,223.74,Net Banking
ORD01201,31-03-2026,Komal Patel,Electronics,Printer,Chandigarh,Chandigarh,5,181495,0,23594.35,UPI
ORD01202,19-07-2026,Riya Kumar,Clothing,Hoodie,Jaipur,Rajasthan,2,4250,0.08,816,Card
ORD01203,10-02-2026,Rahul Yadav,Grocery,Cooking Oil,Agra,Uttar Pradesh,4,7084,0.15,336.49,Card
ORD01204,05-09-2025,Rahul Mehta,Clothing,Jacket,Bengaluru,Karnataka,3,8454,0.08,1623.17,UPI
ORD01205,22-11-2025,Anjali Singh,Electronics,Laptop,Meerut,Uttar Pradesh,3,167100,0.1,15874.5,Wallet
ORD01206,07-02-2026,Amit Patel,Grocery,Sugar,Mumbai,Maharashtra,4,3476,0.1,225.94,Net Banking
ORD01207,22-11-2025,Komal Singh,Furniture,Filing Cabinet,Jaipur,Rajasthan,6,38952,0.08,5920.7,Net Banking
ORD01208,14-08-2026,Riya Gupta,Furniture,Office Chair,Chandigarh,Chandigarh,2,34646,0,6236.28,Wallet
ORD01209,24-03-2026,Rahul Patel,Furniture,Bookshelf,Ghaziabad,Uttar Pradesh,1,3856,0,694.08,Card
ORD01210,14-05-2025,Sneha Yadav,Electronics,Monitor,Pune,Maharashtra,4,9028,0.15,699.67,Card
ORD01211,09-09-2025,Riya Gupta,Furniture,Filing Cabinet,Ghaziabad,Uttar Pradesh,3,21453,0.1,3110.68,UPI
ORD01212,17-08-2026,Rohit Kumar,Clothing,T-Shirt,Meerut,Uttar Pradesh,6,2934,0.15,491.45,Net Banking
ORD01213,06-04-2025,Priya Kaur,Electronics,Monitor,Meerut,Uttar Pradesh,3,53310,0.02,6557.13,Cash
ORD01214,17-03-2025,Aditya Kumar,Furniture,Sofa,Noida,Uttar Pradesh,4,6076,0.08,923.55,Card
ORD01215,04-07-2025,Vivek Sharma,Grocery,Spices,Agra,Uttar Pradesh,6,11556,0.02,1074.71,Card
ORD01216,14-07-2026,Rahul Singh,Electronics,Monitor,Agra,Uttar Pradesh,3,96939,0.1,9209.2,Wallet
ORD01217,24-01-2025,Komal Jain,Clothing,T-Shirt,Ghaziabad,Uttar Pradesh,5,2710,0.1,501.35,Card
ORD01218,22-05-2025,Karan Kumar,Furniture,Bookshelf,Noida,Uttar Pradesh,2,3532,0.05,573.95,Card
ORD01219,19-07-2026,Vivek Kaur,Clothing,Jacket,Kota,Rajasthan,2,2106,0.05,426.47,Net Banking
ORD01220,15-10-2025,Riya Kumar,Grocery,Spices,Ghaziabad,Uttar Pradesh,3,2364,0.02,219.85,Wallet
ORD01221,02-04-2026,Nikhil Patel,Clothing,Jeans,Kolkata,West Bengal,2,8592,0.08,1649.66,Cash
ORD01222,24-07-2025,Shivam Yadav,Clothing,Kurta,Noida,Uttar Pradesh,5,17185,0.08,3299.52,Cash
ORD01223,24-08-2026,Nikhil Gupta,Electronics,Printer,Meerut,Uttar Pradesh,1,34112,0.05,3837.6,Wallet
ORD01224,16-03-2026,Arjun Yadav,Clothing,Shoes,Delhi,Delhi,1,1773,0.05,359.03,Card
ORD01225,18-11-2025,Rohit Sharma,Electronics,Mouse,Bengaluru,Karnataka,3,74931,0.02,9216.51,Cash
ORD01226,27-08-2025,Varun Kumar,Electronics,Smartphone,Ghaziabad,Uttar Pradesh,4,151156,0.05,17005.05,Net Banking
ORD01227,29-07-2026,Simran Patel,Clothing,Kurta,Ghaziabad,Uttar Pradesh,5,10405,0,2289.1,UPI
ORD01228,20-02-2025,Aditya Kaur,Grocery,Spices,Agra,Uttar Pradesh,3,2673,0.02,248.59,UPI
ORD01229,01-12-2025,Shivam Mehta,Clothing,Shoes,Noida,Uttar Pradesh,1,4009,0.02,853.92,Card
ORD01230,05-01-2025,Sneha Gupta,Electronics,Headphones,Delhi,Delhi,6,311604,0.1,29602.38,Card
ORD01231,17-01-2025,Priya Kaur,Grocery,Rice,Mumbai,Maharashtra,5,1200,0.05,99,UPI
ORD01232,23-03-2025,Varun Yadav,Grocery,Tea,Lucknow,Uttar Pradesh,3,4488,0.08,323.14,Net Banking
ORD01233,05-05-2025,Mohit Patel,Electronics,Tablet,Lucknow,Uttar Pradesh,6,182346,0.08,18599.29,UPI
ORD01234,27-11-2025,Nikhil Verma,Electronics,Mouse,Delhi,Delhi,1,9692,0,1259.96,Card
ORD01235,06-01-2025,Amit Gupta,Electronics,Mouse,Chandigarh,Chandigarh,3,162261,0.1,15414.8,UPI
ORD01236,24-01-2026,Simran Singh,Electronics,Laptop,Lucknow,Uttar Pradesh,1,17883,0.05,2011.84,Card
ORD01237,28-02-2026,Sneha Kumar,Grocery,Cooking Oil,Meerut,Uttar Pradesh,3,2058,0.1,133.77,Wallet
ORD01238,26-11-2025,Aditya Verma,Furniture,Desk Lamp,Kota,Rajasthan,6,101154,0.05,16437.53,UPI
ORD01239,26-07-2026,Karan Verma,Clothing,Hoodie,Lucknow,Uttar Pradesh,6,5868,0.05,1188.27,UPI
ORD01240,10-08-2025,Sneha Mehta,Electronics,Printer,Delhi,Delhi,2,2920,0.15,226.3,Card
ORD01241,11-06-2026,Anjali Gupta,Grocery,Cooking Oil,Agra,Uttar Pradesh,2,4996,0.1,324.74,Net Banking
ORD01242,30-01-2026,Sneha Patel,Furniture,Desk Lamp,Noida,Uttar Pradesh,2,15938,0.05,2589.93,Wallet
ORD01243,18-06-2025,Vivek Patel,Furniture,Sofa,Ghaziabad,Uttar Pradesh,1,9904,0.08,1505.41,UPI
ORD01244,17-01-2025,Sneha Singh,Furniture,Sofa,Noida,Uttar Pradesh,6,26466,0.02,4578.62,Cash
ORD01245,29-09-2025,Rohit Jain,Electronics,Printer,Bengaluru,Karnataka,5,151320,0.05,17023.5,UPI
ORD01246,18-03-2026,Komal Yadav,Clothing,Shoes,Ghaziabad,Uttar Pradesh,2,7102,0.1,1313.87,UPI
ORD01247,27-01-2026,Nikhil Verma,Grocery,Tea,Agra,Uttar Pradesh,1,281,0.15,13.35,Cash
ORD01248,21-05-2026,Komal Mehta,Furniture,Sofa,Meerut,Uttar Pradesh,5,49205,0.1,7134.72,UPI
ORD01249,06-02-2025,Shivam Gupta,Electronics,Mouse,Noida,Uttar Pradesh,2,16296,0,2118.48,Card
ORD01250,19-02-2026,Riya Mehta,Electronics,Monitor,Lucknow,Uttar Pradesh,2,116884,0.1,11103.98,UPI
ORD01251,30-07-2025,Arjun Verma,Furniture,Filing Cabinet,Ahmedabad,Gujarat,6,57540,0.08,8746.08,Cash
ORD01252,09-07-2025,Komal Patel,Clothing,Dress,Pune,Maharashtra,3,975,0,214.5,Net Banking
ORD01253,13-03-2025,Arjun Singh,Clothing,Hoodie,Chandigarh,Chandigarh,2,3388,0.05,686.07,Cash
ORD01254,09-12-2025,Rahul Singh,Grocery,Atta,Delhi,Delhi,6,12138,0.08,873.94,Cash
ORD01255,01-05-2026,Shivam Sharma,Electronics,Keyboard,Bengaluru,Karnataka,1,39528,0.05,4446.9,Net Banking
ORD01256,25-10-2025,Karan Jain,Furniture,Sofa,Noida,Uttar Pradesh,1,1369,0.1,198.5,Wallet
ORD01257,10-12-2025,Sneha Kaur,Furniture,Table,Kolkata,West Bengal,1,4076,0.05,662.35,Cash
ORD01258,14-01-2025,Mohit Gupta,Clothing,Dress,Kota,Rajasthan,3,9852,0.08,1891.58,Cash
ORD01259,22-01-2025,Neha Mehta,Grocery,Cooking Oil,Lucknow,Uttar Pradesh,6,13242,0.15,629,Card
ORD01260,18-03-2026,Mohit Verma,Furniture,Bookshelf,Kota,Rajasthan,1,8807,0.1,1277.01,UPI
ORD01261,12-07-2026,Sneha Jain,Furniture,Sofa,Bengaluru,Karnataka,1,9775,0.15,1246.31,Card
ORD01262,04-03-2026,Simran Gupta,Clothing,Dress,Agra,Uttar Pradesh,3,10509,0.1,1944.16,Card
ORD01263,11-04-2026,Shivam Yadav,Electronics,Smartphone,Ahmedabad,Gujarat,5,43290,0.08,4415.58,Cash
ORD01264,03-06-2025,Komal Gupta,Electronics,Laptop,Kota,Rajasthan,6,61452,0.08,6268.1,Wallet
ORD01265,16-01-2025,Sneha Sharma,Furniture,Bookshelf,Kota,Rajasthan,3,8751,0.05,1422.04,Card
ORD01266,10-11-2025,Rahul Mehta,Clothing,Hoodie,Pune,Maharashtra,1,735,0.08,141.12,Cash
ORD01267,30-05-2026,Varun Singh,Electronics,Laptop,Lucknow,Uttar Pradesh,2,47102,0.05,5298.98,UPI
ORD01268,24-03-2025,Vivek Verma,Clothing,Jeans,Chandigarh,Chandigarh,2,7678,0.1,1420.43,UPI
ORD01269,13-02-2026,Rohit Gupta,Grocery,Biscuits,Ghaziabad,Uttar Pradesh,6,9972,0.08,717.98,Cash
ORD01270,23-05-2025,Pooja Gupta,Clothing,Jeans,Pune,Maharashtra,4,11764,0.1,2176.34,Card
ORD01271,04-08-2026,Sneha Jain,Grocery,Sugar,Lucknow,Uttar Pradesh,3,1290,0.05,106.43,Card
ORD01272,17-11-2025,Komal Yadav,Grocery,Spices,Noida,Uttar Pradesh,2,4472,0.08,321.98,Net Banking
ORD01273,29-01-2025,Varun Sharma,Clothing,Shoes,Kota,Rajasthan,4,14640,0.08,2810.88,Net Banking
ORD01274,18-08-2026,Komal Yadav,Electronics,Keyboard,Pune,Maharashtra,3,156456,0.02,19244.09,Card
ORD01275,07-01-2025,Sneha Jain,Clothing,T-Shirt,Kolkata,West Bengal,4,5324,0.08,1022.21,Net Banking
ORD01276,20-04-2025,Anjali Patel,Electronics,Monitor,Delhi,Delhi,3,164961,0.15,12784.48,UPI
ORD01277,05-05-2025,Shivam Jain,Clothing,Kurta,Kota,Rajasthan,6,18084,0,3978.48,UPI
ORD01278,17-08-2025,Neha Gupta,Furniture,Desk Lamp,Meerut,Uttar Pradesh,5,85150,0.02,14730.95,Cash
ORD01279,10-03-2025,Rahul Singh,Electronics,Printer,Pune,Maharashtra,6,82518,0,10727.34,Wallet
ORD01280,26-01-2025,Komal Kaur,Electronics,Monitor,Ghaziabad,Uttar Pradesh,2,14778,0.08,1507.36,Net Banking
ORD01281,29-08-2025,Varun Gupta,Electronics,Monitor,Lucknow,Uttar Pradesh,4,129204,0.02,15892.09,Wallet
ORD01282,26-05-2025,Karan Singh,Grocery,Cooking Oil,Jaipur,Rajasthan,2,336,0.02,31.25,Wallet
ORD01283,13-04-2025,Shivam Kaur,Furniture,Sofa,Kota,Rajasthan,3,30852,0.15,3933.63,Cash
ORD01284,03-03-2026,Nikhil Singh,Clothing,Shoes,Jaipur,Rajasthan,6,7074,0.08,1358.21,UPI
ORD01285,18-08-2026,Vivek Sharma,Clothing,Shoes,Noida,Uttar Pradesh,5,17450,0,3839,Wallet
ORD01286,15-04-2026,Simran Sharma,Grocery,Rice,Agra,Uttar Pradesh,2,3992,0.15,189.62,Card
ORD01287,22-06-2026,Riya Jain,Clothing,Kurta,Ahmedabad,Gujarat,5,10130,0.05,2051.33,UPI
ORD01288,31-07-2026,Anjali Kaur,Furniture,Filing Cabinet,Meerut,Uttar Pradesh,3,66879,0.15,8527.07,Card
ORD01289,11-03-2025,Aditya Mehta,Clothing,Hoodie,Kolkata,West Bengal,6,16686,0.08,3203.71,Net Banking
ORD01290,23-09-2025,Neha Yadav,Furniture,Desk Lamp,Chandigarh,Chandigarh,5,111955,0.1,16233.47,Wallet
ORD01291,31-01-2025,Arjun Verma,Clothing,Kurta,Pune,Maharashtra,4,3412,0,750.64,UPI
ORD01292,31-08-2025,Rohit Singh,Electronics,Printer,Bengaluru,Karnataka,4,87244,0.02,10731.01,Net Banking
ORD01293,08-02-2025,Priya Kaur,Grocery,Cooking Oil,Delhi,Delhi,5,5525,0,552.5,Cash
ORD01294,22-01-2026,Neha Patel,Electronics,Keyboard,Agra,Uttar Pradesh,1,46391,0.08,4731.88,Wallet
ORD01295,20-10-2025,Karan Verma,Furniture,Table,Lucknow,Uttar Pradesh,4,60544,0.15,7719.36,Card
ORD01296,09-04-2025,Pooja Sharma,Grocery,Sugar,Noida,Uttar Pradesh,5,895,0.15,42.51,Card
ORD01297,15-03-2025,Anjali Singh,Electronics,Smartphone,Kolkata,West Bengal,4,151372,0.1,14380.34,Wallet
ORD01298,28-05-2026,Mohit Yadav,Grocery,Sugar,Ahmedabad,Gujarat,2,4832,0.08,347.9,Wallet
ORD01299,14-03-2025,Shivam Kumar,Furniture,Office Chair,Kota,Rajasthan,4,85180,0.08,12947.36,Card
ORD01300,08-07-2026,Anjali Sharma,Clothing,T-Shirt,Noida,Uttar Pradesh,4,8752,0,1925.44,Card
ORD01301,11-06-2025,Vivek Kumar,Clothing,Hoodie,Lucknow,Uttar Pradesh,4,12924,0,2843.28,Wallet
ORD01302,28-02-2025,Varun Kumar,Furniture,Desk Lamp,Pune,Maharashtra,5,55155,0.08,8383.56,Wallet
ORD01303,08-03-2026,Simran Verma,Grocery,Tea,Bengaluru,Karnataka,1,212,0.05,17.49,Cash
ORD01304,04-12-2025,Amit Verma,Electronics,Keyboard,Ghaziabad,Uttar Pradesh,5,270635,0.15,20974.21,Net Banking
ORD01305,24-03-2025,Varun Kaur,Electronics,Laptop,Agra,Uttar Pradesh,1,27878,0.1,2648.41,Card
ORD01306,04-06-2026,Karan Yadav,Clothing,Dress,Delhi,Delhi,1,591,0.08,113.47,Net Banking
ORD01307,27-01-2025,Pooja Jain,Grocery,Tea,Kolkata,West Bengal,2,334,0,33.4,Wallet
ORD01308,22-01-2026,Neha Mehta,Grocery,Rice,Mumbai,Maharashtra,4,1172,0.08,84.38,Net Banking
ORD01309,27-12-2025,Pooja Yadav,Furniture,Office Chair,Kota,Rajasthan,1,20973,0.05,3408.11,Net Banking
ORD01310,21-08-2025,Nikhil Jain,Electronics,Mouse,Ghaziabad,Uttar Pradesh,1,39175,0,5092.75,Wallet
ORD01311,20-03-2025,Amit Singh,Electronics,Laptop,Ahmedabad,Gujarat,6,101868,0,13242.84,Net Banking
ORD01312,08-09-2025,Vivek Singh,Furniture,Bookshelf,Delhi,Delhi,3,36771,0.1,5331.8,Wallet
ORD01313,14-09-2025,Varun Verma,Grocery,Pulses,Bengaluru,Karnataka,1,394,0,39.4,Net Banking
ORD01314,19-07-2026,Vivek Verma,Clothing,Hoodie,Ghaziabad,Uttar Pradesh,4,11116,0.05,2250.99,Wallet
ORD01315,25-02-2025,Mohit Mehta,Clothing,Jacket,Chandigarh,Chandigarh,5,22120,0,4866.4,Wallet
ORD01316,25-08-2025,Vivek Jain,Grocery,Tea,Noida,Uttar Pradesh,2,1282,0.1,83.33,Card
ORD01317,27-03-2026,Sneha Kumar,Electronics,Smartphone,Chandigarh,Chandigarh,2,5900,0.02,725.7,UPI
ORD01318,04-11-2025,Priya Sharma,Grocery,Rice,Lucknow,Uttar Pradesh,3,7467,0.08,537.62,Cash
ORD01319,15-02-2025,Karan Verma,Grocery,Pulses,Delhi,Delhi,4,6620,0.08,476.64,Net Banking
ORD01320,09-11-2025,Amit Jain,Furniture,Filing Cabinet,Jaipur,Rajasthan,5,12560,0.15,1601.4,Cash
ORD01321,10-08-2025,Rahul Yadav,Electronics,Smartphone,Ahmedabad,Gujarat,3,161100,0.1,15304.5,Wallet
ORD01322,21-07-2026,Riya Gupta,Grocery,Spices,Kolkata,West Bengal,6,1878,0,187.8,Wallet
ORD01323,24-09-2025,Arjun Mehta,Grocery,Spices,Pune,Maharashtra,6,14442,0.1,938.73,Net Banking
ORD01324,29-03-2025,Karan Jain,Furniture,Table,Delhi,Delhi,3,69501,0.05,11293.91,Cash
ORD01325,03-10-2025,Simran Patel,Clothing,Kurta,Jaipur,Rajasthan,1,2546,0.05,515.57,UPI
ORD01326,03-07-2025,Sneha Kaur,Electronics,Headphones,Pune,Maharashtra,6,129816,0.05,14604.3,UPI
ORD01327,24-07-2026,Pooja Mehta,Grocery,Rice,Kota,Rajasthan,1,1549,0.08,111.53,UPI
ORD01328,28-03-2026,Arjun Gupta,Electronics,Headphones,Pune,Maharashtra,5,105900,0,13767,Cash
ORD01329,28-06-2025,Neha Patel,Clothing,Hoodie,Kota,Rajasthan,2,4326,0.15,724.61,UPI
ORD01330,03-06-2026,Sneha Patel,Furniture,Office Chair,Bengaluru,Karnataka,1,6837,0.15,871.72,Cash
ORD01331,17-01-2025,Mohit Jain,Electronics,Mouse,Delhi,Delhi,6,105462,0.05,11864.48,UPI
ORD01332,26-04-2025,Komal Kumar,Furniture,Bookshelf,Noida,Uttar Pradesh,1,17411,0.08,2646.47,Card
ORD01333,15-03-2025,Nikhil Gupta,Furniture,Bookshelf,Pune,Maharashtra,3,69345,0.08,10540.44,Card
ORD01334,19-01-2026,Aditya Gupta,Electronics,Smartphone,Pune,Maharashtra,3,67659,0.08,6901.22,Wallet
ORD01335,29-08-2026,Rahul Kumar,Electronics,Keyboard,Agra,Uttar Pradesh,1,19662,0.02,2418.43,Wallet
ORD01336,19-12-2025,Pooja Mehta,Furniture,Bookshelf,Mumbai,Maharashtra,6,104712,0.1,15183.24,Wallet
ORD01337,18-08-2025,Shivam Jain,Electronics,Keyboard,Jaipur,Rajasthan,6,34440,0,4477.2,Wallet
ORD01338,29-04-2026,Komal Jain,Grocery,Cooking Oil,Ahmedabad,Gujarat,5,1450,0.1,94.25,Net Banking
ORD01339,03-12-2025,Karan Yadav,Clothing,Jacket,Ghaziabad,Uttar Pradesh,5,13500,0.02,2875.5,Card
ORD01340,24-02-2026,Mohit Kumar,Grocery,Biscuits,Chandigarh,Chandigarh,1,1067,0.08,76.82,Cash
ORD01341,05-04-2026,Nikhil Verma,Electronics,Smartphone,Bengaluru,Karnataka,4,161052,0.02,19809.4,Wallet
ORD01342,22-05-2025,Tanya Gupta,Furniture,Desk Lamp,Ghaziabad,Uttar Pradesh,4,91556,0.1,13275.62,Cash
ORD01343,02-06-2026,Neha Patel,Clothing,Jacket,Noida,Uttar Pradesh,1,3646,0.08,700.03,Net Banking
ORD01344,05-03-2026,Simran Jain,Furniture,Table,Kota,Rajasthan,1,6264,0,1127.52,Net Banking
ORD01345,25-01-2025,Arjun Kumar,Electronics,Keyboard,Ahmedabad,Gujarat,1,55247,0.08,5635.19,Card
ORD01346,25-07-2026,Karan Gupta,Grocery,Spices,Agra,Uttar Pradesh,2,3454,0.15,164.07,UPI
ORD01347,16-02-2025,Priya Yadav,Clothing,Hoodie,Agra,Uttar Pradesh,5,5910,0.15,989.93,Net Banking
ORD01348,18-05-2025,Arjun Patel,Grocery,Pulses,Chandigarh,Chandigarh,4,5056,0.08,364.03,Wallet
ORD01349,10-04-2026,Riya Yadav,Electronics,Keyboard,Delhi,Delhi,5,197330,0.05,22199.62,Net Banking
ORD01350,26-08-2025,Vivek Kaur,Furniture,Desk Lamp,Chandigarh,Chandigarh,5,49760,0,8956.8,Cash
ORD01351,02-07-2025,Neha Sharma,Electronics,Tablet,Lucknow,Uttar Pradesh,3,77310,0.05,8697.38,Card
ORD01352,22-12-2025,Vivek Singh,Grocery,Tea,Pune,Maharashtra,5,6835,0,683.5,UPI
ORD01353,23-10-2025,Simran Patel,Clothing,Jacket,Kota,Rajasthan,4,8528,0.02,1816.46,UPI
ORD01354,20-07-2026,Komal Singh,Furniture,Filing Cabinet,Lucknow,Uttar Pradesh,2,7888,0.02,1364.62,UPI
ORD01355,14-01-2026,Pooja Gupta,Electronics,Mouse,Delhi,Delhi,4,220636,0,28682.68,Wallet
ORD01356,23-04-2025,Rohit Kaur,Grocery,Pulses,Mumbai,Maharashtra,2,3876,0.05,319.77,Net Banking
ORD01357,30-04-2025,Mohit Kumar,Grocery,Tea,Noida,Uttar Pradesh,2,2440,0.15,115.9,Card
ORD01358,10-04-2026,Komal Kumar,Electronics,Smartphone,Meerut,Uttar Pradesh,5,112880,0.05,12699,Cash
ORD01359,22-11-2025,Pooja Jain,Electronics,Tablet,Noida,Uttar Pradesh,6,315888,0.1,30009.36,UPI
ORD01360,20-07-2025,Simran Kaur,Electronics,Mouse,Meerut,Uttar Pradesh,5,126275,0.02,15531.82,Card
ORD01361,23-07-2025,Priya Jain,Grocery,Atta,Chandigarh,Chandigarh,4,4948,0.02,460.16,Card
ORD01362,02-08-2025,Arjun Sharma,Electronics,Tablet,Noida,Uttar Pradesh,4,148604,0.1,14117.38,Net Banking
ORD01363,24-12-2025,Aditya Jain,Clothing,Kurta,Jaipur,Rajasthan,6,13332,0.15,2233.11,Card
ORD01364,06-02-2026,Tanya Yadav,Clothing,Hoodie,Ghaziabad,Uttar Pradesh,3,12819,0.08,2461.25,Wallet
ORD01365,06-03-2026,Sneha Yadav,Grocery,Tea,Noida,Uttar Pradesh,2,1080,0.05,89.1,Card
ORD01366,27-04-2025,Mohit Mehta,Grocery,Cooking Oil,Meerut,Uttar Pradesh,4,5544,0.15,263.34,Card
ORD01367,25-10-2025,Simran Jain,Grocery,Pulses,Pune,Maharashtra,4,4164,0,416.4,Card
ORD01368,22-11-2025,Nikhil Mehta,Grocery,Rice,Mumbai,Maharashtra,3,3453,0.15,164.02,Net Banking
ORD01369,13-08-2025,Anjali Sharma,Grocery,Spices,Lucknow,Uttar Pradesh,1,1179,0.08,84.89,Cash
ORD01370,31-07-2025,Rohit Patel,Grocery,Spices,Ghaziabad,Uttar Pradesh,5,3810,0.1,247.65,Wallet
ORD01371,22-01-2025,Riya Kumar,Clothing,Jeans,Pune,Maharashtra,5,2315,0.15,387.76,Cash
ORD01372,20-02-2025,Komal Verma,Clothing,Hoodie,Kolkata,West Bengal,5,4095,0.15,685.91,Cash
ORD01373,23-08-2025,Vivek Singh,Furniture,Table,Ahmedabad,Gujarat,5,68800,0.15,8772,Cash
ORD01374,06-02-2025,Rahul Jain,Clothing,Shoes,Ghaziabad,Uttar Pradesh,5,11685,0,2570.7,UPI
ORD01375,25-01-2025,Karan Verma,Grocery,Pulses,Delhi,Delhi,2,2478,0.05,204.44,UPI
ORD01376,04-10-2025,Priya Kumar,Clothing,Dress,Noida,Uttar Pradesh,4,14328,0.02,3051.86,UPI
ORD01377,05-06-2025,Rohit Patel,Grocery,Rice,Delhi,Delhi,6,13788,0.1,896.22,Net Banking
ORD01378,09-06-2026,Rahul Gupta,Furniture,Desk Lamp,Ahmedabad,Gujarat,3,34221,0.08,5201.59,Cash
ORD01379,21-01-2026,Vivek Mehta,Grocery,Sugar,Noida,Uttar Pradesh,3,7320,0.08,527.04,UPI
ORD01380,01-07-2026,Komal Verma,Furniture,Sofa,Mumbai,Maharashtra,3,49914,0.05,8111.03,Net Banking
ORD01381,21-04-2025,Sneha Verma,Electronics,Printer,Chandigarh,Chandigarh,4,100108,0.1,9510.26,Wallet
ORD01382,04-05-2026,Shivam Kumar,Electronics,Tablet,Kolkata,West Bengal,2,59800,0.05,6727.5,Cash
ORD01383,29-07-2026,Arjun Verma,Clothing,Jeans,Kolkata,West Bengal,6,5910,0,1300.2,Net Banking
ORD01384,20-06-2026,Shivam Verma,Furniture,Office Chair,Meerut,Uttar Pradesh,4,84004,0.08,12768.61,UPI
ORD01385,07-02-2025,Anjali Patel,Grocery,Tea,Jaipur,Rajasthan,3,4389,0.02,408.18,Wallet
ORD01386,16-05-2026,Varun Kaur,Grocery,Rice,Lucknow,Uttar Pradesh,6,5616,0.1,365.04,Cash
ORD01387,23-07-2026,Priya Kumar,Furniture,Bookshelf,Kota,Rajasthan,6,99756,0.1,14464.62,Net Banking
ORD01388,05-05-2025,Arjun Verma,Electronics,Tablet,Meerut,Uttar Pradesh,1,11222,0.1,1066.09,Net Banking
ORD01389,22-06-2026,Aditya Singh,Electronics,Laptop,Jaipur,Rajasthan,4,47152,0.15,3654.28,Wallet
ORD01390,29-10-2025,Simran Jain,Grocery,Spices,Delhi,Delhi,3,1683,0.08,121.18,Cash
ORD01391,20-06-2026,Pooja Patel,Clothing,Kurta,Bengaluru,Karnataka,2,2918,0.05,590.9,Cash
ORD01392,19-05-2025,Arjun Jain,Clothing,Shoes,Kota,Rajasthan,2,6008,0.15,1006.34,Net Banking
ORD01393,10-03-2025,Rahul Gupta,Electronics,Smartphone,Jaipur,Rajasthan,2,20906,0.08,2132.41,Card
ORD01394,07-04-2025,Amit Patel,Furniture,Filing Cabinet,Noida,Uttar Pradesh,5,79135,0.05,12859.44,Net Banking
ORD01395,20-12-2025,Rahul Verma,Furniture,Office Chair,Agra,Uttar Pradesh,6,114732,0.02,19848.64,Cash
ORD01396,17-02-2026,Simran Jain,Clothing,Hoodie,Ahmedabad,Gujarat,4,11216,0.05,2271.24,Wallet
ORD01397,10-08-2025,Simran Singh,Furniture,Office Chair,Pune,Maharashtra,2,8348,0.15,1064.37,Cash
ORD01398,28-01-2026,Anjali Patel,Electronics,Keyboard,Kolkata,West Bengal,5,195450,0.15,15147.38,Wallet
ORD01399,22-06-2025,Rahul Verma,Clothing,Hoodie,Chandigarh,Chandigarh,5,20890,0.02,4449.57,Card
ORD01400,28-11-2025,Priya Sharma,Electronics,Keyboard,Meerut,Uttar Pradesh,2,63520,0,8257.6,Card
ORD01401,28-05-2026,Rohit Verma,Grocery,Spices,Bengaluru,Karnataka,4,5676,0.05,468.27,Wallet
ORD01402,16-11-2025,Komal Yadav,Grocery,Spices,Kolkata,West Bengal,4,8092,0.05,667.59,Wallet
ORD01403,27-05-2025,Nikhil Jain,Electronics,Mouse,Meerut,Uttar Pradesh,6,331386,0.05,37280.93,Net Banking
ORD01404,23-12-2025,Arjun Sharma,Grocery,Tea,Bengaluru,Karnataka,1,2365,0.08,170.28,Cash
ORD01405,28-07-2026,Pooja Mehta,Grocery,Biscuits,Chandigarh,Chandigarh,4,3820,0.1,248.3,Cash
ORD01406,23-06-2026,Pooja Sharma,Furniture,Filing Cabinet,Delhi,Delhi,2,30572,0.05,4967.95,Wallet
ORD01407,14-01-2025,Tanya Gupta,Clothing,Jacket,Noida,Uttar Pradesh,3,7134,0.1,1319.79,UPI
ORD01408,17-09-2025,Simran Sharma,Clothing,Dress,Kota,Rajasthan,4,2636,0.15,441.53,Wallet
ORD01409,27-06-2025,Aditya Jain,Electronics,Printer,Pune,Maharashtra,6,182304,0.08,18595.01,UPI
ORD01410,06-06-2025,Arjun Singh,Electronics,Smartphone,Delhi,Delhi,5,296030,0.15,22942.33,UPI
ORD01411,10-04-2025,Varun Gupta,Grocery,Cooking Oil,Delhi,Delhi,4,1340,0.05,110.55,Card
ORD01412,23-06-2025,Shivam Yadav,Electronics,Smartphone,Ahmedabad,Gujarat,6,337134,0.05,37927.58,Wallet
ORD01413,08-03-2025,Pooja Jain,Electronics,Tablet,Jaipur,Rajasthan,6,266910,0,34698.3,Card
ORD01414,23-07-2025,Komal Mehta,Clothing,T-Shirt,Meerut,Uttar Pradesh,4,2656,0.05,537.84,Card
ORD01415,16-12-2025,Sneha Patel,Electronics,Headphones,Lucknow,Uttar Pradesh,5,117910,0,15328.3,UPI
ORD01416,30-03-2025,Arjun Yadav,Grocery,Cooking Oil,Noida,Uttar Pradesh,1,827,0.15,39.28,Wallet
ORD01417,19-01-2026,Sneha Kumar,Electronics,Keyboard,Kolkata,West Bengal,1,14855,0.15,1151.26,Card
ORD01418,16-05-2025,Vivek Sharma,Clothing,Hoodie,Bengaluru,Karnataka,6,11190,0.15,1874.33,Net Banking
ORD01419,28-02-2026,Karan Verma,Clothing,Jeans,Lucknow,Uttar Pradesh,2,9856,0.05,1995.84,Cash
ORD01420,28-09-2025,Priya Kaur,Furniture,Table,Lucknow,Uttar Pradesh,3,70971,0.08,10787.59,Cash
ORD01421,24-06-2025,Amit Patel,Clothing,Jacket,Kolkata,West Bengal,6,27504,0.08,5280.77,Net Banking
ORD01422,22-12-2025,Vivek Verma,Furniture,Desk Lamp,Pune,Maharashtra,2,47618,0.08,7237.94,Cash
ORD01423,24-04-2026,Simran Sharma,Clothing,T-Shirt,Mumbai,Maharashtra,2,4830,0.02,1028.79,UPI
ORD01424,17-01-2026,Shivam Mehta,Furniture,Sofa,Meerut,Uttar Pradesh,4,80112,0.05,13018.2,Wallet
ORD01425,09-01-2025,Arjun Mehta,Electronics,Smartphone,Chandigarh,Chandigarh,1,41853,0.05,4708.46,Net Banking
ORD01426,10-11-2025,Arjun Kaur,Clothing,Jacket,Bengaluru,Karnataka,1,1832,0.05,370.98,Wallet
ORD01427,13-08-2026,Nikhil Mehta,Furniture,Office Chair,Kota,Rajasthan,5,78780,0.1,11423.1,Net Banking
ORD01428,10-05-2026,Riya Gupta,Furniture,Bookshelf,Chandigarh,Chandigarh,3,61473,0.05,9989.36,UPI
ORD01429,15-08-2026,Riya Patel,Furniture,Desk Lamp,Noida,Uttar Pradesh,4,59020,0.05,9590.75,UPI
ORD01430,21-06-2026,Pooja Patel,Furniture,Desk Lamp,Meerut,Uttar Pradesh,3,61071,0.15,7786.55,Card
ORD01431,25-05-2025,Mohit Kaur,Furniture,Filing Cabinet,Agra,Uttar Pradesh,1,3762,0.05,611.33,Net Banking
ORD01432,26-06-2025,Vivek Gupta,Furniture,Sofa,Delhi,Delhi,6,33792,0.02,5846.02,UPI
ORD01433,08-09-2025,Neha Jain,Furniture,Table,Ahmedabad,Gujarat,2,30208,0,5437.44,Cash
ORD01434,18-07-2026,Riya Verma,Electronics,Printer,Meerut,Uttar Pradesh,3,21441,0.08,2186.98,Net Banking
ORD01435,12-05-2025,Anjali Singh,Grocery,Pulses,Chandigarh,Chandigarh,2,944,0.08,67.97,Net Banking
ORD01436,08-02-2026,Varun Kumar,Clothing,Jacket,Ahmedabad,Gujarat,6,22668,0.1,4193.58,Cash
ORD01437,13-01-2026,Mohit Yadav,Grocery,Rice,Ghaziabad,Uttar Pradesh,5,4045,0.02,376.19,Wallet
ORD01438,27-05-2026,Pooja Sharma,Electronics,Tablet,Noida,Uttar Pradesh,6,94068,0.02,11570.36,Card
ORD01439,04-07-2025,Nikhil Singh,Clothing,Shoes,Noida,Uttar Pradesh,3,10338,0.15,1731.62,Cash
ORD01440,08-03-2026,Arjun Singh,Clothing,Shoes,Bengaluru,Karnataka,4,2340,0.05,473.85,Net Banking
ORD01441,14-04-2025,Riya Sharma,Electronics,Printer,Kolkata,West Bengal,1,23294,0.15,1805.29,Card
ORD01442,11-04-2026,Rahul Kaur,Clothing,Jeans,Pune,Maharashtra,5,17225,0.15,2885.19,Net Banking
ORD01443,29-04-2025,Tanya Kaur,Grocery,Rice,Lucknow,Uttar Pradesh,4,4556,0.15,216.41,Wallet
ORD01444,09-01-2026,Rohit Singh,Clothing,Hoodie,Kota,Rajasthan,6,18264,0.1,3378.84,Net Banking
ORD01445,28-08-2026,Simran Verma,Grocery,Cooking Oil,Meerut,Uttar Pradesh,1,1460,0.15,69.35,Wallet
ORD01446,05-05-2025,Aditya Kaur,Grocery,Spices,Delhi,Delhi,4,4932,0,493.2,Cash
ORD01447,31-10-2025,Rahul Jain,Electronics,Smartphone,Lucknow,Uttar Pradesh,4,90860,0.15,7041.65,Cash
ORD01448,29-11-2025,Vivek Sharma,Furniture,Bookshelf,Agra,Uttar Pradesh,4,5496,0.08,835.39,Wallet
ORD01449,10-02-2026,Karan Singh,Electronics,Smartphone,Chandigarh,Chandigarh,1,35417,0.15,2744.82,UPI
ORD01450,18-03-2026,Simran Yadav,Electronics,Keyboard,Chandigarh,Chandigarh,2,84158,0.08,8584.12,Net Banking
ORD01451,11-02-2025,Priya Yadav,Furniture,Filing Cabinet,Ahmedabad,Gujarat,5,97235,0.08,14779.72,Cash
ORD01452,27-01-2026,Komal Kumar,Electronics,Keyboard,Pune,Maharashtra,6,254394,0,33071.22,Cash
ORD01453,21-09-2025,Priya Mehta,Clothing,Shoes,Jaipur,Rajasthan,1,1806,0.15,302.5,UPI
ORD01454,07-07-2026,Karan Sharma,Furniture,Desk Lamp,Lucknow,Uttar Pradesh,3,62913,0.1,9122.39,Cash
ORD01455,10-07-2025,Simran Jain,Grocery,Sugar,Kolkata,West Bengal,4,4820,0.15,228.95,UPI
ORD01456,21-02-2026,Pooja Sharma,Grocery,Atta,Bengaluru,Karnataka,3,3588,0,358.8,Net Banking
ORD01457,22-11-2025,Rohit Verma,Furniture,Bookshelf,Lucknow,Uttar Pradesh,4,81720,0.15,10419.3,Card
ORD01458,17-04-2026,Shivam Mehta,Electronics,Smartphone,Ghaziabad,Uttar Pradesh,1,40667,0.05,4575.04,Wallet
ORD01459,18-12-2025,Anjali Yadav,Clothing,Kurta,Jaipur,Rajasthan,4,19472,0,4283.84,Cash
ORD01460,30-06-2026,Arjun Mehta,Grocery,Atta,Kota,Rajasthan,6,12738,0.02,1184.63,Cash
ORD01461,14-05-2026,Varun Yadav,Grocery,Rice,Bengaluru,Karnataka,5,2005,0.15,95.24,UPI
ORD01462,19-11-2025,Sneha Kaur,Furniture,Filing Cabinet,Mumbai,Maharashtra,3,32286,0.05,5246.48,UPI
ORD01463,02-08-2026,Nikhil Mehta,Furniture,Desk Lamp,Pune,Maharashtra,2,42510,0.05,6907.88,UPI
ORD01464,05-07-2026,Neha Mehta,Clothing,Kurta,Chandigarh,Chandigarh,4,8888,0.08,1706.5,Wallet
ORD01465,08-08-2026,Vivek Singh,Electronics,Monitor,Jaipur,Rajasthan,2,28896,0,3756.48,Card
ORD01466,13-10-2025,Anjali Yadav,Grocery,Spices,Agra,Uttar Pradesh,2,3584,0.1,232.96,UPI
ORD01467,18-02-2026,Aditya Kaur,Clothing,Kurta,Mumbai,Maharashtra,5,17560,0.02,3740.28,Cash
ORD01468,04-01-2025,Varun Yadav,Grocery,Atta,Ahmedabad,Gujarat,2,3436,0.05,283.47,Net Banking
ORD01469,05-03-2026,Nikhil Mehta,Furniture,Filing Cabinet,Noida,Uttar Pradesh,4,79240,0.15,10103.1,Card
ORD01470,24-03-2025,Tanya Patel,Electronics,Mouse,Meerut,Uttar Pradesh,5,206135,0.1,19582.83,Net Banking
ORD01471,29-04-2026,Priya Yadav,Electronics,Smartphone,Pune,Maharashtra,2,23018,0.1,2186.71,UPI
ORD01472,03-09-2025,Arjun Kaur,Grocery,Sugar,Ahmedabad,Gujarat,2,3910,0.05,322.57,Card
ORD01473,15-08-2026,Sneha Kaur,Clothing,Jeans,Lucknow,Uttar Pradesh,1,553,0.02,117.79,Card
ORD01474,24-04-2025,Tanya Yadav,Grocery,Sugar,Kolkata,West Bengal,2,3938,0.1,255.97,Card
ORD01475,03-02-2025,Nikhil Jain,Furniture,Sofa,Chandigarh,Chandigarh,1,1025,0.15,130.69,Net Banking
ORD01476,05-07-2026,Rohit Patel,Grocery,Cooking Oil,Kolkata,West Bengal,4,4580,0.15,217.55,Wallet
ORD01477,12-02-2026,Amit Yadav,Electronics,Printer,Kota,Rajasthan,6,27108,0.05,3049.65,Net Banking
ORD01478,26-09-2025,Shivam Kumar,Grocery,Spices,Kolkata,West Bengal,1,504,0.02,46.87,Card
ORD01479,10-05-2026,Pooja Gupta,Clothing,Shoes,Bengaluru,Karnataka,3,4386,0.02,934.22,UPI
ORD01480,19-05-2026,Karan Gupta,Clothing,Dress,Chandigarh,Chandigarh,1,4053,0.15,678.88,Cash
ORD01481,22-09-2025,Shivam Gupta,Clothing,Dress,Kota,Rajasthan,3,11967,0.15,2004.47,Wallet
ORD01482,15-08-2025,Mohit Patel,Electronics,Keyboard,Meerut,Uttar Pradesh,5,97510,0,12676.3,Cash
ORD01483,09-11-2025,Aditya Kaur,Clothing,Jacket,Chandigarh,Chandigarh,2,9900,0.15,1658.25,Cash
ORD01484,27-10-2025,Riya Gupta,Furniture,Filing Cabinet,Kolkata,West Bengal,6,30072,0.02,5202.46,Card
ORD01485,13-01-2025,Simran Yadav,Electronics,Mouse,Pune,Maharashtra,3,30969,0.1,2942.05,Wallet
ORD01486,09-06-2025,Shivam Jain,Grocery,Pulses,Pune,Maharashtra,2,2978,0.15,141.46,Cash
ORD01487,09-05-2026,Arjun Kaur,Clothing,Shoes,Ahmedabad,Gujarat,4,6740,0.1,1246.9,Net Banking
ORD01488,18-08-2025,Neha Gupta,Electronics,Monitor,Agra,Uttar Pradesh,2,41740,0.02,5134.02,Wallet
ORD01489,13-01-2025,Komal Verma,Electronics,Mouse,Agra,Uttar Pradesh,4,122808,0.1,11666.76,Card
ORD01490,04-06-2026,Priya Gupta,Clothing,Dress,Delhi,Delhi,4,4436,0.05,898.29,Wallet
ORD01491,08-09-2025,Simran Singh,Electronics,Laptop,Kota,Rajasthan,5,174355,0.02,21445.67,Card
ORD01492,30-09-2025,Varun Gupta,Furniture,Filing Cabinet,Chandigarh,Chandigarh,4,26456,0,4762.08,UPI
ORD01493,07-11-2025,Amit Verma,Furniture,Filing Cabinet,Ahmedabad,Gujarat,1,5143,0.1,745.73,Card
ORD01494,11-04-2025,Varun Sharma,Furniture,Desk Lamp,Kolkata,West Bengal,5,82195,0.08,12493.64,Cash
ORD01495,03-05-2026,Pooja Kumar,Electronics,Mouse,Kota,Rajasthan,1,29560,0,3842.8,Wallet
ORD01496,19-08-2026,Nikhil Kumar,Furniture,Desk Lamp,Kota,Rajasthan,3,58365,0,10505.7,Net Banking
ORD01497,01-01-2025,Simran Mehta,Furniture,Desk Lamp,Kolkata,West Bengal,6,125598,0.08,19090.9,Wallet
ORD01498,10-05-2026,Komal Gupta,Clothing,Shoes,Bengaluru,Karnataka,2,5984,0.1,1107.04,Cash
ORD01499,29-07-2026,Komal Gupta,Clothing,Hoodie,Mumbai,Maharashtra,2,6188,0.05,1253.07,Net Banking
ORD01500,27-04-2026,Aditya Singh,Electronics,Keyboard,Kota,Rajasthan,1,21519,0.1,2044.31,Card
ORD01501,17-12-2025,Varun Singh,Electronics,Tablet,Bengaluru,Karnataka,3,20391,0.08,2079.88,Card
ORD01502,24-11-2025,Komal Kaur,Electronics,Mouse,Ghaziabad,Uttar Pradesh,3,100452,0.05,11300.85,UPI
ORD01503,10-06-2025,Pooja Mehta,Clothing,Kurta,Ghaziabad,Uttar Pradesh,5,7830,0.05,1585.58,Card
ORD01504,01-05-2026,Tanya Mehta,Furniture,Desk Lamp,Bengaluru,Karnataka,2,22942,0.1,3326.59,Cash
ORD01505,10-11-2025,Anjali Yadav,Furniture,Bookshelf,Kota,Rajasthan,3,38850,0.02,6721.05,Cash
ORD01506,06-01-2025,Riya Sharma,Grocery,Tea,Jaipur,Rajasthan,5,8455,0.08,608.76,Net Banking
ORD01507,20-01-2025,Pooja Verma,Clothing,Dress,Kolkata,West Bengal,2,8084,0.05,1637.01,Cash
ORD01508,27-01-2026,Anjali Jain,Clothing,Hoodie,Agra,Uttar Pradesh,1,2936,0.08,563.71,Wallet
ORD01509,20-04-2025,Priya Verma,Furniture,Table,Pune,Maharashtra,5,76105,0.05,12367.06,Card
ORD01510,04-02-2026,Aditya Verma,Clothing,Dress,Kota,Rajasthan,6,24894,0,5476.68,Cash
ORD01511,05-07-2026,Mohit Kaur,Grocery,Rice,Noida,Uttar Pradesh,1,1483,0.05,122.35,Cash
ORD01512,28-02-2026,Neha Singh,Electronics,Printer,Meerut,Uttar Pradesh,6,32688,0.05,3677.4,Wallet
ORD01513,09-09-2025,Anjali Patel,Clothing,Kurta,Ghaziabad,Uttar Pradesh,5,5100,0.08,979.2,Wallet
ORD01514,11-03-2025,Anjali Yadav,Clothing,Kurta,Mumbai,Maharashtra,3,1437,0.02,306.08,Net Banking
ORD01515,06-01-2026,Anjali Verma,Furniture,Table,Agra,Uttar Pradesh,4,33040,0.08,5022.08,Cash
ORD01516,25-02-2026,Nikhil Mehta,Clothing,Kurta,Chandigarh,Chandigarh,1,1449,0,318.78,Net Banking
ORD01517,24-03-2026,Amit Jain,Electronics,Laptop,Mumbai,Maharashtra,3,4983,0.1,473.38,Cash
ORD01518,19-03-2025,Shivam Kumar,Grocery,Tea,Pune,Maharashtra,3,1062,0.15,50.45,Wallet
ORD01519,11-08-2026,Sneha Patel,Electronics,Keyboard,Kolkata,West Bengal,5,280315,0,36440.95,Card
ORD01520,05-06-2025,Anjali Kumar,Electronics,Tablet,Ahmedabad,Gujarat,3,93363,0.08,9523.03,Card
ORD01521,16-02-2026,Shivam Gupta,Clothing,Shoes,Mumbai,Maharashtra,6,23052,0,5071.44,UPI
ORD01522,04-06-2025,Simran Verma,Grocery,Rice,Delhi,Delhi,2,2800,0.08,201.6,Wallet
ORD01523,30-12-2025,Shivam Singh,Clothing,Kurta,Kota,Rajasthan,6,11646,0.1,2154.51,Card
ORD01524,01-07-2026,Tanya Sharma,Furniture,Table,Lucknow,Uttar Pradesh,2,8212,0,1478.16,Card
ORD01525,02-08-2025,Pooja Gupta,Clothing,T-Shirt,Agra,Uttar Pradesh,3,6555,0.15,1097.96,Card
ORD01526,21-05-2025,Sneha Kumar,Grocery,Tea,Ghaziabad,Uttar Pradesh,2,3070,0,307,Net Banking
ORD01527,02-08-2025,Riya Sharma,Electronics,Printer,Ahmedabad,Gujarat,6,339480,0.15,26309.7,Net Banking
ORD01528,08-05-2025,Priya Singh,Grocery,Spices,Ghaziabad,Uttar Pradesh,2,3276,0.1,212.94,Wallet
ORD01529,02-01-2026,Anjali Mehta,Electronics,Keyboard,Kolkata,West Bengal,2,16974,0.08,1731.35,Card
ORD01530,19-09-2025,Komal Kumar,Furniture,Office Chair,Kolkata,West Bengal,5,62955,0.08,9569.16,Net Banking
ORD01531,30-12-2025,Mohit Gupta,Electronics,Laptop,Jaipur,Rajasthan,4,107336,0,13953.68,UPI
ORD01532,04-02-2026,Aditya Sharma,Grocery,Tea,Ghaziabad,Uttar Pradesh,6,2550,0.15,121.13,Cash
ORD01533,10-01-2025,Neha Jain,Clothing,T-Shirt,Meerut,Uttar Pradesh,2,3504,0.1,648.24,Card
ORD01534,03-08-2025,Vivek Yadav,Furniture,Filing Cabinet,Kota,Rajasthan,1,2804,0.1,406.58,Wallet
ORD01535,05-06-2025,Arjun Yadav,Grocery,Atta,Jaipur,Rajasthan,2,1590,0.1,103.35,UPI
ORD01536,18-01-2026,Simran Patel,Furniture,Office Chair,Kota,Rajasthan,2,21658,0.08,3292.02,Cash
ORD01537,05-02-2025,Neha Mehta,Electronics,Laptop,Agra,Uttar Pradesh,1,58849,0.08,6002.6,UPI
ORD01538,17-08-2025,Priya Mehta,Grocery,Atta,Meerut,Uttar Pradesh,1,141,0.05,11.63,UPI
ORD01539,27-03-2026,Neha Patel,Electronics,Printer,Kota,Rajasthan,4,226832,0.1,21549.04,UPI
ORD01540,07-07-2026,Mohit Patel,Clothing,Shoes,Kota,Rajasthan,3,4050,0.05,820.12,UPI
ORD01541,13-08-2025,Komal Singh,Grocery,Pulses,Chandigarh,Chandigarh,5,4415,0.02,410.59,Card
ORD01542,18-02-2026,Vivek Patel,Furniture,Filing Cabinet,Noida,Uttar Pradesh,6,23436,0.15,2988.09,UPI
ORD01543,05-11-2025,Anjali Kaur,Furniture,Table,Lucknow,Uttar Pradesh,2,49442,0.15,6303.86,Wallet
ORD01544,29-05-2025,Shivam Sharma,Clothing,Hoodie,Meerut,Uttar Pradesh,3,11271,0.05,2282.38,Net Banking
ORD01545,04-02-2025,Karan Singh,Electronics,Mouse,Meerut,Uttar Pradesh,1,9968,0.15,772.52,Net Banking
ORD01546,12-07-2025,Shivam Mehta,Clothing,T-Shirt,Pune,Maharashtra,4,17052,0.05,3453.03,Net Banking
ORD01547,01-05-2025,Simran Jain,Furniture,Sofa,Pune,Maharashtra,3,56061,0.08,8521.27,Cash
ORD01548,13-04-2026,Rohit Yadav,Clothing,Jeans,Lucknow,Uttar Pradesh,3,12876,0.1,2382.06,Wallet
ORD01549,27-01-2025,Varun Singh,Clothing,T-Shirt,Kolkata,West Bengal,3,11382,0.15,1906.49,UPI
ORD01550,30-10-2025,Neha Yadav,Furniture,Sofa,Ahmedabad,Gujarat,1,4741,0.1,687.44,Cash
ORD01551,12-02-2026,Komal Verma,Grocery,Spices,Mumbai,Maharashtra,1,2147,0.02,199.67,Card
ORD01552,05-06-2025,Shivam Jain,Furniture,Office Chair,Ghaziabad,Uttar Pradesh,6,74382,0.1,10785.39,Wallet
ORD01553,20-06-2025,Mohit Singh,Electronics,Smartphone,Mumbai,Maharashtra,2,92122,0.1,8751.59,UPI
ORD01554,05-06-2025,Varun Patel,Furniture,Filing Cabinet,Bengaluru,Karnataka,5,41070,0.15,5236.43,Net Banking
ORD01555,19-06-2026,Nikhil Kaur,Furniture,Bookshelf,Delhi,Delhi,4,42060,0.08,6393.12,Net Banking
ORD01556,15-09-2025,Varun Gupta,Clothing,Jeans,Chandigarh,Chandigarh,3,906,0,199.32,Card
ORD01557,08-05-2026,Arjun Verma,Electronics,Laptop,Kolkata,West Bengal,4,39176,0.02,4818.65,Net Banking
ORD01558,12-09-2025,Mohit Kumar,Furniture,Filing Cabinet,Jaipur,Rajasthan,4,80716,0.02,13963.87,Card
ORD01559,31-03-2026,Neha Gupta,Clothing,Jeans,Jaipur,Rajasthan,1,1543,0.02,328.66,Cash
ORD01560,28-04-2026,Karan Kaur,Electronics,Monitor,Mumbai,Maharashtra,3,104868,0,13632.84,Cash
ORD01561,16-12-2025,Simran Sharma,Electronics,Printer,Meerut,Uttar Pradesh,1,58286,0.15,4517.17,Net Banking
ORD01562,22-06-2025,Aditya Gupta,Clothing,T-Shirt,Bengaluru,Karnataka,4,15156,0.1,2803.86,Card
ORD01563,05-09-2025,Aditya Mehta,Electronics,Monitor,Chandigarh,Chandigarh,5,199295,0.05,22420.69,Net Banking
ORD01564,10-10-2025,Simran Jain,Electronics,Monitor,Ahmedabad,Gujarat,3,167406,0.15,12973.97,Cash
ORD01565,13-05-2026,Karan Patel,Grocery,Tea,Agra,Uttar Pradesh,1,132,0,13.2,Net Banking
ORD01566,15-05-2026,Varun Patel,Furniture,Desk Lamp,Jaipur,Rajasthan,6,57048,0,10268.64,Wallet
ORD01567,11-04-2025,Shivam Kumar,Grocery,Spices,Delhi,Delhi,5,2605,0.1,169.33,UPI
ORD01568,08-03-2026,Riya Sharma,Furniture,Bookshelf,Pune,Maharashtra,6,144252,0.1,20916.54,Cash
ORD01569,19-03-2026,Rahul Verma,Grocery,Pulses,Pune,Maharashtra,5,1160,0.08,83.52,Wallet
ORD01570,27-02-2026,Rahul Kaur,Furniture,Office Chair,Bengaluru,Karnataka,3,12111,0.05,1968.04,Cash
ORD01571,11-10-2025,Sneha Sharma,Clothing,Hoodie,Bengaluru,Karnataka,3,9558,0.02,2035.85,Cash
ORD01572,15-07-2026,Anjali Mehta,Grocery,Tea,Kolkata,West Bengal,2,1874,0.1,121.81,Cash
ORD01573,06-07-2026,Karan Yadav,Furniture,Sofa,Ahmedabad,Gujarat,1,11736,0.05,1907.1,Cash
ORD01574,25-05-2026,Arjun Mehta,Electronics,Monitor,Bengaluru,Karnataka,4,84428,0.1,8020.66,Card
ORD01575,25-03-2026,Mohit Singh,Clothing,Hoodie,Chandigarh,Chandigarh,4,12688,0.05,2569.32,Card
ORD01576,28-07-2026,Vivek Jain,Clothing,T-Shirt,Noida,Uttar Pradesh,2,5686,0.1,1051.91,Wallet
ORD01577,06-04-2025,Priya Patel,Furniture,Sofa,Pune,Maharashtra,6,19728,0.02,3412.94,Net Banking
ORD01578,11-02-2026,Neha Mehta,Clothing,Jeans,Chandigarh,Chandigarh,3,13992,0.05,2833.38,UPI
ORD01579,30-03-2026,Amit Verma,Clothing,Kurta,Pune,Maharashtra,1,2952,0.02,628.78,Wallet
ORD01580,13-08-2025,Karan Verma,Furniture,Filing Cabinet,Lucknow,Uttar Pradesh,1,17003,0.02,2941.52,Net Banking
ORD01581,10-05-2026,Sneha Mehta,Furniture,Table,Delhi,Delhi,3,26352,0,4743.36,Wallet
ORD01582,13-08-2026,Riya Gupta,Furniture,Sofa,Meerut,Uttar Pradesh,5,99170,0.08,15073.84,Cash
ORD01583,08-07-2026,Mohit Kumar,Clothing,Shoes,Agra,Uttar Pradesh,3,6666,0.05,1349.87,Card
ORD01584,16-08-2026,Neha Kumar,Clothing,Hoodie,Ahmedabad,Gujarat,6,13932,0.1,2577.42,Wallet
ORD01585,23-12-2025,Varun Verma,Grocery,Biscuits,Noida,Uttar Pradesh,5,5065,0.15,240.59,Net Banking
ORD01586,25-03-2026,Aditya Patel,Clothing,Kurta,Ahmedabad,Gujarat,1,4070,0.1,752.95,Net Banking
ORD01587,28-02-2025,Mohit Kaur,Electronics,Keyboard,Delhi,Delhi,5,149950,0.1,14245.25,Card
ORD01588,16-09-2025,Rahul Patel,Electronics,Smartphone,Noida,Uttar Pradesh,6,112158,0.1,10655.01,Net Banking
ORD01589,06-07-2026,Vivek Yadav,Grocery,Atta,Jaipur,Rajasthan,2,3862,0.05,318.62,Card
ORD01590,07-01-2025,Tanya Sharma,Grocery,Atta,Kolkata,West Bengal,5,12415,0.05,1024.24,Cash
ORD01591,15-06-2025,Pooja Verma,Electronics,Monitor,Pune,Maharashtra,1,35319,0.08,3602.54,Wallet
ORD01592,03-05-2025,Anjali Kumar,Furniture,Table,Delhi,Delhi,6,102114,0.15,13019.53,UPI
ORD01593,01-05-2026,Neha Yadav,Grocery,Spices,Kolkata,West Bengal,4,6564,0.15,311.79,Card
ORD01594,16-09-2025,Aditya Kumar,Electronics,Headphones,Agra,Uttar Pradesh,2,93902,0.08,9578,Card
ORD01595,25-03-2025,Anjali Kaur,Clothing,Shoes,Ghaziabad,Uttar Pradesh,2,6354,0.15,1064.3,UPI
ORD01596,18-01-2026,Rohit Singh,Clothing,T-Shirt,Pune,Maharashtra,1,4863,0,1069.86,UPI
ORD01597,05-08-2026,Shivam Yadav,Electronics,Laptop,Agra,Uttar Pradesh,4,82684,0,10748.92,UPI
ORD01598,03-07-2026,Pooja Yadav,Furniture,Table,Bengaluru,Karnataka,5,85625,0.02,14813.12,UPI
ORD01599,01-07-2025,Komal Singh,Furniture,Desk Lamp,Agra,Uttar Pradesh,5,32985,0.08,5013.72,Net Banking
ORD01600,26-10-2025,Rohit Yadav,Electronics,Laptop,Mumbai,Maharashtra,1,53500,0.05,6018.75,Card
ORD01601,12-12-2025,Sneha Jain,Furniture,Office Chair,Kota,Rajasthan,2,41150,0.02,7118.95,Net Banking
ORD01602,10-09-2025,Mohit Singh,Grocery,Cooking Oil,Bengaluru,Karnataka,5,1740,0.05,143.55,Card
ORD01603,02-03-2025,Aditya Patel,Grocery,Sugar,Kolkata,West Bengal,4,1000,0.05,82.5,UPI
ORD01604,29-06-2026,Komal Mehta,Electronics,Smartphone,Mumbai,Maharashtra,5,191440,0.15,14836.6,Wallet
ORD01605,27-10-2025,Nikhil Mehta,Furniture,Bookshelf,Agra,Uttar Pradesh,2,30952,0.02,5354.7,Net Banking
ORD01606,26-11-2025,Varun Kaur,Grocery,Cooking Oil,Kota,Rajasthan,1,2092,0,209.2,Wallet
ORD01607,12-02-2025,Pooja Kumar,Grocery,Tea,Kota,Rajasthan,3,915,0.1,59.48,Cash
ORD01608,29-01-2025,Amit Gupta,Furniture,Filing Cabinet,Agra,Uttar Pradesh,6,14226,0.1,2062.77,Net Banking
ORD01609,05-06-2026,Komal Singh,Furniture,Bookshelf,Mumbai,Maharashtra,1,23218,0.08,3529.14,Wallet
ORD01610,14-04-2026,Arjun Verma,Clothing,Dress,Chandigarh,Chandigarh,1,2057,0,452.54,Cash
ORD01611,16-01-2025,Amit Mehta,Electronics,Mouse,Kota,Rajasthan,2,76060,0.15,5894.65,Card
ORD01612,01-07-2025,Riya Verma,Electronics,Headphones,Delhi,Delhi,2,87654,0.05,9861.08,Cash
ORD01613,22-09-2025,Nikhil Patel,Grocery,Rice,Meerut,Uttar Pradesh,2,2176,0.1,141.44,Cash
ORD01614,11-01-2025,Nikhil Mehta,Furniture,Filing Cabinet,Chandigarh,Chandigarh,3,42624,0.15,5434.56,Net Banking
ORD01615,11-01-2025,Riya Sharma,Clothing,Hoodie,Ghaziabad,Uttar Pradesh,4,9504,0.1,1758.24,Net Banking
ORD01616,28-04-2025,Rohit Singh,Furniture,Filing Cabinet,Chandigarh,Chandigarh,2,6220,0.15,793.05,Net Banking
ORD01617,20-09-2025,Riya Gupta,Electronics,Keyboard,Mumbai,Maharashtra,3,34704,0.15,2689.56,Wallet
ORD01618,03-05-2025,Riya Verma,Clothing,Jacket,Ahmedabad,Gujarat,5,12210,0,2686.2,UPI
ORD01619,06-05-2026,Rohit Kumar,Grocery,Sugar,Meerut,Uttar Pradesh,5,1130,0.08,81.36,Card
ORD01620,11-03-2025,Karan Mehta,Electronics,Tablet,Meerut,Uttar Pradesh,1,50573,0.15,3919.41,Wallet
ORD01621,12-02-2025,Komal Verma,Clothing,Shoes,Chandigarh,Chandigarh,2,7842,0.1,1450.77,Card
ORD01622,14-09-2025,Arjun Yadav,Clothing,T-Shirt,Pune,Maharashtra,1,1551,0.05,314.08,Net Banking
ORD01623,26-10-2025,Komal Kumar,Furniture,Filing Cabinet,Delhi,Delhi,4,53008,0.02,9170.38,Card
ORD01624,26-03-2026,Rahul Kaur,Furniture,Filing Cabinet,Ghaziabad,Uttar Pradesh,3,67083,0.15,8553.08,UPI
ORD01625,27-05-2025,Varun Yadav,Furniture,Desk Lamp,Mumbai,Maharashtra,3,57138,0.02,9884.87,UPI
ORD01626,23-06-2025,Anjali Yadav,Electronics,Monitor,Jaipur,Rajasthan,5,178070,0,23149.1,UPI
ORD01627,04-01-2025,Shivam Sharma,Furniture,Office Chair,Bengaluru,Karnataka,2,1986,0.08,301.87,Net Banking
ORD01628,13-07-2026,Priya Sharma,Electronics,Mouse,Kolkata,West Bengal,6,17436,0.1,1656.42,Net Banking
ORD01629,01-09-2025,Aditya Patel,Grocery,Tea,Bengaluru,Karnataka,5,8320,0.08,599.04,Cash
ORD01630,04-07-2026,Mohit Verma,Clothing,Dress,Kota,Rajasthan,4,6216,0.08,1193.47,Card
ORD01631,14-06-2025,Mohit Sharma,Clothing,Dress,Chandigarh,Chandigarh,2,6964,0.05,1410.21,Net Banking
ORD01632,09-07-2026,Karan Mehta,Clothing,Jeans,Delhi,Delhi,4,14644,0.15,2452.87,Card
ORD01633,09-04-2026,Sneha Mehta,Clothing,Jeans,Jaipur,Rajasthan,4,14888,0.08,2858.5,Net Banking
ORD01634,27-06-2026,Pooja Verma,Clothing,Jacket,Agra,Uttar Pradesh,6,21402,0.02,4558.63,Card
ORD01635,08-01-2026,Sneha Jain,Furniture,Desk Lamp,Ghaziabad,Uttar Pradesh,6,134424,0.1,19491.48,Net Banking
ORD01636,27-04-2026,Rohit Jain,Clothing,Dress,Lucknow,Uttar Pradesh,2,7036,0.02,1498.67,Net Banking
ORD01637,24-07-2025,Pooja Yadav,Clothing,Hoodie,Kolkata,West Bengal,5,18380,0,4043.6,Wallet
ORD01638,30-03-2026,Rahul Verma,Furniture,Filing Cabinet,Jaipur,Rajasthan,5,74740,0.02,12930.02,Net Banking
ORD01639,16-02-2026,Shivam Verma,Furniture,Bookshelf,Chandigarh,Chandigarh,6,115560,0.02,19991.88,Card
ORD01640,20-11-2025,Tanya Patel,Grocery,Biscuits,Kota,Rajasthan,2,1228,0.08,88.42,Wallet
ORD01641,09-01-2025,Amit Yadav,Electronics,Monitor,Kolkata,West Bengal,1,6219,0,808.47,UPI
ORD01642,11-11-2025,Priya Yadav,Clothing,Jacket,Ghaziabad,Uttar Pradesh,6,9198,0.02,1959.17,Wallet
ORD01643,29-06-2025,Vivek Gupta,Clothing,Kurta,Ahmedabad,Gujarat,4,16764,0.05,3394.71,UPI
ORD01644,24-02-2026,Arjun Jain,Furniture,Table,Meerut,Uttar Pradesh,4,18724,0.1,2714.98,Wallet
ORD01645,31-05-2025,Sneha Kumar,Grocery,Tea,Chandigarh,Chandigarh,2,1088,0.15,51.68,UPI
ORD01646,21-01-2025,Shivam Yadav,Furniture,Sofa,Kota,Rajasthan,4,65704,0.02,11366.79,Net Banking
ORD01647,19-12-2025,Anjali Kumar,Furniture,Sofa,Delhi,Delhi,4,91248,0.1,13230.96,Cash
ORD01648,08-02-2026,Neha Kumar,Electronics,Keyboard,Meerut,Uttar Pradesh,5,101335,0.15,7853.46,Card
ORD01649,22-05-2026,Rahul Patel,Clothing,Jacket,Chandigarh,Chandigarh,1,3205,0.1,592.92,Wallet
ORD01650,14-10-2025,Komal Sharma,Grocery,Atta,Agra,Uttar Pradesh,3,2598,0.1,168.87,Net Banking
ORD01651,10-11-2025,Simran Kaur,Clothing,Jeans,Delhi,Delhi,6,13536,0.15,2267.28,Net Banking
ORD01652,24-03-2025,Anjali Jain,Clothing,T-Shirt,Lucknow,Uttar Pradesh,6,24312,0.15,4072.26,UPI
ORD01653,06-11-2025,Riya Verma,Furniture,Desk Lamp,Delhi,Delhi,6,117582,0,21164.76,Net Banking
ORD01654,20-01-2026,Anjali Yadav,Grocery,Spices,Delhi,Delhi,6,7122,0.15,338.3,Wallet
ORD01655,25-09-2025,Varun Verma,Grocery,Spices,Chandigarh,Chandigarh,3,1866,0.05,153.94,Net Banking
ORD01656,23-11-2025,Komal Kumar,Clothing,Jacket,Noida,Uttar Pradesh,4,3976,0.15,665.98,UPI
ORD01657,08-03-2025,Neha Patel,Furniture,Office Chair,Ghaziabad,Uttar Pradesh,1,6603,0.05,1072.99,Card
ORD01658,16-12-2025,Tanya Kumar,Electronics,Monitor,Delhi,Delhi,6,8886,0.15,688.67,Card
ORD01659,05-05-2025,Amit Singh,Grocery,Biscuits,Kolkata,West Bengal,6,3078,0.1,200.07,Card
ORD01660,20-03-2026,Karan Verma,Electronics,Keyboard,Noida,Uttar Pradesh,6,39612,0,5149.56,UPI
ORD01661,03-05-2026,Pooja Kaur,Electronics,Tablet,Agra,Uttar Pradesh,6,211740,0.02,26044.02,Wallet
ORD01662,04-03-2025,Sneha Singh,Furniture,Sofa,Lucknow,Uttar Pradesh,6,137736,0.1,19971.72,Wallet
ORD01663,10-07-2026,Shivam Verma,Electronics,Monitor,Meerut,Uttar Pradesh,2,35706,0.02,4391.84,UPI
ORD01664,16-06-2025,Riya Patel,Electronics,Mouse,Meerut,Uttar Pradesh,3,150489,0.02,18510.15,Cash
ORD01665,04-09-2025,Komal Sharma,Grocery,Tea,Ghaziabad,Uttar Pradesh,4,4428,0.05,365.31,Cash
ORD01666,21-05-2026,Mohit Sharma,Clothing,Hoodie,Meerut,Uttar Pradesh,1,804,0,176.88,Wallet
ORD01667,01-04-2025,Anjali Patel,Grocery,Cooking Oil,Bengaluru,Karnataka,6,11436,0,1143.6,Cash
ORD01668,07-05-2026,Mohit Kaur,Electronics,Headphones,Chandigarh,Chandigarh,3,90426,0.05,10172.93,Cash
ORD01669,25-08-2026,Arjun Sharma,Grocery,Biscuits,Mumbai,Maharashtra,6,5154,0.02,479.32,Cash
ORD01670,21-04-2026,Sneha Singh,Grocery,Pulses,Kota,Rajasthan,3,5193,0.08,373.9,Card
ORD01671,02-06-2025,Riya Yadav,Grocery,Spices,Delhi,Delhi,2,2754,0.08,198.29,UPI
ORD01672,08-04-2025,Rahul Mehta,Grocery,Atta,Meerut,Uttar Pradesh,5,4165,0.02,387.34,Net Banking
ORD01673,06-02-2026,Arjun Gupta,Furniture,Bookshelf,Agra,Uttar Pradesh,2,3020,0.08,459.04,Wallet
ORD01674,22-03-2026,Arjun Kaur,Clothing,Jeans,Ghaziabad,Uttar Pradesh,4,17552,0.08,3369.98,UPI
ORD01675,24-10-2025,Neha Verma,Clothing,T-Shirt,Noida,Uttar Pradesh,3,12615,0.1,2333.78,Wallet
ORD01676,12-06-2025,Anjali Gupta,Grocery,Sugar,Jaipur,Rajasthan,4,532,0.05,43.89,Wallet
ORD01677,16-12-2025,Mohit Singh,Grocery,Cooking Oil,Pune,Maharashtra,2,4498,0.05,371.09,Cash
ORD01678,10-09-2025,Pooja Yadav,Grocery,Cooking Oil,Delhi,Delhi,4,6380,0.08,459.36,Card
ORD01679,15-08-2026,Anjali Verma,Clothing,Dress,Kota,Rajasthan,3,14538,0.05,2943.95,Card
ORD01680,31-08-2026,Tanya Verma,Clothing,Hoodie,Bengaluru,Karnataka,5,10875,0.15,1821.56,Card
ORD01681,29-01-2026,Neha Patel,Grocery,Pulses,Delhi,Delhi,3,6516,0,651.6,Cash
ORD01682,30-09-2025,Priya Kaur,Electronics,Printer,Kota,Rajasthan,5,298050,0.15,23098.88,Net Banking
ORD01683,01-05-2026,Karan Verma,Furniture,Bookshelf,Chandigarh,Chandigarh,2,25440,0,4579.2,UPI
ORD01684,30-05-2025,Simran Yadav,Clothing,Jacket,Ahmedabad,Gujarat,5,21265,0.1,3934.03,Net Banking
ORD01685,04-05-2025,Vivek Sharma,Clothing,Kurta,Mumbai,Maharashtra,2,3682,0.1,681.17,Card
ORD01686,12-01-2025,Vivek Gupta,Clothing,Jeans,Kolkata,West Bengal,4,15060,0.15,2522.55,Card
ORD01687,08-03-2026,Priya Yadav,Furniture,Bookshelf,Delhi,Delhi,1,22152,0.15,2824.38,Net Banking
ORD01688,31-03-2026,Anjali Kumar,Furniture,Sofa,Bengaluru,Karnataka,4,75976,0.02,13143.85,Cash
ORD01689,16-06-2025,Shivam Singh,Grocery,Tea,Ghaziabad,Uttar Pradesh,6,11616,0.05,958.32,Cash
ORD01690,13-01-2026,Neha Yadav,Electronics,Monitor,Delhi,Delhi,3,110439,0.08,11264.78,Net Banking
ORD01691,01-12-2025,Tanya Sharma,Electronics,Tablet,Bengaluru,Karnataka,3,79563,0.02,9786.25,Cash
ORD01692,27-02-2025,Neha Kaur,Clothing,Kurta,Kolkata,West Bengal,5,3110,0.1,575.35,UPI
ORD01693,29-08-2025,Priya Yadav,Electronics,Keyboard,Meerut,Uttar Pradesh,1,34860,0.02,4287.78,Cash
ORD01694,15-02-2026,Varun Sharma,Clothing,T-Shirt,Jaipur,Rajasthan,3,2607,0.08,500.54,Wallet
ORD01695,01-08-2025,Sneha Singh,Grocery,Spices,Chandigarh,Chandigarh,2,4650,0,465,UPI
ORD01696,23-02-2025,Karan Kaur,Clothing,Jeans,Ghaziabad,Uttar Pradesh,1,4868,0,1070.96,UPI
ORD01697,28-05-2026,Anjali Yadav,Electronics,Mouse,Kolkata,West Bengal,2,21204,0.02,2608.09,Net Banking
ORD01698,01-03-2026,Varun Kumar,Grocery,Rice,Mumbai,Maharashtra,3,6288,0,628.8,UPI
ORD01699,19-05-2026,Rahul Yadav,Furniture,Desk Lamp,Delhi,Delhi,2,16640,0.1,2412.8,UPI
ORD01700,05-06-2025,Varun Sharma,Clothing,Kurta,Ahmedabad,Gujarat,2,7106,0.02,1513.58,Wallet
ORD01701,13-06-2025,Pooja Patel,Clothing,Jacket,Mumbai,Maharashtra,3,13455,0.08,2583.36,Cash
ORD01702,20-10-2025,Sneha Sharma,Clothing,Jeans,Agra,Uttar Pradesh,3,10548,0,2320.56,Net Banking
ORD01703,20-04-2025,Pooja Verma,Grocery,Sugar,Meerut,Uttar Pradesh,1,250,0.08,18,Wallet
ORD01704,07-11-2025,Mohit Kaur,Clothing,Hoodie,Chandigarh,Chandigarh,6,12330,0.1,2281.05,UPI
ORD01705,25-01-2025,Vivek Sharma,Furniture,Desk Lamp,Ahmedabad,Gujarat,3,23712,0.1,3438.24,Card
ORD01706,02-12-2025,Sneha Mehta,Furniture,Bookshelf,Ghaziabad,Uttar Pradesh,4,97564,0.08,14829.73,Wallet
ORD01707,12-09-2025,Priya Patel,Furniture,Sofa,Kota,Rajasthan,5,101765,0.05,16536.81,UPI
ORD01708,08-10-2025,Rahul Gupta,Electronics,Laptop,Pune,Maharashtra,1,56775,0,7380.75,Net Banking
ORD01709,15-07-2025,Nikhil Yadav,Grocery,Atta,Noida,Uttar Pradesh,1,1587,0.02,147.59,UPI
ORD01710,03-05-2025,Vivek Singh,Clothing,Shoes,Bengaluru,Karnataka,1,2736,0,601.92,Cash
ORD01711,28-06-2025,Rahul Kumar,Grocery,Sugar,Noida,Uttar Pradesh,6,1224,0.08,88.13,UPI
ORD01712,07-10-2025,Simran Sharma,Furniture,Sofa,Ahmedabad,Gujarat,5,117855,0.1,17088.97,Wallet
ORD01713,08-03-2025,Riya Mehta,Grocery,Cooking Oil,Chandigarh,Chandigarh,6,4242,0.02,394.51,UPI
ORD01714,14-01-2025,Shivam Sharma,Electronics,Printer,Jaipur,Rajasthan,4,110512,0.02,13592.98,UPI
ORD01715,01-10-2025,Rahul Gupta,Clothing,Dress,Lucknow,Uttar Pradesh,6,25350,0.02,5399.55,Card
ORD01716,31-07-2026,Nikhil Jain,Furniture,Filing Cabinet,Kota,Rajasthan,1,22105,0,3978.9,Net Banking
ORD01717,08-01-2026,Priya Patel,Furniture,Filing Cabinet,Ahmedabad,Gujarat,6,14094,0.05,2290.28,Cash
ORD01718,16-01-2026,Varun Jain,Grocery,Pulses,Mumbai,Maharashtra,2,3216,0.15,152.76,Card
ORD01719,18-08-2026,Riya Yadav,Clothing,Dress,Bengaluru,Karnataka,3,10902,0.02,2322.13,Net Banking
ORD01720,10-07-2026,Nikhil Yadav,Clothing,Hoodie,Lucknow,Uttar Pradesh,2,8702,0.15,1457.59,Net Banking
ORD01721,23-04-2026,Sneha Jain,Electronics,Headphones,Meerut,Uttar Pradesh,3,72315,0.15,5604.41,Card
ORD01722,16-12-2025,Varun Singh,Electronics,Smartphone,Mumbai,Maharashtra,6,60636,0.1,5760.42,Wallet
ORD01723,06-03-2026,Rohit Jain,Furniture,Table,Ahmedabad,Gujarat,6,82722,0,14889.96,Wallet
ORD01724,18-06-2025,Karan Yadav,Electronics,Monitor,Pune,Maharashtra,1,17293,0.1,1642.84,Net Banking
ORD01725,20-06-2026,Riya Verma,Electronics,Smartphone,Chandigarh,Chandigarh,3,109629,0.08,11182.16,Wallet
ORD01726,10-04-2026,Neha Verma,Clothing,Dress,Jaipur,Rajasthan,6,7026,0.02,1496.54,UPI
ORD01727,05-09-2025,Riya Gupta,Electronics,Printer,Meerut,Uttar Pradesh,1,46143,0.05,5191.09,Card
ORD01728,04-05-2025,Pooja Singh,Electronics,Mouse,Delhi,Delhi,1,2638,0.05,296.78,UPI
ORD01729,17-02-2026,Rahul Patel,Electronics,Headphones,Kota,Rajasthan,1,28250,0.05,3178.12,Cash
ORD01730,27-08-2026,Aditya Patel,Clothing,Shoes,Agra,Uttar Pradesh,2,5576,0.08,1070.59,Wallet
ORD01731,01-02-2025,Simran Kaur,Electronics,Printer,Delhi,Delhi,4,86188,0.05,9696.15,Net Banking
ORD01732,18-05-2026,Rahul Mehta,Electronics,Tablet,Chandigarh,Chandigarh,5,206235,0.05,23201.44,UPI
ORD01733,26-03-2025,Karan Kumar,Grocery,Cooking Oil,Kota,Rajasthan,3,6921,0,692.1,Net Banking
ORD01734,27-11-2025,Vivek Jain,Grocery,Biscuits,Ghaziabad,Uttar Pradesh,5,10010,0,1001,Net Banking
ORD01735,12-05-2025,Shivam Sharma,Furniture,Desk Lamp,Jaipur,Rajasthan,1,1137,0.15,144.97,Wallet
ORD01736,02-08-2026,Riya Jain,Grocery,Cooking Oil,Mumbai,Maharashtra,2,3954,0.05,326.21,UPI
ORD01737,28-06-2025,Sneha Gupta,Clothing,Kurta,Noida,Uttar Pradesh,6,27198,0.08,5222.02,Card
ORD01738,08-06-2025,Priya Verma,Electronics,Headphones,Pune,Maharashtra,3,85698,0,11140.74,Net Banking
ORD01739,14-02-2025,Vivek Singh,Grocery,Sugar,Delhi,Delhi,4,3212,0.08,231.26,Card
ORD01740,01-04-2026,Rohit Kumar,Clothing,Hoodie,Bengaluru,Karnataka,5,21705,0.02,4623.16,Card
ORD01741,25-03-2026,Aditya Yadav,Furniture,Table,Chandigarh,Chandigarh,5,96200,0,17316,Net Banking
ORD01742,01-05-2026,Amit Gupta,Electronics,Smartphone,Bengaluru,Karnataka,5,37840,0.08,3859.68,Net Banking
ORD01743,02-01-2026,Aditya Mehta,Grocery,Cooking Oil,Noida,Uttar Pradesh,1,1156,0.15,54.91,Wallet
ORD01744,08-08-2026,Arjun Verma,Furniture,Table,Noida,Uttar Pradesh,1,6108,0,1099.44,Net Banking
ORD01745,09-07-2025,Shivam Mehta,Clothing,Kurta,Lucknow,Uttar Pradesh,4,3388,0.15,567.49,UPI
ORD01746,05-02-2026,Rahul Yadav,Electronics,Mouse,Ghaziabad,Uttar Pradesh,2,40566,0.02,4989.62,UPI
ORD01747,28-06-2026,Rahul Gupta,Electronics,Monitor,Mumbai,Maharashtra,6,108150,0.1,10274.25,Card
ORD01748,02-05-2026,Aditya Kaur,Clothing,Jeans,Ahmedabad,Gujarat,4,8196,0.02,1745.75,Card
ORD01749,09-07-2026,Priya Singh,Electronics,Keyboard,Jaipur,Rajasthan,5,210550,0.15,16317.63,Card
ORD01750,18-06-2025,Karan Mehta,Furniture,Office Chair,Kota,Rajasthan,5,15890,0.1,2304.05,Cash
ORD01751,25-11-2025,Riya Sharma,Furniture,Bookshelf,Jaipur,Rajasthan,1,14951,0,2691.18,Card
ORD01752,11-05-2025,Aditya Patel,Clothing,Shoes,Kota,Rajasthan,5,10700,0.15,1792.25,Wallet
ORD01753,25-05-2026,Priya Mehta,Grocery,Atta,Ghaziabad,Uttar Pradesh,5,11075,0.05,913.69,Wallet
ORD01754,30-05-2025,Amit Yadav,Electronics,Tablet,Noida,Uttar Pradesh,5,30800,0.15,2387,Cash
ORD01755,03-07-2026,Tanya Yadav,Grocery,Tea,Kota,Rajasthan,6,8868,0.05,731.61,Cash
ORD01756,28-07-2026,Tanya Patel,Grocery,Pulses,Jaipur,Rajasthan,6,14964,0.15,710.79,Wallet
ORD01757,17-12-2025,Varun Jain,Furniture,Sofa,Agra,Uttar Pradesh,1,23456,0.08,3565.31,Wallet
ORD01758,10-06-2026,Karan Yadav,Electronics,Headphones,Bengaluru,Karnataka,3,55128,0.05,6201.9,Cash
ORD01759,10-12-2025,Komal Mehta,Furniture,Desk Lamp,Ghaziabad,Uttar Pradesh,3,32514,0.02,5624.92,Cash
ORD01760,23-05-2025,Vivek Verma,Clothing,Kurta,Jaipur,Rajasthan,6,11052,0.1,2044.62,Cash
ORD01761,01-05-2025,Vivek Verma,Clothing,Jeans,Kolkata,West Bengal,4,18240,0.02,3885.12,Card
ORD01762,06-02-2026,Aditya Gupta,Clothing,Jeans,Bengaluru,Karnataka,4,13484,0.02,2872.09,Wallet
ORD01763,08-05-2025,Riya Jain,Grocery,Biscuits,Meerut,Uttar Pradesh,3,1125,0.05,92.81,Net Banking
ORD01764,18-07-2026,Shivam Gupta,Electronics,Monitor,Ghaziabad,Uttar Pradesh,3,99129,0.08,10111.16,Wallet
ORD01765,17-05-2026,Tanya Kumar,Grocery,Sugar,Lucknow,Uttar Pradesh,1,1831,0.15,86.97,Net Banking
ORD01766,06-05-2025,Mohit Sharma,Grocery,Spices,Agra,Uttar Pradesh,1,652,0.02,60.64,UPI
ORD01767,11-05-2025,Rohit Mehta,Electronics,Headphones,Noida,Uttar Pradesh,5,178380,0.05,20067.75,Card
ORD01768,11-10-2025,Vivek Mehta,Electronics,Laptop,Delhi,Delhi,1,22725,0.1,2158.88,Card
ORD01769,20-07-2026,Mohit Verma,Furniture,Table,Pune,Maharashtra,5,97485,0.05,15841.31,Card
ORD01770,28-07-2025,Varun Patel,Electronics,Smartphone,Kolkata,West Bengal,2,23722,0.08,2419.64,UPI
ORD01771,13-05-2026,Rohit Kumar,Furniture,Office Chair,Pune,Maharashtra,6,125538,0.05,20399.92,Card
ORD01772,14-08-2025,Simran Kumar,Grocery,Sugar,Ghaziabad,Uttar Pradesh,4,3032,0.02,281.98,UPI
ORD01773,31-01-2026,Sneha Verma,Furniture,Filing Cabinet,Lucknow,Uttar Pradesh,4,79172,0.1,11479.94,Card
ORD01774,03-06-2025,Riya Patel,Electronics,Monitor,Jaipur,Rajasthan,6,178236,0.08,18180.07,Net Banking
ORD01775,21-06-2026,Anjali Yadav,Electronics,Headphones,Ghaziabad,Uttar Pradesh,6,196872,0.08,20080.94,UPI
ORD01776,28-05-2025,Priya Patel,Grocery,Spices,Ahmedabad,Gujarat,4,3684,0.05,303.93,Net Banking
ORD01777,19-02-2026,Simran Verma,Furniture,Sofa,Ghaziabad,Uttar Pradesh,2,22192,0.05,3606.2,Cash
ORD01778,31-07-2026,Karan Kumar,Furniture,Sofa,Pune,Maharashtra,4,6380,0.15,813.45,Net Banking
ORD01779,21-01-2025,Aditya Mehta,Electronics,Tablet,Pune,Maharashtra,3,72483,0.08,7393.27,Net Banking
ORD01780,03-10-2025,Mohit Gupta,Grocery,Cooking Oil,Jaipur,Rajasthan,3,4518,0.02,420.17,Net Banking
ORD01781,28-06-2026,Pooja Sharma,Furniture,Table,Ghaziabad,Uttar Pradesh,5,109675,0.1,15902.87,Net Banking
ORD01782,12-06-2025,Priya Patel,Clothing,T-Shirt,Kolkata,West Bengal,2,2074,0.15,347.4,Wallet
ORD01783,02-06-2025,Vivek Singh,Electronics,Headphones,Noida,Uttar Pradesh,5,86605,0.08,8833.71,Net Banking
ORD01784,20-06-2025,Komal Kumar,Clothing,Hoodie,Meerut,Uttar Pradesh,2,7308,0.05,1479.87,Card
ORD01785,30-06-2025,Vivek Jain,Electronics,Laptop,Pune,Maharashtra,6,311526,0.15,24143.27,Net Banking
ORD01786,20-03-2025,Priya Kumar,Grocery,Atta,Ghaziabad,Uttar Pradesh,1,880,0.1,57.2,Cash
ORD01787,03-07-2025,Neha Jain,Furniture,Desk Lamp,Noida,Uttar Pradesh,4,75740,0.05,12307.75,Card
ORD01788,22-01-2025,Komal Jain,Furniture,Office Chair,Agra,Uttar Pradesh,2,19446,0.1,2819.67,UPI
ORD01789,16-05-2025,Karan Patel,Grocery,Atta,Meerut,Uttar Pradesh,1,2001,0.02,186.09,Cash
ORD01790,23-04-2025,Karan Singh,Clothing,Shoes,Ghaziabad,Uttar Pradesh,4,6936,0.15,1161.78,Wallet
ORD01791,17-04-2026,Komal Kaur,Electronics,Monitor,Jaipur,Rajasthan,2,1274,0.05,143.33,Net Banking
ORD01792,15-08-2026,Riya Gupta,Grocery,Pulses,Bengaluru,Karnataka,5,7645,0.1,496.93,Wallet
ORD01793,31-07-2025,Priya Patel,Grocery,Atta,Mumbai,Maharashtra,4,2388,0,238.8,Cash
ORD01794,03-11-2025,Mohit Sharma,Clothing,T-Shirt,Pune,Maharashtra,4,13736,0.08,2637.31,Cash
ORD01795,31-05-2025,Sneha Patel,Grocery,Sugar,Kolkata,West Bengal,1,962,0.08,69.26,Card
ORD01796,26-03-2026,Simran Kaur,Clothing,Shoes,Ghaziabad,Uttar Pradesh,2,868,0.02,184.88,Net Banking
ORD01797,02-03-2026,Amit Verma,Grocery,Pulses,Agra,Uttar Pradesh,2,3954,0.02,367.72,Card
ORD01798,31-01-2026,Nikhil Kumar,Electronics,Headphones,Agra,Uttar Pradesh,1,23573,0.08,2404.45,Wallet
ORD01799,11-02-2025,Aditya Kumar,Clothing,Jacket,Ahmedabad,Gujarat,5,24090,0.08,4625.28,Cash
ORD01800,14-04-2025,Neha Jain,Clothing,Jeans,Lucknow,Uttar Pradesh,5,8295,0,1824.9,Cash
ORD01801,16-01-2026,Rahul Kaur,Electronics,Laptop,Mumbai,Maharashtra,2,83862,0.1,7966.89,Net Banking
ORD01802,01-12-2025,Vivek Yadav,Clothing,Hoodie,Pune,Maharashtra,4,12568,0.1,2325.08,UPI
ORD01803,07-02-2025,Varun Patel,Electronics,Printer,Kolkata,West Bengal,4,116012,0.1,11021.14,Wallet
ORD01804,27-03-2026,Simran Singh,Electronics,Keyboard,Ahmedabad,Gujarat,4,88944,0.15,6893.16,Card
ORD01805,14-08-2025,Amit Sharma,Furniture,Office Chair,Pune,Maharashtra,4,39344,0.08,5980.29,Cash
ORD01806,04-03-2026,Neha Mehta,Electronics,Keyboard,Ghaziabad,Uttar Pradesh,4,151636,0.02,18651.23,Wallet
ORD01807,29-09-2025,Aditya Kumar,Clothing,Jeans,Delhi,Delhi,1,1638,0,360.36,Card
ORD01808,16-04-2026,Anjali Patel,Grocery,Atta,Bengaluru,Karnataka,4,2188,0,218.8,Cash
ORD01809,05-12-2025,Anjali Jain,Grocery,Tea,Pune,Maharashtra,5,11620,0.15,551.95,Card
ORD01810,21-03-2026,Aditya Gupta,Clothing,Hoodie,Pune,Maharashtra,2,4306,0,947.32,Cash
ORD01811,04-11-2025,Simran Kumar,Clothing,Shoes,Chandigarh,Chandigarh,4,2880,0.1,532.8,Card
ORD01812,10-07-2026,Komal Yadav,Furniture,Table,Ghaziabad,Uttar Pradesh,4,23284,0,4191.12,Net Banking
ORD01813,06-09-2025,Arjun Patel,Grocery,Spices,Pune,Maharashtra,3,3915,0,391.5,Net Banking
ORD01814,07-06-2025,Nikhil Kaur,Electronics,Smartphone,Delhi,Delhi,4,108808,0.08,11098.42,UPI
ORD01815,19-05-2026,Riya Patel,Clothing,Jacket,Noida,Uttar Pradesh,3,6690,0.08,1284.48,Card
ORD01816,18-06-2025,Anjali Singh,Grocery,Spices,Ahmedabad,Gujarat,2,2506,0.02,233.06,Wallet
ORD01817,26-03-2025,Rahul Singh,Clothing,Kurta,Jaipur,Rajasthan,1,1124,0,247.28,Wallet
ORD01818,03-01-2025,Aditya Singh,Grocery,Pulses,Noida,Uttar Pradesh,6,4212,0,421.2,UPI
ORD01819,01-01-2026,Shivam Kumar,Furniture,Bookshelf,Ahmedabad,Gujarat,3,69120,0.15,8812.8,UPI
ORD01820,26-03-2025,Amit Patel,Furniture,Bookshelf,Agra,Uttar Pradesh,1,2076,0.1,301.02,UPI
ORD01821,31-08-2026,Vivek Patel,Furniture,Table,Jaipur,Rajasthan,4,17292,0.05,2809.95,Wallet
ORD01822,24-09-2025,Arjun Jain,Electronics,Headphones,Meerut,Uttar Pradesh,1,30899,0.1,2935.41,UPI
ORD01823,13-12-2025,Arjun Kaur,Grocery,Sugar,Chandigarh,Chandigarh,3,633,0.08,45.58,Net Banking
ORD01824,29-08-2025,Vivek Yadav,Clothing,Kurta,Lucknow,Uttar Pradesh,3,10755,0.08,2064.96,Card
ORD01825,23-03-2025,Amit Patel,Furniture,Sofa,Meerut,Uttar Pradesh,6,35316,0,6356.88,UPI
ORD01826,17-03-2025,Vivek Yadav,Furniture,Office Chair,Kota,Rajasthan,2,11386,0.15,1451.71,Cash
ORD01827,20-07-2026,Shivam Gupta,Furniture,Filing Cabinet,Kota,Rajasthan,4,56920,0,10245.6,Card
ORD01828,20-12-2025,Priya Sharma,Grocery,Rice,Agra,Uttar Pradesh,2,3360,0.02,312.48,UPI
ORD01829,12-02-2026,Anjali Kaur,Clothing,Shoes,Meerut,Uttar Pradesh,4,16388,0.15,2744.99,Card
ORD01830,08-07-2025,Rahul Singh,Clothing,Dress,Chandigarh,Chandigarh,4,11512,0.1,2129.72,Cash
ORD01831,24-05-2025,Karan Jain,Grocery,Cooking Oil,Kota,Rajasthan,3,2058,0,205.8,Wallet
ORD01832,09-02-2025,Rahul Yadav,Grocery,Tea,Ghaziabad,Uttar Pradesh,6,4914,0.08,353.81,Cash
ORD01833,26-07-2025,Pooja Singh,Clothing,Jacket,Delhi,Delhi,1,4255,0.1,787.17,Cash
ORD01834,10-02-2025,Sneha Patel,Clothing,Kurta,Jaipur,Rajasthan,5,9555,0.08,1834.56,Wallet
ORD01835,07-12-2025,Rahul Mehta,Clothing,Kurta,Kolkata,West Bengal,4,2656,0.05,537.84,Wallet
ORD01836,09-08-2026,Karan Yadav,Electronics,Printer,Ahmedabad,Gujarat,4,123912,0.1,11771.64,Wallet
ORD01837,23-08-2025,Shivam Gupta,Furniture,Sofa,Lucknow,Uttar Pradesh,3,66498,0,11969.64,Net Banking
ORD01838,06-04-2026,Karan Mehta,Clothing,T-Shirt,Mumbai,Maharashtra,2,1264,0.02,269.23,UPI
ORD01839,03-03-2026,Rahul Jain,Grocery,Rice,Noida,Uttar Pradesh,3,6816,0.1,443.04,Cash
ORD01840,20-07-2026,Vivek Kumar,Electronics,Printer,Pune,Maharashtra,2,71204,0.15,5518.31,Card
ORD01841,16-03-2026,Priya Yadav,Grocery,Biscuits,Meerut,Uttar Pradesh,5,4500,0,450,Card
ORD01842,27-10-2025,Simran Mehta,Grocery,Rice,Noida,Uttar Pradesh,2,2274,0.02,211.48,Card
ORD01843,23-10-2025,Vivek Jain,Grocery,Sugar,Chandigarh,Chandigarh,2,3120,0,312,Wallet
ORD01844,03-09-2025,Priya Gupta,Electronics,Monitor,Meerut,Uttar Pradesh,1,56504,0,7345.52,Card
ORD01845,22-04-2026,Komal Kumar,Electronics,Printer,Agra,Uttar Pradesh,1,33398,0.1,3172.81,Net Banking
ORD01846,30-06-2025,Riya Verma,Clothing,Hoodie,Noida,Uttar Pradesh,3,3159,0.05,639.7,Wallet
ORD01847,16-06-2025,Neha Yadav,Clothing,Dress,Delhi,Delhi,5,5035,0,1107.7,Card
ORD01848,15-12-2025,Riya Mehta,Furniture,Sofa,Kolkata,West Bengal,6,73884,0,13299.12,UPI
ORD01849,10-03-2025,Karan Kaur,Grocery,Sugar,Meerut,Uttar Pradesh,2,4120,0.1,267.8,Wallet
ORD01850,12-02-2025,Amit Kaur,Grocery,Spices,Agra,Uttar Pradesh,6,9540,0.02,887.22,Card
ORD01851,13-12-2025,Nikhil Sharma,Electronics,Smartphone,Delhi,Delhi,6,150084,0.15,11631.51,Cash
ORD01852,30-04-2025,Shivam Singh,Grocery,Cooking Oil,Meerut,Uttar Pradesh,1,2212,0.1,143.78,Net Banking
ORD01853,21-11-2025,Karan Gupta,Grocery,Biscuits,Noida,Uttar Pradesh,5,1065,0.15,50.59,Wallet
ORD01854,21-05-2025,Simran Mehta,Grocery,Tea,Delhi,Delhi,1,304,0.05,25.08,Card
ORD01855,08-01-2026,Priya Kaur,Clothing,Jacket,Ahmedabad,Gujarat,4,3636,0.1,672.66,Cash
ORD01856,09-07-2025,Priya Singh,Clothing,Shoes,Delhi,Delhi,1,2635,0.05,533.59,Wallet
ORD01857,22-11-2025,Rohit Singh,Electronics,Smartphone,Noida,Uttar Pradesh,1,17914,0.05,2015.33,Wallet
ORD01858,11-10-2025,Vivek Jain,Furniture,Desk Lamp,Kolkata,West Bengal,1,8386,0,1509.48,Wallet
ORD01859,18-02-2026,Amit Gupta,Electronics,Headphones,Mumbai,Maharashtra,6,120594,0,15677.22,Net Banking
ORD01860,12-03-2025,Rohit Patel,Electronics,Smartphone,Lucknow,Uttar Pradesh,6,24066,0.02,2960.12,UPI
ORD01861,20-02-2026,Varun Kumar,Electronics,Printer,Delhi,Delhi,4,214604,0.05,24142.95,Cash
ORD01862,22-06-2025,Arjun Patel,Furniture,Desk Lamp,Mumbai,Maharashtra,2,6974,0.05,1133.28,UPI
ORD01863,23-06-2025,Komal Verma,Electronics,Printer,Ghaziabad,Uttar Pradesh,6,282060,0.02,34693.38,Net Banking
ORD01864,20-05-2026,Varun Verma,Electronics,Headphones,Pune,Maharashtra,6,308838,0.02,37987.07,UPI
ORD01865,25-06-2026,Vivek Yadav,Grocery,Sugar,Pune,Maharashtra,6,10026,0.02,932.42,Card
ORD01866,08-05-2025,Nikhil Gupta,Grocery,Spices,Pune,Maharashtra,3,3549,0.02,330.06,Wallet
ORD01867,17-09-2025,Neha Patel,Grocery,Rice,Noida,Uttar Pradesh,4,9996,0.02,929.63,Card
ORD01868,13-09-2025,Amit Kumar,Electronics,Mouse,Meerut,Uttar Pradesh,6,19404,0.02,2386.69,Net Banking
ORD01869,04-08-2025,Rohit Sharma,Furniture,Table,Lucknow,Uttar Pradesh,1,19627,0,3532.86,Net Banking
ORD01870,07-05-2025,Mohit Yadav,Electronics,Smartphone,Ghaziabad,Uttar Pradesh,4,40248,0.02,4950.5,Net Banking
ORD01871,30-05-2025,Pooja Mehta,Grocery,Tea,Kota,Rajasthan,6,5430,0.15,257.93,Cash
ORD01872,16-05-2026,Simran Mehta,Furniture,Filing Cabinet,Ahmedabad,Gujarat,6,52530,0.08,7984.56,UPI
ORD01873,03-03-2025,Sneha Jain,Clothing,T-Shirt,Jaipur,Rajasthan,4,6396,0,1407.12,Cash
ORD01874,14-10-2025,Arjun Mehta,Furniture,Sofa,Noida,Uttar Pradesh,3,16230,0.05,2637.38,UPI
ORD01875,18-08-2025,Sneha Verma,Grocery,Cooking Oil,Pune,Maharashtra,4,6016,0.05,496.32,Cash
ORD01876,25-03-2026,Neha Sharma,Grocery,Spices,Lucknow,Uttar Pradesh,2,4094,0.02,380.74,Card
ORD01877,29-05-2025,Rohit Gupta,Grocery,Spices,Ghaziabad,Uttar Pradesh,5,10835,0.15,514.66,Cash
ORD01878,18-02-2026,Rahul Kumar,Clothing,Dress,Noida,Uttar Pradesh,3,13593,0.05,2752.58,Wallet
ORD01879,24-07-2026,Tanya Patel,Electronics,Mouse,Lucknow,Uttar Pradesh,3,160995,0.02,19802.38,Wallet
ORD01880,21-01-2025,Anjali Jain,Furniture,Filing Cabinet,Kota,Rajasthan,5,4550,0.02,787.15,Net Banking
ORD01881,10-11-2025,Nikhil Gupta,Clothing,T-Shirt,Kota,Rajasthan,2,3668,0,806.96,Cash
ORD01882,01-08-2026,Mohit Kumar,Furniture,Filing Cabinet,Jaipur,Rajasthan,6,123072,0.1,17845.44,Net Banking
ORD01883,01-01-2026,Aditya Verma,Grocery,Sugar,Ghaziabad,Uttar Pradesh,3,801,0.05,66.08,Wallet
ORD01884,20-03-2025,Rohit Patel,Clothing,Shoes,Ghaziabad,Uttar Pradesh,4,19628,0,4318.16,Card
ORD01885,27-02-2026,Varun Kumar,Furniture,Sofa,Ahmedabad,Gujarat,1,7516,0.08,1142.43,UPI
ORD01886,15-01-2026,Rohit Sharma,Grocery,Atta,Ghaziabad,Uttar Pradesh,6,5748,0.02,534.56,Cash
ORD01887,06-04-2026,Pooja Kumar,Electronics,Tablet,Noida,Uttar Pradesh,3,128220,0.1,12180.9,Cash
ORD01888,04-07-2026,Karan Sharma,Furniture,Desk Lamp,Noida,Uttar Pradesh,1,9002,0.1,1305.29,Net Banking
ORD01889,10-08-2025,Nikhil Yadav,Clothing,Kurta,Meerut,Uttar Pradesh,6,2112,0.08,405.5,UPI
ORD01890,24-12-2025,Mohit Kaur,Electronics,Mouse,Pune,Maharashtra,3,1818,0.08,185.44,Wallet
ORD01891,22-01-2025,Simran Verma,Furniture,Office Chair,Chandigarh,Chandigarh,1,21352,0.1,3096.04,Card
ORD01892,20-07-2025,Pooja Verma,Furniture,Table,Chandigarh,Chandigarh,1,24800,0.02,4290.4,Card
ORD01893,18-05-2025,Amit Kumar,Clothing,Shoes,Delhi,Delhi,6,23892,0.02,5089,Card
ORD01894,06-03-2025,Arjun Kaur,Clothing,Dress,Kolkata,West Bengal,3,11511,0.02,2451.84,Net Banking
ORD01895,07-03-2026,Rohit Kumar,Electronics,Keyboard,Agra,Uttar Pradesh,1,35532,0.02,4370.44,Card
ORD01896,23-08-2025,Arjun Gupta,Furniture,Office Chair,Meerut,Uttar Pradesh,4,17412,0.08,2646.62,Wallet
ORD01897,04-08-2026,Pooja Kaur,Clothing,Shoes,Meerut,Uttar Pradesh,5,23325,0.15,3906.94,Net Banking
ORD01898,24-09-2025,Tanya Verma,Furniture,Desk Lamp,Ahmedabad,Gujarat,4,39792,0.05,6466.2,UPI
ORD01899,04-04-2025,Shivam Kumar,Furniture,Sofa,Lucknow,Uttar Pradesh,4,73380,0.08,11153.76,Card
ORD01900,28-07-2026,Aditya Mehta,Electronics,Mouse,Chandigarh,Chandigarh,6,213396,0,27741.48,Wallet
ORD01901,10-05-2025,Karan Sharma,Furniture,Office Chair,Mumbai,Maharashtra,2,36924,0.02,6387.85,Wallet
ORD01902,22-06-2026,Varun Kumar,Electronics,Mouse,Mumbai,Maharashtra,5,30380,0.05,3417.75,Cash
ORD01903,14-03-2026,Aditya Verma,Clothing,Jacket,Mumbai,Maharashtra,2,3520,0,774.4,Card
ORD01904,29-03-2026,Priya Mehta,Furniture,Filing Cabinet,Bengaluru,Karnataka,1,17772,0.02,3074.56,Wallet
ORD01905,12-12-2025,Rahul Sharma,Electronics,Smartphone,Kota,Rajasthan,2,90504,0.05,10181.7,UPI
ORD01906,27-11-2025,Arjun Patel,Electronics,Laptop,Ahmedabad,Gujarat,6,15528,0,2018.64,UPI
ORD01907,16-01-2026,Amit Patel,Electronics,Mouse,Kota,Rajasthan,1,29368,0.1,2789.96,UPI
ORD01908,01-06-2026,Vivek Gupta,Furniture,Bookshelf,Agra,Uttar Pradesh,4,91300,0,16434,Cash
ORD01909,14-08-2026,Varun Kaur,Furniture,Office Chair,Mumbai,Maharashtra,2,40944,0.15,5220.36,Cash
ORD01910,13-02-2025,Anjali Mehta,Grocery,Cooking Oil,Meerut,Uttar Pradesh,2,2526,0.1,164.19,Net Banking
ORD01911,20-02-2025,Rahul Gupta,Electronics,Tablet,Kota,Rajasthan,1,3493,0.1,331.83,Card
ORD01912,13-06-2026,Simran Jain,Grocery,Biscuits,Bengaluru,Karnataka,3,1329,0.05,109.64,Card
ORD01913,02-06-2025,Simran Jain,Grocery,Spices,Pune,Maharashtra,1,1045,0.08,75.24,Card
ORD01914,24-06-2025,Shivam Mehta,Clothing,Jacket,Bengaluru,Karnataka,1,3299,0.05,668.05,UPI
ORD01915,25-02-2026,Tanya Patel,Electronics,Printer,Delhi,Delhi,4,56904,0.02,6999.19,Wallet
ORD01916,09-05-2025,Priya Sharma,Grocery,Biscuits,Kolkata,West Bengal,1,2233,0.02,207.67,Cash
ORD01917,08-05-2025,Varun Jain,Electronics,Monitor,Ahmedabad,Gujarat,4,68672,0.1,6523.84,UPI
ORD01918,01-05-2026,Aditya Verma,Clothing,Dress,Chandigarh,Chandigarh,3,5259,0.1,972.91,Wallet
ORD01919,07-03-2025,Riya Gupta,Furniture,Sofa,Chandigarh,Chandigarh,2,36224,0.15,4618.56,Card
ORD01920,30-10-2025,Arjun Jain,Furniture,Filing Cabinet,Noida,Uttar Pradesh,2,47254,0.08,7182.61,Wallet
ORD01921,06-03-2026,Neha Yadav,Clothing,Shoes,Lucknow,Uttar Pradesh,2,938,0.02,199.79,Wallet
ORD01922,19-04-2026,Amit Mehta,Grocery,Sugar,Noida,Uttar Pradesh,3,3333,0,333.3,Cash
ORD01923,11-07-2025,Riya Verma,Grocery,Atta,Agra,Uttar Pradesh,3,3810,0,381,Cash
ORD01924,24-01-2025,Priya Kaur,Clothing,Kurta,Bengaluru,Karnataka,2,5414,0.02,1153.18,Net Banking
ORD01925,13-08-2026,Komal Jain,Clothing,Shoes,Kolkata,West Bengal,3,8040,0.1,1487.4,UPI
ORD01926,28-05-2026,Komal Singh,Furniture,Filing Cabinet,Noida,Uttar Pradesh,3,26133,0.1,3789.28,Cash
ORD01927,15-12-2025,Amit Gupta,Clothing,Dress,Meerut,Uttar Pradesh,4,3216,0.15,538.68,UPI
ORD01928,18-07-2025,Komal Gupta,Clothing,Jeans,Ghaziabad,Uttar Pradesh,2,4022,0.05,814.46,Wallet
ORD01929,15-04-2025,Priya Kumar,Clothing,Dress,Noida,Uttar Pradesh,4,8468,0.02,1803.68,Wallet
ORD01930,23-07-2025,Karan Patel,Grocery,Pulses,Chandigarh,Chandigarh,1,2309,0,230.9,UPI
ORD01931,27-11-2025,Karan Sharma,Furniture,Sofa,Ghaziabad,Uttar Pradesh,2,28140,0.15,3587.85,Net Banking
ORD01932,24-05-2026,Anjali Mehta,Electronics,Monitor,Noida,Uttar Pradesh,5,252480,0.1,23985.6,UPI
ORD01933,11-01-2025,Arjun Verma,Grocery,Spices,Kolkata,West Bengal,5,11140,0,1114,UPI
ORD01934,11-05-2025,Tanya Jain,Electronics,Monitor,Agra,Uttar Pradesh,4,31760,0.1,3017.2,UPI
ORD01935,25-05-2026,Simran Gupta,Furniture,Filing Cabinet,Jaipur,Rajasthan,3,48825,0.15,6225.19,Wallet
ORD01936,06-02-2026,Mohit Patel,Electronics,Tablet,Delhi,Delhi,5,225860,0.02,27780.78,Cash
ORD01937,07-05-2025,Komal Patel,Furniture,Office Chair,Noida,Uttar Pradesh,3,61743,0,11113.74,Cash
ORD01938,04-05-2026,Anjali Sharma,Electronics,Headphones,Ghaziabad,Uttar Pradesh,2,53234,0.1,5057.23,Wallet
ORD01939,09-08-2025,Tanya Patel,Furniture,Sofa,Ghaziabad,Uttar Pradesh,2,48978,0.02,8473.19,Wallet
ORD01940,12-12-2025,Nikhil Kumar,Furniture,Office Chair,Ghaziabad,Uttar Pradesh,4,39244,0.05,6377.15,UPI
ORD01941,17-06-2026,Varun Mehta,Clothing,T-Shirt,Chandigarh,Chandigarh,6,16248,0.02,3460.82,UPI
ORD01942,09-02-2026,Nikhil Mehta,Clothing,Dress,Delhi,Delhi,3,6738,0.08,1293.7,UPI
ORD01943,13-02-2025,Pooja Sharma,Electronics,Monitor,Chandigarh,Chandigarh,2,57104,0,7423.52,Wallet
ORD01944,28-01-2025,Riya Singh,Furniture,Bookshelf,Jaipur,Rajasthan,4,82816,0,14906.88,Net Banking
ORD01945,12-08-2025,Simran Yadav,Electronics,Smartphone,Chandigarh,Chandigarh,2,14300,0.02,1758.9,Cash
ORD01946,09-08-2026,Rohit Kaur,Electronics,Tablet,Mumbai,Maharashtra,5,63095,0.08,6435.69,Net Banking
ORD01947,25-10-2025,Amit Kumar,Grocery,Atta,Pune,Maharashtra,2,4456,0.05,367.62,Card
ORD01948,17-12-2025,Vivek Verma,Clothing,Kurta,Delhi,Delhi,5,19825,0.02,4222.72,Net Banking
ORD01949,19-01-2026,Tanya Kumar,Furniture,Sofa,Delhi,Delhi,2,16918,0.15,2157.05,UPI
ORD01950,18-02-2025,Komal Yadav,Electronics,Smartphone,Kota,Rajasthan,6,276474,0,35941.62,Wallet
ORD01951,09-04-2026,Simran Patel,Electronics,Headphones,Lucknow,Uttar Pradesh,5,62565,0,8133.45,Card
ORD01952,31-10-2025,Varun Patel,Grocery,Spices,Kolkata,West Bengal,5,12125,0.08,873,Wallet
ORD01953,10-01-2026,Shivam Mehta,Grocery,Cooking Oil,Mumbai,Maharashtra,3,2022,0.1,131.43,Wallet
ORD01954,22-01-2025,Komal Gupta,Furniture,Table,Agra,Uttar Pradesh,5,20865,0.05,3390.56,Wallet
ORD01955,29-10-2025,Neha Mehta,Furniture,Table,Ghaziabad,Uttar Pradesh,1,6860,0.02,1186.78,Net Banking
ORD01956,30-04-2026,Neha Mehta,Electronics,Tablet,Pune,Maharashtra,6,12624,0.1,1199.28,UPI
ORD01957,10-08-2025,Vivek Jain,Grocery,Spices,Delhi,Delhi,6,11340,0.02,1054.62,Card
ORD01958,07-09-2025,Komal Singh,Furniture,Bookshelf,Bengaluru,Karnataka,6,123234,0.05,20025.53,Wallet
ORD01959,22-02-2026,Rohit Singh,Electronics,Headphones,Ahmedabad,Gujarat,1,59402,0.05,6682.73,Wallet
ORD01960,28-08-2026,Mohit Jain,Grocery,Biscuits,Delhi,Delhi,5,3415,0.08,245.88,Card
ORD01961,23-01-2026,Mohit Mehta,Grocery,Tea,Noida,Uttar Pradesh,5,8230,0.1,534.95,UPI
ORD01962,30-05-2025,Pooja Jain,Furniture,Office Chair,Mumbai,Maharashtra,4,59028,0,10625.04,Cash
ORD01963,13-02-2026,Varun Singh,Clothing,Hoodie,Noida,Uttar Pradesh,3,5619,0.05,1137.85,Card
ORD01964,18-06-2025,Aditya Verma,Clothing,Hoodie,Mumbai,Maharashtra,3,1896,0,417.12,UPI
ORD01965,06-03-2025,Amit Kumar,Electronics,Tablet,Pune,Maharashtra,4,234456,0.08,23914.51,Net Banking
ORD01966,09-12-2025,Rahul Sharma,Furniture,Office Chair,Noida,Uttar Pradesh,6,42810,0.1,6207.45,UPI
ORD01967,28-10-2025,Tanya Kumar,Grocery,Rice,Pune,Maharashtra,6,7338,0,733.8,Cash
ORD01968,19-06-2026,Pooja Patel,Electronics,Printer,Jaipur,Rajasthan,2,114300,0.15,8858.25,Net Banking
ORD01969,14-10-2025,Simran Sharma,Grocery,Atta,Delhi,Delhi,6,9528,0.02,886.1,Net Banking
ORD01970,01-03-2025,Sneha Singh,Grocery,Pulses,Pune,Maharashtra,3,5040,0.02,468.72,Net Banking
ORD01971,23-07-2026,Priya Kaur,Grocery,Atta,Pune,Maharashtra,2,2982,0,298.2,Net Banking
ORD01972,24-01-2025,Riya Jain,Grocery,Rice,Meerut,Uttar Pradesh,5,1765,0.05,145.61,Wallet
ORD01973,26-08-2025,Priya Singh,Clothing,T-Shirt,Ghaziabad,Uttar Pradesh,2,3920,0.08,752.64,Cash
ORD01974,22-04-2025,Sneha Jain,Clothing,Dress,Meerut,Uttar Pradesh,2,6248,0.08,1199.62,UPI
ORD01975,17-06-2025,Rahul Mehta,Grocery,Rice,Ghaziabad,Uttar Pradesh,2,992,0,99.2,UPI
ORD01976,16-05-2025,Sneha Kaur,Furniture,Sofa,Ghaziabad,Uttar Pradesh,5,113710,0.05,18477.88,Wallet
ORD01977,18-03-2025,Varun Gupta,Clothing,Shoes,Noida,Uttar Pradesh,2,4174,0.08,801.41,Cash
ORD01978,27-11-2025,Amit Singh,Clothing,Kurta,Delhi,Delhi,6,10086,0.1,1865.91,Net Banking
ORD01979,19-10-2025,Amit Verma,Clothing,Kurta,Delhi,Delhi,1,3832,0.05,775.98,Net Banking
ORD01980,02-07-2026,Rohit Singh,Furniture,Filing Cabinet,Lucknow,Uttar Pradesh,1,13853,0.08,2105.66,Net Banking
ORD01981,05-04-2025,Aditya Patel,Grocery,Atta,Meerut,Uttar Pradesh,1,137,0.02,12.74,Wallet
ORD01982,06-03-2026,Arjun Patel,Furniture,Office Chair,Bengaluru,Karnataka,2,18710,0.1,2712.95,Wallet
ORD01983,13-03-2026,Karan Jain,Clothing,Dress,Ahmedabad,Gujarat,4,15548,0.02,3311.72,Card
ORD01984,30-01-2025,Anjali Verma,Electronics,Keyboard,Mumbai,Maharashtra,6,128814,0.08,13139.03,Wallet
ORD01985,15-03-2026,Riya Kumar,Grocery,Rice,Kota,Rajasthan,6,14940,0.1,971.1,Net Banking
ORD01986,15-06-2026,Neha Sharma,Grocery,Rice,Jaipur,Rajasthan,4,4184,0.08,301.25,Cash
ORD01987,25-06-2025,Arjun Verma,Electronics,Tablet,Mumbai,Maharashtra,2,12256,0.15,949.84,Cash
ORD01988,10-01-2026,Rahul Yadav,Clothing,Dress,Meerut,Uttar Pradesh,1,3522,0.15,589.94,Wallet
ORD01989,03-06-2025,Priya Jain,Grocery,Cooking Oil,Bengaluru,Karnataka,3,5214,0.1,338.91,Card
ORD01990,10-02-2025,Varun Patel,Electronics,Keyboard,Agra,Uttar Pradesh,5,133390,0.08,13605.78,Wallet
ORD01991,14-07-2026,Rahul Singh,Clothing,Jeans,Jaipur,Rajasthan,5,23690,0.05,4797.23,Card
ORD01992,24-08-2025,Varun Mehta,Electronics,Smartphone,Kolkata,West Bengal,1,40260,0.15,3120.15,Wallet
ORD01993,12-12-2025,Tanya Jain,Clothing,Kurta,Lucknow,Uttar Pradesh,6,8184,0.05,1657.26,Wallet
ORD01994,13-07-2026,Komal Kaur,Electronics,Monitor,Lucknow,Uttar Pradesh,3,90639,0.15,7024.52,UPI
ORD01995,16-02-2026,Sneha Mehta,Grocery,Cooking Oil,Agra,Uttar Pradesh,2,2086,0.1,135.59,Net Banking
ORD01996,08-04-2026,Simran Mehta,Furniture,Desk Lamp,Kolkata,West Bengal,6,41514,0,7472.52,UPI
ORD01997,29-01-2026,Varun Singh,Electronics,Printer,Kota,Rajasthan,5,177390,0.08,18093.78,Wallet
ORD01998,13-06-2026,Shivam Verma,Grocery,Pulses,Chandigarh,Chandigarh,2,1220,0.05,100.65,Net Banking
ORD01999,10-07-2025,Karan Yadav,Electronics,Smartphone,Bengaluru,Karnataka,5,3210,0.08,327.42,UPI
ORD02000,06-12-2025,Sneha Patel,Clothing,T-Shirt,Bengaluru,Karnataka,3,10488,0.08,2013.7,UPI
ORD02001,30-06-2025,Anjali Yadav,Electronics,Monitor,Meerut,Uttar Pradesh,3,178701,0.1,16976.6,Cash
ORD02002,08-02-2026,Pooja Singh,Clothing,Jeans,Mumbai,Maharashtra,4,16292,0.1,3014.02,Cash
ORD02003,30-06-2026,Shivam Gupta,Clothing,Jeans,Bengaluru,Karnataka,2,2780,0.15,465.65,Net Banking
ORD02004,19-02-2026,Arjun Gupta,Furniture,Table,Mumbai,Maharashtra,5,20890,0.05,3394.62,UPI
ORD02005,18-12-2025,Riya Singh,Clothing,Jeans,Mumbai,Maharashtra,3,12777,0.02,2721.5,Wallet
ORD02006,18-12-2025,Komal Patel,Furniture,Sofa,Pune,Maharashtra,2,47120,0.02,8151.76,Cash
ORD02007,05-02-2026,Mohit Yadav,Electronics,Mouse,Ahmedabad,Gujarat,5,37800,0.1,3591,UPI
ORD02008,25-11-2025,Aditya Gupta,Grocery,Tea,Jaipur,Rajasthan,5,7040,0,704,Cash
ORD02009,03-05-2025,Komal Patel,Furniture,Office Chair,Ghaziabad,Uttar Pradesh,3,64146,0.1,9301.17,UPI
ORD02010,23-07-2025,Komal Yadav,Electronics,Printer,Pune,Maharashtra,4,45604,0,5928.52,Wallet
ORD02011,04-08-2025,Riya Gupta,Furniture,Bookshelf,Kolkata,West Bengal,1,3618,0.05,587.93,UPI
ORD02012,27-07-2025,Rohit Verma,Clothing,Jacket,Kota,Rajasthan,1,2976,0.05,602.64,Card
ORD02013,22-06-2026,Rohit Verma,Clothing,Kurta,Ghaziabad,Uttar Pradesh,4,16792,0.15,2812.66,Net Banking
ORD02014,22-04-2025,Vivek Kumar,Grocery,Biscuits,Delhi,Delhi,1,1168,0.02,108.62,UPI
ORD02015,29-08-2026,Komal Kaur,Clothing,Jeans,Kota,Rajasthan,4,18540,0,4078.8,Wallet
ORD02016,05-01-2026,Neha Verma,Electronics,Keyboard,Kolkata,West Bengal,4,4160,0.05,468,Wallet
ORD02017,15-03-2026,Nikhil Sharma,Clothing,Shoes,Meerut,Uttar Pradesh,2,6020,0.1,1113.7,Cash
ORD02018,21-06-2025,Neha Kaur,Grocery,Pulses,Mumbai,Maharashtra,4,4896,0.05,403.92,Cash
ORD02019,14-12-2025,Shivam Mehta,Clothing,Dress,Bengaluru,Karnataka,3,14202,0.15,2378.84,Cash
ORD02020,30-05-2026,Neha Gupta,Clothing,Hoodie,Chandigarh,Chandigarh,5,13295,0.02,2831.84,Wallet
ORD02021,27-01-2025,Neha Sharma,Electronics,Monitor,Kolkata,West Bengal,6,171936,0.05,19342.8,UPI
ORD02022,24-08-2025,Shivam Verma,Electronics,Keyboard,Kolkata,West Bengal,3,75036,0.15,5815.29,UPI
ORD02023,12-03-2025,Pooja Sharma,Furniture,Table,Bengaluru,Karnataka,1,11481,0.05,1865.66,Cash
ORD02024,12-03-2026,Varun Singh,Clothing,Shoes,Delhi,Delhi,5,9855,0.15,1650.71,UPI
ORD02025,28-01-2026,Riya Patel,Clothing,Jacket,Lucknow,Uttar Pradesh,5,22995,0.1,4254.07,Wallet
ORD02026,05-04-2026,Sneha Gupta,Grocery,Atta,Kota,Rajasthan,6,5934,0.08,427.25,Net Banking
ORD02027,21-06-2025,Mohit Gupta,Furniture,Filing Cabinet,Delhi,Delhi,2,25604,0.1,3712.58,Card
ORD02028,19-04-2025,Neha Verma,Electronics,Mouse,Kolkata,West Bengal,2,93942,0.1,8924.49,UPI
ORD02029,09-11-2025,Tanya Kumar,Furniture,Table,Pune,Maharashtra,2,43880,0,7898.4,UPI
ORD02030,26-09-2025,Aditya Singh,Grocery,Rice,Noida,Uttar Pradesh,5,5410,0.08,389.52,Card
ORD02031,18-02-2026,Komal Kumar,Grocery,Biscuits,Delhi,Delhi,5,3780,0.08,272.16,Net Banking
ORD02032,24-09-2025,Mohit Jain,Furniture,Table,Agra,Uttar Pradesh,4,64048,0.05,10407.8,Cash
ORD02033,30-11-2025,Neha Patel,Grocery,Atta,Jaipur,Rajasthan,2,4838,0,483.8,UPI
ORD02034,15-04-2025,Riya Sharma,Grocery,Spices,Bengaluru,Karnataka,5,5335,0.15,253.41,Wallet
ORD02035,29-06-2025,Priya Kaur,Furniture,Filing Cabinet,Kota,Rajasthan,1,21949,0.08,3336.25,Card
ORD02036,02-08-2026,Shivam Singh,Furniture,Sofa,Kolkata,West Bengal,6,147990,0.02,25602.27,UPI
ORD02037,08-08-2025,Nikhil Singh,Clothing,Jeans,Meerut,Uttar Pradesh,2,9886,0.1,1828.91,UPI
ORD02038,07-11-2025,Karan Jain,Grocery,Biscuits,Bengaluru,Karnataka,5,1940,0.15,92.15,Wallet
ORD02039,08-09-2025,Shivam Jain,Furniture,Table,Meerut,Uttar Pradesh,3,66621,0.05,10825.91,Card
ORD02040,16-05-2026,Sneha Kaur,Clothing,Kurta,Lucknow,Uttar Pradesh,3,11169,0,2457.18,Card
ORD02041,07-12-2025,Simran Gupta,Furniture,Sofa,Lucknow,Uttar Pradesh,2,2880,0.1,417.6,Wallet
ORD02042,03-01-2025,Arjun Patel,Grocery,Cooking Oil,Meerut,Uttar Pradesh,4,9856,0.08,709.63,Card
ORD02043,25-04-2026,Komal Kaur,Grocery,Cooking Oil,Meerut,Uttar Pradesh,1,1436,0.02,133.55,UPI
ORD02044,26-07-2026,Komal Verma,Furniture,Sofa,Chandigarh,Chandigarh,3,15993,0.1,2318.98,Card
ORD02045,09-01-2026,Riya Sharma,Furniture,Office Chair,Kolkata,West Bengal,6,24174,0.02,4182.1,Wallet
ORD02046,16-05-2026,Tanya Kaur,Furniture,Table,Delhi,Delhi,1,9493,0.1,1376.48,Wallet
ORD02047,11-06-2026,Mohit Singh,Grocery,Biscuits,Bengaluru,Karnataka,2,3208,0.15,152.38,Card
ORD02048,12-10-2025,Vivek Verma,Grocery,Rice,Kolkata,West Bengal,1,907,0,90.7,Net Banking
ORD02049,16-06-2025,Pooja Patel,Electronics,Smartphone,Noida,Uttar Pradesh,4,19808,0.05,2228.4,UPI
ORD02050,24-08-2026,Mohit Sharma,Electronics,Keyboard,Bengaluru,Karnataka,5,57875,0.15,4485.31,UPI
ORD02051,28-02-2025,Tanya Verma,Clothing,Jeans,Kota,Rajasthan,3,13467,0.02,2868.47,UPI
ORD02052,28-04-2025,Neha Mehta,Grocery,Pulses,Noida,Uttar Pradesh,2,4254,0,425.4,UPI
ORD02053,01-05-2025,Sneha Mehta,Furniture,Filing Cabinet,Meerut,Uttar Pradesh,1,7591,0.02,1313.24,Net Banking
ORD02054,29-04-2025,Rohit Mehta,Furniture,Office Chair,Noida,Uttar Pradesh,5,114335,0,20580.3,Net Banking
ORD02055,02-02-2025,Sneha Singh,Electronics,Keyboard,Meerut,Uttar Pradesh,1,8527,0.1,810.07,Cash
ORD02056,28-10-2025,Shivam Verma,Grocery,Sugar,Ghaziabad,Uttar Pradesh,5,4780,0,478,Net Banking
ORD02057,03-07-2025,Sneha Gupta,Grocery,Biscuits,Ghaziabad,Uttar Pradesh,5,670,0.15,31.83,Wallet
ORD02058,03-04-2025,Vivek Sharma,Electronics,Keyboard,Kolkata,West Bengal,3,36429,0,4735.77,Wallet
ORD02059,01-12-2025,Neha Singh,Grocery,Atta,Agra,Uttar Pradesh,1,2441,0.15,115.95,Wallet
ORD02060,11-01-2026,Mohit Mehta,Clothing,Shoes,Meerut,Uttar Pradesh,1,1886,0.15,315.91,UPI
ORD02061,20-12-2025,Neha Patel,Electronics,Mouse,Chandigarh,Chandigarh,6,227286,0.1,21592.17,Net Banking
ORD02062,10-10-2025,Pooja Mehta,Electronics,Monitor,Ghaziabad,Uttar Pradesh,4,33500,0.02,4120.5,Cash
ORD02063,06-08-2025,Rahul Gupta,Clothing,Kurta,Agra,Uttar Pradesh,4,11256,0.02,2397.53,UPI
ORD02064,07-05-2025,Mohit Patel,Furniture,Office Chair,Meerut,Uttar Pradesh,4,10252,0.08,1558.3,Card
ORD02065,20-06-2025,Tanya Patel,Grocery,Sugar,Mumbai,Maharashtra,4,4872,0,487.2,UPI
ORD02066,27-02-2026,Karan Singh,Grocery,Cooking Oil,Jaipur,Rajasthan,4,9996,0,999.6,Card
ORD02067,25-09-2025,Arjun Sharma,Clothing,Kurta,Bengaluru,Karnataka,1,3104,0.05,628.56,Card
ORD02068,07-01-2026,Riya Kaur,Clothing,T-Shirt,Ghaziabad,Uttar Pradesh,1,1321,0,290.62,Wallet
ORD02069,30-03-2026,Shivam Yadav,Grocery,Biscuits,Jaipur,Rajasthan,3,1035,0.05,85.39,Cash
ORD02070,07-05-2026,Rohit Singh,Clothing,Shoes,Ahmedabad,Gujarat,2,4632,0.05,937.98,Cash
ORD02071,02-03-2025,Rohit Jain,Grocery,Spices,Delhi,Delhi,1,260,0.1,16.9,UPI
ORD02072,22-07-2026,Karan Kumar,Electronics,Mouse,Delhi,Delhi,6,315234,0.08,32153.87,Net Banking
ORD02073,10-03-2026,Komal Sharma,Grocery,Tea,Kolkata,West Bengal,1,2082,0.02,193.63,Wallet
ORD02074,04-04-2026,Rohit Singh,Electronics,Monitor,Kolkata,West Bengal,6,267126,0.05,30051.67,Wallet
ORD02075,28-03-2025,Pooja Jain,Electronics,Monitor,Agra,Uttar Pradesh,6,27504,0.08,2805.41,UPI
ORD02076,23-08-2025,Anjali Kumar,Grocery,Pulses,Noida,Uttar Pradesh,2,600,0.08,43.2,UPI
ORD02077,24-07-2025,Riya Singh,Clothing,Jacket,Mumbai,Maharashtra,3,12990,0.05,2630.48,UPI
ORD02078,24-12-2025,Varun Jain,Furniture,Office Chair,Delhi,Delhi,5,75285,0.02,13024.3,Cash
ORD02079,31-01-2025,Pooja Kumar,Grocery,Spices,Chandigarh,Chandigarh,4,4476,0.08,322.27,Wallet
ORD02080,17-02-2026,Arjun Kaur,Electronics,Smartphone,Ghaziabad,Uttar Pradesh,6,319608,0.02,39311.78,Cash
ORD02081,23-08-2026,Priya Jain,Grocery,Spices,Jaipur,Rajasthan,2,806,0.05,66.5,Card
ORD02082,28-02-2025,Simran Mehta,Furniture,Filing Cabinet,Ahmedabad,Gujarat,4,5684,0,1023.12,Net Banking
ORD02083,11-03-2025,Rohit Sharma,Grocery,Cooking Oil,Lucknow,Uttar Pradesh,3,7479,0,747.9,Net Banking
ORD02084,26-09-2025,Shivam Verma,Grocery,Pulses,Noida,Uttar Pradesh,3,696,0,69.6,Wallet
ORD02085,09-03-2025,Anjali Singh,Electronics,Headphones,Pune,Maharashtra,1,21246,0.02,2613.26,UPI
ORD02086,01-11-2025,Tanya Kaur,Clothing,Kurta,Pune,Maharashtra,5,3050,0.1,564.25,Net Banking
ORD02087,28-08-2026,Sneha Kumar,Grocery,Sugar,Bengaluru,Karnataka,1,893,0.08,64.3,Net Banking
ORD02088,02-06-2025,Pooja Kaur,Grocery,Tea,Noida,Uttar Pradesh,4,6576,0,657.6,Cash
ORD02089,27-08-2025,Arjun Yadav,Electronics,Printer,Kota,Rajasthan,5,90215,0.02,11096.44,Net Banking
ORD02090,29-08-2026,Tanya Gupta,Furniture,Table,Chandigarh,Chandigarh,6,106128,0.15,13531.32,Wallet
ORD02091,28-09-2025,Arjun Mehta,Electronics,Printer,Kolkata,West Bengal,1,4990,0.15,386.73,Card
ORD02092,08-07-2026,Arjun Kumar,Electronics,Mouse,Kota,Rajasthan,1,34388,0.08,3507.58,UPI
ORD02093,23-09-2025,Rohit Jain,Grocery,Rice,Ahmedabad,Gujarat,2,384,0.15,18.24,UPI
ORD02094,10-06-2026,Tanya Jain,Furniture,Bookshelf,Bengaluru,Karnataka,6,125754,0.1,18234.33,Wallet
ORD02095,05-07-2026,Komal Patel,Grocery,Atta,Noida,Uttar Pradesh,1,1900,0,190,Cash
ORD02096,08-11-2025,Varun Singh,Electronics,Monitor,Mumbai,Maharashtra,4,236796,0.05,26639.55,Card
ORD02097,27-08-2025,Shivam Kaur,Electronics,Printer,Agra,Uttar Pradesh,5,171145,0.15,13263.74,Wallet
ORD02098,27-01-2025,Simran Jain,Clothing,Shoes,Delhi,Delhi,5,8565,0,1884.3,UPI
ORD02099,13-07-2025,Riya Patel,Grocery,Pulses,Agra,Uttar Pradesh,4,1852,0.02,172.24,UPI
ORD02100,08-06-2026,Aditya Patel,Clothing,Kurta,Jaipur,Rajasthan,1,988,0.02,210.44,Cash
ORD02101,04-06-2025,Sneha Mehta,Furniture,Desk Lamp,Bengaluru,Karnataka,4,76556,0.1,11100.62,Wallet
ORD02102,23-08-2025,Rohit Gupta,Grocery,Rice,Lucknow,Uttar Pradesh,1,2491,0.05,205.51,UPI
ORD02103,20-07-2026,Karan Singh,Grocery,Cooking Oil,Agra,Uttar Pradesh,4,1040,0.08,74.88,Net Banking
ORD02104,18-08-2025,Anjali Mehta,Clothing,Dress,Kolkata,West Bengal,6,28986,0.1,5362.41,Cash
ORD02105,12-02-2026,Arjun Gupta,Electronics,Printer,Pune,Maharashtra,6,267060,0.15,20697.15,UPI
ORD02106,14-07-2026,Karan Gupta,Grocery,Tea,Ahmedabad,Gujarat,5,8105,0.08,583.56,Wallet
ORD02107,05-06-2025,Priya Kaur,Grocery,Rice,Lucknow,Uttar Pradesh,4,8700,0.05,717.75,UPI
ORD02108,13-06-2025,Mohit Patel,Furniture,Desk Lamp,Agra,Uttar Pradesh,1,13446,0.02,2326.16,Card
ORD02109,30-05-2026,Shivam Verma,Grocery,Tea,Mumbai,Maharashtra,5,2960,0,296,Cash
ORD02110,22-09-2025,Riya Kaur,Grocery,Sugar,Pune,Maharashtra,1,1865,0.02,173.44,Card
ORD02111,04-11-2025,Priya Verma,Grocery,Cooking Oil,Jaipur,Rajasthan,1,339,0,33.9,UPI
ORD02112,29-07-2025,Nikhil Kumar,Furniture,Bookshelf,Bengaluru,Karnataka,5,108870,0.02,18834.51,Card
ORD02113,11-07-2025,Karan Sharma,Furniture,Sofa,Chandigarh,Chandigarh,4,3252,0.05,528.45,Cash
ORD02114,23-01-2025,Arjun Yadav,Clothing,Kurta,Mumbai,Maharashtra,1,3581,0.05,725.15,Cash
ORD02115,10-04-2025,Nikhil Yadav,Clothing,Shoes,Meerut,Uttar Pradesh,3,3960,0.1,732.6,UPI
ORD02116,03-03-2026,Riya Kumar,Furniture,Filing Cabinet,Lucknow,Uttar Pradesh,3,5175,0.1,750.38,Net Banking
ORD02117,22-09-2025,Tanya Jain,Grocery,Cooking Oil,Kolkata,West Bengal,5,2995,0.15,142.26,Wallet
ORD02118,29-05-2025,Rohit Gupta,Electronics,Laptop,Ahmedabad,Gujarat,4,123436,0.1,11726.42,UPI
ORD02119,01-12-2025,Tanya Singh,Grocery,Tea,Jaipur,Rajasthan,5,2540,0.02,236.22,Net Banking
ORD02120,12-09-2025,Shivam Mehta,Grocery,Tea,Mumbai,Maharashtra,4,9140,0.1,594.1,Wallet
ORD02121,03-04-2025,Anjali Yadav,Grocery,Tea,Mumbai,Maharashtra,4,9612,0.05,792.99,Wallet
ORD02122,08-05-2025,Tanya Singh,Clothing,Jacket,Kolkata,West Bengal,6,4218,0,927.96,Wallet
ORD02123,10-09-2025,Riya Sharma,Furniture,Office Chair,Ahmedabad,Gujarat,6,98730,0.05,16043.62,Cash
ORD02124,05-03-2025,Karan Patel,Electronics,Monitor,Kota,Rajasthan,1,28287,0.15,2192.24,Wallet
ORD02125,09-05-2025,Rohit Jain,Grocery,Sugar,Jaipur,Rajasthan,3,3294,0.08,237.17,Wallet
ORD02126,13-05-2026,Rahul Sharma,Clothing,Jacket,Agra,Uttar Pradesh,5,3785,0.08,726.72,UPI
ORD02127,14-09-2025,Arjun Sharma,Clothing,Hoodie,Meerut,Uttar Pradesh,3,13932,0.1,2577.42,Cash
ORD02128,22-03-2026,Nikhil Kaur,Grocery,Spices,Bengaluru,Karnataka,3,7080,0.1,460.2,Net Banking
ORD02129,15-01-2025,Vivek Yadav,Electronics,Smartphone,Kolkata,West Bengal,4,71116,0.02,8747.27,Net Banking
ORD02130,30-01-2025,Shivam Kaur,Clothing,Shoes,Kolkata,West Bengal,4,12336,0.1,2282.16,Cash
ORD02131,14-05-2025,Karan Yadav,Clothing,Jeans,Ghaziabad,Uttar Pradesh,5,2680,0.08,514.56,Cash
ORD02132,11-12-2025,Vivek Sharma,Grocery,Spices,Kolkata,West Bengal,2,1668,0.08,120.1,UPI
ORD02133,24-02-2025,Rahul Mehta,Grocery,Biscuits,Pune,Maharashtra,5,7505,0.02,697.97,Card
ORD02134,08-04-2026,Nikhil Kaur,Furniture,Office Chair,Meerut,Uttar Pradesh,2,20874,0.02,3611.2,Net Banking
ORD02135,29-01-2025,Rohit Kumar,Clothing,Shoes,Meerut,Uttar Pradesh,3,2553,0.08,490.18,Card
ORD02136,15-09-2025,Varun Jain,Clothing,Dress,Noida,Uttar Pradesh,1,3351,0.1,619.93,Net Banking
ORD02137,01-05-2026,Shivam Jain,Electronics,Laptop,Kolkata,West Bengal,5,7915,0,1028.95,Net Banking
ORD02138,27-06-2025,Shivam Patel,Grocery,Pulses,Mumbai,Maharashtra,2,1764,0,176.4,Cash
ORD02139,23-02-2026,Simran Singh,Grocery,Rice,Kolkata,West Bengal,3,5721,0.02,532.05,Net Banking
ORD02140,28-07-2025,Komal Gupta,Electronics,Keyboard,Chandigarh,Chandigarh,1,11388,0,1480.44,Card
ORD02141,26-08-2026,Riya Jain,Grocery,Biscuits,Ghaziabad,Uttar Pradesh,4,5984,0.15,284.24,UPI
ORD02142,29-09-2025,Komal Singh,Grocery,Biscuits,Ahmedabad,Gujarat,6,4626,0.05,381.65,Cash
ORD02143,31-05-2026,Anjali Gupta,Furniture,Office Chair,Bengaluru,Karnataka,5,117820,0.02,20382.86,Cash
ORD02144,09-11-2025,Mohit Gupta,Clothing,T-Shirt,Delhi,Delhi,6,22896,0.05,4636.44,Net Banking
ORD02145,24-05-2025,Pooja Singh,Clothing,Dress,Meerut,Uttar Pradesh,2,1856,0,408.32,Net Banking
ORD02146,28-03-2025,Sneha Kaur,Clothing,Hoodie,Mumbai,Maharashtra,5,21620,0.15,3621.35,Net Banking
ORD02147,20-06-2025,Aditya Singh,Furniture,Table,Bengaluru,Karnataka,3,65811,0.15,8390.9,UPI
ORD02148,16-03-2025,Aditya Yadav,Furniture,Desk Lamp,Mumbai,Maharashtra,4,92992,0.02,16087.62,UPI
ORD02149,19-09-2025,Anjali Verma,Electronics,Monitor,Pune,Maharashtra,4,67132,0,8727.16,UPI
ORD02150,29-05-2025,Simran Patel,Grocery,Sugar,Agra,Uttar Pradesh,6,13878,0.1,902.07,Card
ORD02151,17-04-2025,Komal Kumar,Clothing,Hoodie,Ghaziabad,Uttar Pradesh,3,1188,0,261.36,Net Banking
ORD02152,12-03-2026,Mohit Singh,Grocery,Pulses,Mumbai,Maharashtra,3,6558,0,655.8,Cash
ORD02153,14-03-2026,Amit Jain,Clothing,Jacket,Bengaluru,Karnataka,3,7329,0.05,1484.12,Card
ORD02154,20-07-2026,Rohit Sharma,Clothing,Dress,Noida,Uttar Pradesh,4,8324,0.08,1598.21,Cash
ORD02155,13-04-2026,Komal Jain,Furniture,Filing Cabinet,Pune,Maharashtra,1,5619,0.1,814.75,Cash
ORD02156,04-03-2025,Vivek Yadav,Grocery,Spices,Pune,Maharashtra,5,10935,0.02,1016.96,Net Banking
ORD02157,21-05-2025,Simran Mehta,Furniture,Sofa,Noida,Uttar Pradesh,3,46578,0.15,5938.69,Card
ORD02158,26-01-2026,Simran Singh,Electronics,Monitor,Ahmedabad,Gujarat,6,238824,0.1,22688.28,Cash
ORD02159,30-08-2026,Sneha Singh,Furniture,Table,Ahmedabad,Gujarat,5,110280,0.02,19078.44,Wallet
ORD02160,17-07-2026,Aditya Sharma,Furniture,Table,Pune,Maharashtra,1,5746,0,1034.28,Net Banking
ORD02161,20-02-2025,Shivam Jain,Furniture,Desk Lamp,Ghaziabad,Uttar Pradesh,2,35486,0.1,5145.47,Card
ORD02162,09-07-2025,Karan Singh,Furniture,Table,Noida,Uttar Pradesh,1,4632,0,833.76,UPI
ORD02163,21-03-2026,Riya Kumar,Electronics,Monitor,Chandigarh,Chandigarh,5,129460,0.08,13204.92,UPI
ORD02164,15-07-2026,Priya Gupta,Electronics,Printer,Chandigarh,Chandigarh,4,34300,0,4459,Card
ORD02165,29-08-2025,Varun Gupta,Clothing,Shoes,Kolkata,West Bengal,1,2665,0,586.3,Cash
ORD02166,10-05-2026,Simran Mehta,Furniture,Filing Cabinet,Noida,Uttar Pradesh,5,87610,0,15769.8,Wallet
ORD02167,20-11-2025,Rohit Sharma,Furniture,Table,Agra,Uttar Pradesh,3,42573,0.1,6173.08,UPI
ORD02168,06-07-2025,Rahul Yadav,Furniture,Filing Cabinet,Kolkata,West Bengal,1,15776,0.08,2397.95,Cash
ORD02169,06-12-2025,Rahul Sharma,Clothing,Dress,Pune,Maharashtra,4,15536,0,3417.92,Net Banking
ORD02170,14-01-2025,Riya Yadav,Grocery,Spices,Jaipur,Rajasthan,3,1368,0,136.8,Cash
ORD02171,03-04-2026,Varun Yadav,Electronics,Monitor,Chandigarh,Chandigarh,2,38186,0,4964.18,UPI
ORD02172,20-06-2026,Tanya Sharma,Grocery,Tea,Kolkata,West Bengal,5,10010,0,1001,Cash
ORD02173,22-07-2026,Neha Mehta,Furniture,Sofa,Jaipur,Rajasthan,5,37145,0.05,6036.06,Wallet
ORD02174,25-06-2026,Karan Jain,Grocery,Atta,Jaipur,Rajasthan,5,9800,0,980,Net Banking
ORD02175,12-05-2026,Tanya Kumar,Electronics,Printer,Mumbai,Maharashtra,6,263280,0.15,20404.2,Cash
ORD02176,07-01-2026,Sneha Kumar,Electronics,Smartphone,Kolkata,West Bengal,5,143490,0.02,17649.27,Wallet
ORD02177,23-01-2025,Priya Singh,Grocery,Spices,Delhi,Delhi,6,6294,0.02,585.34,Net Banking
ORD02178,27-07-2026,Arjun Mehta,Clothing,Shoes,Ahmedabad,Gujarat,6,27456,0.1,5079.36,UPI
ORD02179,23-05-2025,Priya Kaur,Clothing,T-Shirt,Mumbai,Maharashtra,1,4982,0.05,1008.86,Cash
ORD02180,13-04-2026,Vivek Kumar,Clothing,Kurta,Agra,Uttar Pradesh,1,4072,0.08,781.82,Card
ORD02181,09-04-2025,Varun Jain,Grocery,Tea,Jaipur,Rajasthan,5,4185,0,418.5,Card
ORD02182,23-03-2026,Simran Singh,Clothing,T-Shirt,Pune,Maharashtra,6,21594,0.02,4599.52,Card
ORD02183,18-03-2025,Sneha Sharma,Furniture,Desk Lamp,Kota,Rajasthan,3,52752,0.1,7649.04,Cash
ORD02184,28-10-2025,Mohit Kaur,Clothing,Jacket,Meerut,Uttar Pradesh,1,4834,0.05,978.89,UPI
ORD02185,15-08-2026,Neha Singh,Clothing,Shoes,Kolkata,West Bengal,5,6675,0,1468.5,Cash
ORD02186,20-02-2025,Priya Mehta,Grocery,Rice,Chandigarh,Chandigarh,5,765,0.15,36.34,Card
ORD02187,05-08-2025,Neha Gupta,Clothing,Shoes,Lucknow,Uttar Pradesh,1,4063,0.02,865.42,Net Banking
ORD02188,14-10-2025,Rahul Sharma,Furniture,Desk Lamp,Meerut,Uttar Pradesh,5,104110,0.05,16917.88,UPI
ORD02189,09-04-2026,Karan Kumar,Grocery,Atta,Meerut,Uttar Pradesh,6,6912,0.15,328.32,Card
ORD02190,09-05-2026,Priya Sharma,Grocery,Cooking Oil,Jaipur,Rajasthan,5,8040,0,804,Cash
ORD02191,02-07-2025,Sneha Kumar,Electronics,Monitor,Noida,Uttar Pradesh,5,124830,0,16227.9,UPI
ORD02192,07-01-2026,Karan Kaur,Clothing,Jeans,Jaipur,Rajasthan,1,657,0.15,110.05,UPI
ORD02193,17-03-2026,Shivam Yadav,Furniture,Table,Delhi,Delhi,1,15951,0,2871.18,UPI
ORD02194,30-03-2025,Komal Patel,Electronics,Printer,Lucknow,Uttar Pradesh,6,329958,0.15,25571.75,Cash
ORD02195,19-06-2026,Sneha Mehta,Clothing,Dress,Lucknow,Uttar Pradesh,2,2906,0.1,537.61,Wallet
ORD02196,13-10-2025,Aditya Kumar,Furniture,Sofa,Agra,Uttar Pradesh,2,40604,0.05,6598.15,Net Banking
ORD02197,06-07-2026,Priya Verma,Electronics,Keyboard,Kota,Rajasthan,2,106682,0.05,12001.73,UPI
ORD02198,29-07-2026,Tanya Mehta,Electronics,Headphones,Agra,Uttar Pradesh,1,10674,0.05,1200.83,Card
ORD02199,04-01-2026,Sneha Gupta,Furniture,Office Chair,Kota,Rajasthan,3,23370,0.15,2979.68,Wallet
ORD02200,03-03-2025,Riya Gupta,Furniture,Bookshelf,Ahmedabad,Gujarat,2,29168,0.1,4229.36,Wallet
ORD02201,26-08-2026,Varun Verma,Grocery,Rice,Chandigarh,Chandigarh,4,7656,0.02,712.01,Cash
ORD02202,01-07-2025,Anjali Verma,Clothing,Kurta,Mumbai,Maharashtra,2,9564,0.05,1936.71,Net Banking
ORD02203,09-12-2025,Amit Kaur,Clothing,Shoes,Meerut,Uttar Pradesh,5,3440,0.05,696.6,Net Banking
ORD02204,10-12-2025,Mohit Kumar,Clothing,Dress,Delhi,Delhi,4,12996,0.08,2495.23,Cash
ORD02205,10-01-2025,Tanya Sharma,Grocery,Atta,Ghaziabad,Uttar Pradesh,5,4140,0.15,196.65,Wallet
ORD02206,13-11-2025,Rahul Patel,Clothing,Hoodie,Agra,Uttar Pradesh,1,648,0.08,124.42,UPI
ORD02207,02-02-2026,Rohit Patel,Furniture,Office Chair,Noida,Uttar Pradesh,1,15961,0.1,2314.34,UPI
ORD02208,03-02-2026,Amit Singh,Furniture,Bookshelf,Kolkata,West Bengal,3,71619,0.08,10886.09,Card
ORD02209,19-11-2025,Simran Kumar,Electronics,Tablet,Chandigarh,Chandigarh,5,124550,0.02,15319.65,Card
ORD02210,18-11-2025,Shivam Yadav,Electronics,Monitor,Bengaluru,Karnataka,2,25086,0.08,2558.77,UPI
ORD02211,21-02-2025,Priya Yadav,Electronics,Keyboard,Ahmedabad,Gujarat,4,201508,0.15,15616.87,UPI
ORD02212,26-08-2026,Simran Kaur,Clothing,Jeans,Ahmedabad,Gujarat,6,10794,0.05,2185.79,Wallet
ORD02213,13-04-2025,Sneha Verma,Clothing,T-Shirt,Kota,Rajasthan,3,1977,0.08,379.58,Card
ORD02214,10-01-2026,Rahul Verma,Grocery,Rice,Agra,Uttar Pradesh,6,14976,0.15,711.36,UPI
ORD02215,10-08-2025,Vivek Sharma,Electronics,Laptop,Jaipur,Rajasthan,3,135009,0.1,12825.85,Card
ORD02216,08-08-2025,Nikhil Sharma,Electronics,Laptop,Lucknow,Uttar Pradesh,3,26583,0,3455.79,Wallet
ORD02217,07-04-2025,Karan Yadav,Clothing,T-Shirt,Noida,Uttar Pradesh,5,13780,0.15,2308.15,Wallet
ORD02218,04-08-2026,Anjali Singh,Furniture,Desk Lamp,Agra,Uttar Pradesh,3,26349,0.05,4281.71,UPI
ORD02219,14-05-2026,Shivam Patel,Clothing,Shoes,Noida,Uttar Pradesh,1,785,0.08,150.72,UPI
ORD02220,02-03-2025,Priya Jain,Electronics,Tablet,Pune,Maharashtra,4,218468,0.1,20754.46,Net Banking
ORD02221,28-05-2026,Simran Singh,Grocery,Pulses,Lucknow,Uttar Pradesh,1,1069,0.08,76.97,Card
ORD02222,19-01-2026,Karan Sharma,Furniture,Desk Lamp,Ahmedabad,Gujarat,3,32553,0.1,4720.18,UPI
ORD02223,02-12-2025,Rahul Verma,Grocery,Pulses,Kota,Rajasthan,4,2892,0.05,238.59,Card
ORD02224,24-01-2026,Anjali Gupta,Clothing,Hoodie,Delhi,Delhi,1,4340,0.02,924.42,Card
ORD02225,18-09-2025,Arjun Patel,Grocery,Atta,Lucknow,Uttar Pradesh,1,1961,0.1,127.47,UPI
ORD02226,15-08-2025,Vivek Yadav,Furniture,Filing Cabinet,Pune,Maharashtra,6,34182,0.02,5913.49,UPI
ORD02227,08-03-2026,Amit Yadav,Electronics,Laptop,Chandigarh,Chandigarh,1,38041,0,4945.33,Card
ORD02228,05-06-2025,Rohit Kumar,Electronics,Tablet,Mumbai,Maharashtra,3,49569,0,6443.97,Net Banking
ORD02229,09-12-2025,Sneha Yadav,Grocery,Pulses,Ghaziabad,Uttar Pradesh,2,212,0.05,17.49,Wallet
ORD02230,25-06-2025,Shivam Patel,Grocery,Biscuits,Ahmedabad,Gujarat,5,4210,0,421,Net Banking
ORD02231,06-03-2026,Arjun Sharma,Clothing,Jeans,Jaipur,Rajasthan,1,2191,0.02,466.68,Card
ORD02232,19-09-2025,Sneha Kaur,Grocery,Biscuits,Agra,Uttar Pradesh,5,4220,0,422,UPI
ORD02233,15-06-2025,Karan Jain,Furniture,Office Chair,Kota,Rajasthan,1,3776,0.05,613.6,UPI
ORD02234,25-06-2025,Priya Yadav,Furniture,Table,Jaipur,Rajasthan,6,37878,0,6818.04,Wallet
ORD02235,03-08-2026,Rohit Mehta,Electronics,Printer,Chandigarh,Chandigarh,1,45583,0.05,5128.09,UPI
ORD02236,18-07-2026,Varun Kumar,Electronics,Tablet,Ghaziabad,Uttar Pradesh,5,124705,0.05,14029.31,Wallet
ORD02237,07-04-2025,Riya Jain,Clothing,Kurta,Chandigarh,Chandigarh,4,16612,0.02,3538.36,Wallet
ORD02238,02-07-2026,Tanya Verma,Electronics,Laptop,Kolkata,West Bengal,3,48264,0.08,4922.93,UPI
ORD02239,06-06-2026,Simran Yadav,Grocery,Atta,Mumbai,Maharashtra,5,10220,0.02,950.46,Cash
ORD02240,04-05-2026,Arjun Sharma,Electronics,Monitor,Mumbai,Maharashtra,2,23236,0.15,1800.79,UPI
ORD02241,11-05-2025,Karan Singh,Furniture,Desk Lamp,Ghaziabad,Uttar Pradesh,5,52255,0.1,7576.97,Card
ORD02242,13-10-2025,Pooja Singh,Electronics,Headphones,Noida,Uttar Pradesh,3,56601,0.08,5773.3,Wallet
ORD02243,20-07-2025,Rahul Singh,Electronics,Monitor,Jaipur,Rajasthan,3,115296,0.1,10953.12,UPI
ORD02244,02-06-2025,Karan Singh,Furniture,Office Chair,Bengaluru,Karnataka,2,4922,0.05,799.83,Card
ORD02245,17-01-2026,Pooja Sharma,Grocery,Pulses,Agra,Uttar Pradesh,2,1004,0.02,93.37,Card
ORD02246,10-02-2026,Pooja Sharma,Electronics,Tablet,Agra,Uttar Pradesh,1,27283,0.05,3069.34,UPI
ORD02247,13-04-2026,Sneha Yadav,Clothing,Dress,Kolkata,West Bengal,5,10950,0.08,2102.4,Net Banking
ORD02248,15-06-2025,Tanya Kumar,Electronics,Mouse,Meerut,Uttar Pradesh,1,45412,0,5903.56,Net Banking
ORD02249,11-02-2025,Arjun Patel,Electronics,Printer,Lucknow,Uttar Pradesh,4,229204,0.1,21774.38,Wallet
ORD02250,09-07-2026,Simran Kumar,Furniture,Office Chair,Kolkata,West Bengal,1,9439,0.02,1632.95,Wallet
ORD02251,27-07-2025,Rohit Mehta,Grocery,Spices,Meerut,Uttar Pradesh,2,4808,0,480.8,Net Banking
ORD02252,04-03-2026,Riya Kaur,Electronics,Laptop,Agra,Uttar Pradesh,4,148460,0.05,16701.75,UPI
ORD02253,08-08-2026,Komal Mehta,Grocery,Sugar,Chandigarh,Chandigarh,4,2824,0,282.4,Cash
ORD02254,04-11-2025,Amit Kaur,Clothing,T-Shirt,Lucknow,Uttar Pradesh,5,13250,0.05,2683.12,Net Banking
ORD02255,19-08-2025,Shivam Mehta,Grocery,Sugar,Bengaluru,Karnataka,3,2556,0.15,121.41,Cash
ORD02256,10-04-2026,Pooja Singh,Electronics,Headphones,Bengaluru,Karnataka,5,126510,0.02,15560.73,Card
ORD02257,31-05-2025,Simran Verma,Grocery,Atta,Jaipur,Rajasthan,1,442,0.05,36.47,Net Banking
ORD02258,25-11-2025,Simran Singh,Furniture,Filing Cabinet,Agra,Uttar Pradesh,6,113874,0.15,14518.93,UPI
ORD02259,22-02-2026,Neha Verma,Electronics,Printer,Pune,Maharashtra,6,246486,0,32043.18,Cash
ORD02260,13-12-2025,Karan Singh,Electronics,Tablet,Lucknow,Uttar Pradesh,2,27546,0.1,2616.87,Cash
ORD02261,29-06-2026,Karan Verma,Grocery,Atta,Agra,Uttar Pradesh,6,1890,0.05,155.93,Card
ORD02262,22-03-2025,Mohit Jain,Clothing,Jeans,Ahmedabad,Gujarat,1,2273,0,500.06,Net Banking
ORD02263,24-04-2026,Riya Patel,Grocery,Rice,Agra,Uttar Pradesh,6,7038,0.05,580.63,Cash
ORD02264,02-10-2025,Anjali Verma,Grocery,Biscuits,Kolkata,West Bengal,4,6896,0.1,448.24,Cash
ORD02265,07-02-2026,Riya Patel,Furniture,Sofa,Agra,Uttar Pradesh,5,81360,0.05,13221,Wallet
ORD02266,22-03-2025,Arjun Yadav,Grocery,Cooking Oil,Jaipur,Rajasthan,2,2456,0.02,228.41,Cash
ORD02267,07-12-2025,Tanya Gupta,Clothing,T-Shirt,Mumbai,Maharashtra,6,2184,0.1,404.04,Wallet
ORD02268,27-11-2025,Mohit Patel,Electronics,Smartphone,Meerut,Uttar Pradesh,4,158620,0.02,19510.26,Net Banking
ORD02269,03-09-2025,Rahul Kaur,Grocery,Tea,Ahmedabad,Gujarat,4,3296,0,329.6,Cash
ORD02270,30-09-2025,Arjun Mehta,Furniture,Table,Agra,Uttar Pradesh,6,120504,0,21690.72,UPI
ORD02271,20-07-2025,Karan Singh,Clothing,T-Shirt,Bengaluru,Karnataka,3,14280,0.1,2641.8,Net Banking
ORD02272,07-08-2025,Amit Kaur,Electronics,Headphones,Kolkata,West Bengal,3,176019,0.05,19802.14,Wallet
ORD02273,19-01-2025,Rahul Jain,Grocery,Sugar,Bengaluru,Karnataka,4,4020,0,402,UPI
ORD02274,13-01-2026,Varun Kaur,Grocery,Biscuits,Meerut,Uttar Pradesh,2,1144,0,114.4,UPI
ORD02275,14-10-2025,Arjun Mehta,Clothing,Jacket,Meerut,Uttar Pradesh,2,6542,0.15,1095.79,Wallet
ORD02276,26-04-2025,Aditya Verma,Grocery,Tea,Lucknow,Uttar Pradesh,6,12720,0,1272,Card
ORD02277,01-06-2025,Karan Kaur,Electronics,Tablet,Kolkata,West Bengal,3,173892,0.15,13476.63,Net Banking
ORD02278,28-11-2025,Nikhil Verma,Grocery,Atta,Pune,Maharashtra,4,6876,0.15,326.61,Card
ORD02279,17-02-2025,Mohit Singh,Grocery,Rice,Noida,Uttar Pradesh,3,999,0.15,47.45,Net Banking
ORD02280,16-02-2025,Amit Sharma,Electronics,Laptop,Agra,Uttar Pradesh,3,129411,0.1,12294.05,Card
ORD02281,10-07-2025,Anjali Kaur,Grocery,Atta,Chandigarh,Chandigarh,2,698,0.05,57.59,Card
ORD02282,11-08-2026,Rohit Verma,Electronics,Tablet,Delhi,Delhi,5,101670,0.02,12505.41,Net Banking
ORD02283,22-07-2025,Riya Patel,Electronics,Printer,Meerut,Uttar Pradesh,1,13606,0,1768.78,Cash
ORD02284,28-01-2025,Tanya Singh,Clothing,Dress,Meerut,Uttar Pradesh,5,17505,0.02,3728.57,Wallet
ORD02285,27-12-2025,Pooja Verma,Grocery,Sugar,Agra,Uttar Pradesh,2,3218,0.1,209.17,Card
ORD02286,14-07-2025,Komal Patel,Furniture,Table,Bengaluru,Karnataka,6,91836,0.02,15887.63,Wallet
ORD02287,16-08-2025,Mohit Verma,Furniture,Office Chair,Lucknow,Uttar Pradesh,3,48963,0.15,6242.78,Card
ORD02288,05-02-2025,Aditya Mehta,Furniture,Sofa,Jaipur,Rajasthan,1,17422,0.05,2831.08,UPI
ORD02289,25-05-2026,Rohit Jain,Electronics,Printer,Delhi,Delhi,5,64415,0.08,6570.33,Card
ORD02290,08-05-2025,Neha Mehta,Furniture,Sofa,Delhi,Delhi,1,1263,0.08,191.98,UPI
ORD02291,28-07-2026,Arjun Kumar,Clothing,Dress,Ahmedabad,Gujarat,5,10600,0.1,1961,Net Banking
ORD02292,25-07-2025,Anjali Kaur,Grocery,Tea,Mumbai,Maharashtra,3,5184,0.08,373.25,Cash
ORD02293,26-05-2025,Arjun Jain,Furniture,Table,Ghaziabad,Uttar Pradesh,2,46874,0.02,8109.2,UPI
ORD02294,03-08-2026,Neha Singh,Electronics,Headphones,Lucknow,Uttar Pradesh,2,46564,0.1,4423.58,Card
ORD02295,12-12-2025,Pooja Yadav,Clothing,Shoes,Delhi,Delhi,4,7196,0.1,1331.26,UPI
ORD02296,10-03-2025,Rohit Jain,Grocery,Sugar,Ahmedabad,Gujarat,6,12246,0.02,1138.88,UPI
ORD02297,30-08-2025,Rahul Kaur,Clothing,Shoes,Bengaluru,Karnataka,4,10236,0,2251.92,Cash
ORD02298,28-11-2025,Neha Sharma,Furniture,Desk Lamp,Lucknow,Uttar Pradesh,1,22204,0.1,3219.58,UPI
ORD02299,05-06-2026,Vivek Mehta,Furniture,Sofa,Meerut,Uttar Pradesh,4,89848,0,16172.64,Card
ORD02300,11-10-2025,Aditya Sharma,Grocery,Biscuits,Jaipur,Rajasthan,1,1365,0.15,64.84,Cash
ORD02301,10-03-2025,Mohit Kumar,Clothing,Jacket,Pune,Maharashtra,1,1727,0.15,289.27,Net Banking
ORD02302,15-03-2026,Simran Sharma,Clothing,T-Shirt,Noida,Uttar Pradesh,5,15515,0.05,3141.79,Wallet
ORD02303,07-04-2026,Varun Kaur,Electronics,Tablet,Pune,Maharashtra,2,78654,0.05,8848.58,Cash
ORD02304,17-09-2025,Arjun Mehta,Furniture,Office Chair,Kota,Rajasthan,1,5292,0,952.56,Card
ORD02305,20-05-2025,Priya Singh,Electronics,Monitor,Pune,Maharashtra,6,198684,0,25828.92,Cash
ORD02306,17-03-2026,Tanya Mehta,Electronics,Mouse,Pune,Maharashtra,2,99752,0.15,7730.78,Net Banking
ORD02307,09-08-2025,Priya Singh,Grocery,Spices,Delhi,Delhi,5,11115,0.08,800.28,Net Banking
ORD02308,25-03-2026,Riya Sharma,Grocery,Pulses,Ghaziabad,Uttar Pradesh,1,839,0.02,78.03,Net Banking
ORD02309,02-05-2026,Varun Mehta,Clothing,Dress,Pune,Maharashtra,5,23400,0.1,4329,Cash
ORD02310,13-11-2025,Pooja Kumar,Furniture,Filing Cabinet,Ghaziabad,Uttar Pradesh,6,139464,0.1,20222.28,Wallet
ORD02311,09-06-2026,Shivam Yadav,Electronics,Tablet,Agra,Uttar Pradesh,3,38835,0,5048.55,Card
ORD02312,24-08-2026,Priya Yadav,Furniture,Office Chair,Meerut,Uttar Pradesh,1,5995,0,1079.1,UPI
ORD02313,31-07-2026,Sneha Gupta,Clothing,Shoes,Kolkata,West Bengal,4,10120,0.05,2049.3,Net Banking
ORD02314,21-04-2026,Riya Gupta,Electronics,Laptop,Delhi,Delhi,2,56362,0.1,5354.39,Cash
ORD02315,31-08-2026,Sneha Gupta,Grocery,Pulses,Jaipur,Rajasthan,3,7272,0.08,523.58,UPI
ORD02316,04-02-2025,Simran Yadav,Grocery,Sugar,Jaipur,Rajasthan,3,5481,0.15,260.35,UPI
ORD02317,14-08-2025,Aditya Verma,Electronics,Tablet,Ghaziabad,Uttar Pradesh,3,63678,0.15,4935.05,UPI
ORD02318,28-03-2026,Priya Kumar,Grocery,Tea,Pune,Maharashtra,4,3372,0.08,242.78,Wallet
ORD02319,25-11-2025,Pooja Sharma,Clothing,Jeans,Pune,Maharashtra,6,20484,0.02,4363.09,Cash
ORD02320,15-06-2025,Komal Singh,Grocery,Rice,Meerut,Uttar Pradesh,3,4536,0,453.6,Net Banking
ORD02321,18-11-2025,Tanya Gupta,Grocery,Sugar,Jaipur,Rajasthan,3,3123,0,312.3,Wallet
ORD02322,22-03-2026,Karan Gupta,Clothing,Kurta,Jaipur,Rajasthan,3,7821,0.08,1501.63,Cash
ORD02323,21-09-2025,Priya Gupta,Clothing,Hoodie,Lucknow,Uttar Pradesh,6,12678,0.05,2567.3,Wallet
ORD02324,06-09-2025,Simran Gupta,Electronics,Tablet,Pune,Maharashtra,5,196030,0.02,24111.69,Wallet
ORD02325,28-09-2025,Rahul Jain,Grocery,Tea,Ghaziabad,Uttar Pradesh,5,5920,0.08,426.24,Wallet
ORD02326,28-05-2026,Nikhil Singh,Furniture,Table,Ghaziabad,Uttar Pradesh,1,20241,0.05,3289.16,Wallet
ORD02327,19-06-2026,Shivam Gupta,Grocery,Sugar,Pune,Maharashtra,6,13578,0.15,644.96,UPI
ORD02328,13-05-2025,Amit Singh,Furniture,Table,Noida,Uttar Pradesh,1,19510,0.08,2965.52,UPI
ORD02329,23-12-2025,Pooja Gupta,Grocery,Rice,Kota,Rajasthan,3,3942,0.1,256.23,Net Banking
ORD02330,08-02-2025,Karan Sharma,Clothing,Jacket,Kota,Rajasthan,5,6900,0.02,1469.7,UPI
ORD02331,07-03-2025,Neha Patel,Clothing,Jacket,Pune,Maharashtra,4,11172,0.08,2145.02,Card
ORD02332,20-04-2025,Neha Kumar,Electronics,Laptop,Meerut,Uttar Pradesh,6,347520,0.05,39096,Card
ORD02333,06-02-2026,Pooja Yadav,Grocery,Biscuits,Ahmedabad,Gujarat,4,6156,0.1,400.14,Wallet
ORD02334,17-03-2026,Priya Patel,Clothing,Dress,Bengaluru,Karnataka,4,1272,0.1,235.32,Wallet
ORD02335,02-11-2025,Pooja Gupta,Furniture,Office Chair,Lucknow,Uttar Pradesh,6,75672,0.1,10972.44,Cash
ORD02336,10-07-2026,Varun Yadav,Grocery,Spices,Ghaziabad,Uttar Pradesh,1,376,0.02,34.97,UPI
ORD02337,19-05-2025,Amit Verma,Furniture,Bookshelf,Meerut,Uttar Pradesh,2,28298,0.02,4895.55,Card
ORD02338,01-08-2025,Rohit Sharma,Clothing,Shoes,Lucknow,Uttar Pradesh,2,4942,0.08,948.86,Cash
ORD02339,01-06-2026,Riya Jain,Furniture,Filing Cabinet,Kota,Rajasthan,6,118722,0.08,18045.74,UPI
ORD02340,06-08-2026,Simran Mehta,Electronics,Smartphone,Chandigarh,Chandigarh,6,356388,0.02,43835.72,Wallet
ORD02341,14-05-2026,Sneha Gupta,Electronics,Keyboard,Kolkata,West Bengal,6,38856,0.15,3011.34,UPI
ORD02342,23-11-2025,Amit Singh,Grocery,Tea,Ghaziabad,Uttar Pradesh,1,1317,0.02,122.48,Card
ORD02343,15-10-2025,Nikhil Mehta,Clothing,T-Shirt,Meerut,Uttar Pradesh,2,9760,0.1,1805.6,Cash
ORD02344,23-07-2025,Pooja Singh,Furniture,Sofa,Kolkata,West Bengal,3,74145,0.02,12827.08,Wallet
ORD02345,17-01-2025,Neha Yadav,Furniture,Desk Lamp,Kolkata,West Bengal,2,2210,0.02,382.33,Net Banking
ORD02346,13-08-2025,Pooja Gupta,Electronics,Mouse,Ghaziabad,Uttar Pradesh,1,15655,0,2035.15,Net Banking
ORD02347,15-03-2026,Sneha Yadav,Grocery,Pulses,Noida,Uttar Pradesh,6,3498,0.15,166.16,UPI
ORD02348,13-09-2025,Amit Singh,Grocery,Spices,Meerut,Uttar Pradesh,4,6008,0.05,495.66,Cash
ORD02349,19-08-2026,Varun Gupta,Clothing,Jeans,Delhi,Delhi,1,1717,0.02,365.72,Net Banking
ORD02350,15-05-2025,Amit Singh,Furniture,Table,Delhi,Delhi,2,19350,0.15,2467.12,Wallet
ORD02351,11-04-2026,Arjun Singh,Clothing,Shoes,Noida,Uttar Pradesh,5,2170,0,477.4,Card
ORD02352,28-02-2026,Simran Jain,Clothing,T-Shirt,Agra,Uttar Pradesh,1,3899,0.15,653.08,Net Banking
ORD02353,25-11-2025,Simran Mehta,Electronics,Printer,Bengaluru,Karnataka,6,275304,0.08,28081.01,UPI
ORD02354,09-07-2026,Karan Jain,Furniture,Bookshelf,Delhi,Delhi,4,50352,0.15,6419.88,Net Banking
ORD02355,02-06-2026,Priya Singh,Furniture,Filing Cabinet,Kota,Rajasthan,6,33960,0.05,5518.5,Card
ORD02356,08-02-2026,Varun Gupta,Clothing,Kurta,Delhi,Delhi,5,15555,0.08,2986.56,Cash
ORD02357,08-04-2026,Shivam Kumar,Furniture,Table,Kota,Rajasthan,2,42704,0.02,7387.79,Card
ORD02358,28-06-2026,Sneha Jain,Electronics,Keyboard,Noida,Uttar Pradesh,1,3689,0,479.57,UPI
ORD02359,21-02-2025,Priya Kaur,Furniture,Filing Cabinet,Agra,Uttar Pradesh,6,113484,0.08,17249.57,UPI
ORD02360,04-06-2025,Mohit Kumar,Grocery,Tea,Chandigarh,Chandigarh,1,1003,0.1,65.2,Wallet
ORD02361,23-04-2025,Aditya Kumar,Clothing,Dress,Agra,Uttar Pradesh,2,5814,0.15,973.85,Card
ORD02362,14-08-2025,Varun Kaur,Furniture,Table,Kota,Rajasthan,4,36560,0.02,6324.88,Card
ORD02363,26-04-2025,Riya Singh,Furniture,Office Chair,Agra,Uttar Pradesh,3,17109,0.02,2959.86,Net Banking
ORD02364,19-07-2025,Rahul Jain,Clothing,Dress,Kolkata,West Bengal,3,10299,0.02,2193.69,Card
ORD02365,09-11-2025,Komal Jain,Furniture,Bookshelf,Lucknow,Uttar Pradesh,3,45930,0,8267.4,Net Banking
ORD02366,11-01-2025,Mohit Patel,Clothing,T-Shirt,Lucknow,Uttar Pradesh,4,1880,0.02,400.44,Net Banking
ORD02367,04-04-2026,Aditya Gupta,Clothing,T-Shirt,Pune,Maharashtra,3,5556,0.15,930.63,Wallet
ORD02368,13-06-2025,Tanya Yadav,Furniture,Sofa,Jaipur,Rajasthan,6,134154,0.02,23208.64,Net Banking
ORD02369,23-11-2025,Arjun Singh,Furniture,Bookshelf,Meerut,Uttar Pradesh,4,68472,0.08,10407.74,Cash
ORD02370,10-07-2026,Priya Singh,Furniture,Office Chair,Jaipur,Rajasthan,1,13886,0.05,2256.47,Wallet
ORD02371,11-06-2025,Neha Patel,Furniture,Office Chair,Bengaluru,Karnataka,3,58698,0.15,7483.99,Cash
ORD02372,05-06-2025,Shivam Yadav,Electronics,Monitor,Agra,Uttar Pradesh,4,59640,0,7753.2,Cash
ORD02373,07-06-2025,Nikhil Singh,Grocery,Sugar,Jaipur,Rajasthan,2,3954,0.15,187.82,Wallet
ORD02374,22-01-2026,Priya Yadav,Clothing,Dress,Kolkata,West Bengal,2,1300,0.08,249.6,Cash
ORD02375,20-04-2025,Karan Jain,Electronics,Smartphone,Noida,Uttar Pradesh,2,28038,0.15,2172.95,UPI
ORD02376,10-06-2025,Priya Kumar,Electronics,Headphones,Pune,Maharashtra,5,282070,0.02,34694.61,Card
ORD02377,31-10-2025,Komal Kumar,Furniture,Office Chair,Ahmedabad,Gujarat,2,6598,0.05,1072.17,Cash
ORD02378,16-02-2026,Vivek Sharma,Furniture,Sofa,Mumbai,Maharashtra,4,73424,0.08,11160.45,UPI
ORD02379,03-02-2026,Vivek Gupta,Electronics,Smartphone,Lucknow,Uttar Pradesh,5,179040,0,23275.2,Card
ORD02380,30-05-2026,Aditya Kaur,Electronics,Laptop,Kolkata,West Bengal,4,48972,0.1,4652.34,Wallet
ORD02381,02-02-2026,Riya Gupta,Grocery,Sugar,Ahmedabad,Gujarat,3,6639,0.05,547.72,Net Banking
ORD02382,13-05-2025,Pooja Gupta,Clothing,Hoodie,Chandigarh,Chandigarh,1,3866,0.15,647.56,Card
ORD02383,03-07-2025,Priya Verma,Electronics,Keyboard,Chandigarh,Chandigarh,4,214384,0.02,26369.23,Card
ORD02384,17-06-2025,Tanya Gupta,Electronics,Headphones,Chandigarh,Chandigarh,1,3580,0.05,402.75,Wallet
ORD02385,05-08-2026,Rohit Kumar,Furniture,Office Chair,Lucknow,Uttar Pradesh,6,100272,0.1,14539.44,Net Banking
ORD02386,12-10-2025,Shivam Jain,Grocery,Atta,Ahmedabad,Gujarat,4,9952,0.1,646.88,UPI
ORD02387,17-07-2026,Rahul Sharma,Furniture,Desk Lamp,Chandigarh,Chandigarh,2,8866,0.15,1130.41,Card
ORD02388,03-01-2025,Amit Sharma,Grocery,Spices,Jaipur,Rajasthan,1,768,0.15,36.48,Cash
ORD02389,12-07-2026,Riya Verma,Furniture,Filing Cabinet,Meerut,Uttar Pradesh,5,59155,0.02,10233.81,UPI
ORD02390,04-10-2025,Karan Jain,Electronics,Smartphone,Bengaluru,Karnataka,1,22006,0.02,2706.74,Card
ORD02391,25-06-2025,Shivam Patel,Electronics,Smartphone,Mumbai,Maharashtra,6,67236,0.08,6858.07,UPI
ORD02392,17-06-2025,Sneha Mehta,Electronics,Printer,Jaipur,Rajasthan,5,231555,0.08,23618.61,Card
ORD02393,30-01-2026,Pooja Verma,Furniture,Table,Ahmedabad,Gujarat,5,37880,0.1,5492.6,Net Banking
ORD02394,10-07-2026,Riya Singh,Grocery,Cooking Oil,Mumbai,Maharashtra,3,1641,0.15,77.95,Net Banking
ORD02395,22-04-2025,Rahul Kumar,Grocery,Cooking Oil,Ghaziabad,Uttar Pradesh,4,9364,0.05,772.53,Card
ORD02396,06-06-2025,Rohit Jain,Furniture,Filing Cabinet,Mumbai,Maharashtra,2,14780,0.02,2556.94,Wallet
ORD02397,06-03-2025,Komal Kaur,Furniture,Bookshelf,Meerut,Uttar Pradesh,4,99820,0.1,14473.9,Cash
ORD02398,14-02-2025,Nikhil Yadav,Electronics,Tablet,Kota,Rajasthan,4,103492,0,13453.96,Wallet
ORD02399,30-09-2025,Karan Kumar,Furniture,Office Chair,Bengaluru,Karnataka,5,89630,0,16133.4,Wallet
ORD02400,17-04-2026,Komal Kumar,Furniture,Sofa,Pune,Maharashtra,4,56904,0,10242.72,Cash
ORD02401,25-05-2026,Arjun Sharma,Grocery,Sugar,Mumbai,Maharashtra,6,7824,0.05,645.48,Card
ORD02402,29-01-2026,Arjun Patel,Grocery,Spices,Agra,Uttar Pradesh,6,10290,0.1,668.85,Cash
ORD02403,04-06-2026,Shivam Patel,Electronics,Keyboard,Agra,Uttar Pradesh,4,55912,0.05,6290.1,Card
ORD02404,22-03-2026,Rahul Kaur,Clothing,Jacket,Ghaziabad,Uttar Pradesh,5,12675,0.15,2123.06,Cash
ORD02405,02-10-2025,Aditya Singh,Furniture,Desk Lamp,Ahmedabad,Gujarat,5,7680,0.08,1167.36,Wallet
ORD02406,11-08-2026,Tanya Mehta,Grocery,Spices,Pune,Maharashtra,3,1011,0.08,72.79,Net Banking
ORD02407,25-05-2026,Simran Jain,Electronics,Laptop,Mumbai,Maharashtra,5,152840,0.05,17194.5,Cash
ORD02408,01-06-2026,Vivek Kumar,Clothing,Shoes,Lucknow,Uttar Pradesh,1,4470,0.02,952.11,Net Banking
ORD02409,18-12-2025,Pooja Mehta,Grocery,Sugar,Lucknow,Uttar Pradesh,4,8820,0.15,418.95,Wallet
ORD02410,29-09-2025,Vivek Yadav,Electronics,Tablet,Lucknow,Uttar Pradesh,5,177880,0,23124.4,UPI
ORD02411,01-12-2025,Arjun Kumar,Furniture,Filing Cabinet,Bengaluru,Karnataka,5,68630,0,12353.4,UPI
ORD02412,14-02-2026,Vivek Jain,Furniture,Sofa,Meerut,Uttar Pradesh,4,8320,0.08,1264.64,Wallet
ORD02413,02-07-2026,Simran Yadav,Electronics,Laptop,Ahmedabad,Gujarat,5,61700,0.05,6941.25,Wallet
ORD02414,10-08-2026,Varun Verma,Electronics,Mouse,Delhi,Delhi,5,290460,0.1,27593.7,UPI
ORD02415,31-08-2025,Tanya Patel,Clothing,Shoes,Lucknow,Uttar Pradesh,6,28380,0.1,5250.3,Net Banking
ORD02416,22-12-2025,Nikhil Verma,Clothing,Hoodie,Ahmedabad,Gujarat,6,7008,0.1,1296.48,UPI
ORD02417,01-01-2025,Pooja Sharma,Furniture,Sofa,Kolkata,West Bengal,3,3648,0,656.64,Cash
ORD02418,28-07-2025,Rahul Yadav,Grocery,Spices,Noida,Uttar Pradesh,5,7685,0.15,365.04,Net Banking
ORD02419,25-03-2026,Varun Gupta,Clothing,T-Shirt,Mumbai,Maharashtra,3,14793,0.02,3150.91,Net Banking
ORD02420,02-05-2025,Komal Kaur,Grocery,Rice,Mumbai,Maharashtra,4,636,0.15,30.21,Card
ORD02421,17-01-2026,Rohit Sharma,Grocery,Rice,Delhi,Delhi,1,915,0.08,65.88,Card
ORD02422,14-02-2025,Riya Kaur,Clothing,Jacket,Lucknow,Uttar Pradesh,3,4131,0.1,764.24,Cash
ORD02423,05-11-2025,Amit Mehta,Clothing,Shoes,Mumbai,Maharashtra,4,13460,0.02,2866.98,Card
ORD02424,23-03-2026,Aditya Singh,Furniture,Office Chair,Agra,Uttar Pradesh,3,62490,0.1,9061.05,Cash
ORD02425,09-01-2025,Anjali Verma,Grocery,Atta,Meerut,Uttar Pradesh,2,1182,0.1,76.83,Card
ORD02426,11-11-2025,Aditya Mehta,Clothing,Shoes,Kolkata,West Bengal,1,2418,0.08,464.26,Cash
ORD02427,17-08-2025,Tanya Mehta,Clothing,Dress,Kolkata,West Bengal,3,10050,0.1,1859.25,Cash
ORD02428,17-11-2025,Rahul Kaur,Furniture,Office Chair,Ahmedabad,Gujarat,2,36620,0.02,6335.26,UPI
ORD02429,15-04-2025,Arjun Patel,Furniture,Bookshelf,Agra,Uttar Pradesh,6,73158,0.02,12656.33,UPI
ORD02430,04-04-2025,Priya Kaur,Electronics,Mouse,Jaipur,Rajasthan,2,87498,0.02,10762.25,Card
ORD02431,05-10-2025,Varun Jain,Furniture,Filing Cabinet,Kota,Rajasthan,4,23784,0.08,3615.17,Card
ORD02432,29-11-2025,Arjun Singh,Clothing,Kurta,Agra,Uttar Pradesh,6,17586,0.1,3253.41,Wallet
ORD02433,17-11-2025,Rohit Mehta,Clothing,Jeans,Bengaluru,Karnataka,3,4338,0.15,726.62,UPI
ORD02434,10-03-2025,Amit Yadav,Clothing,Shoes,Agra,Uttar Pradesh,5,4940,0.08,948.48,UPI
ORD02435,04-04-2026,Sneha Gupta,Electronics,Smartphone,Lucknow,Uttar Pradesh,5,33390,0.05,3756.38,Cash
ORD02436,25-05-2025,Vivek Kaur,Grocery,Sugar,Kolkata,West Bengal,3,2877,0.05,237.35,Wallet
ORD02437,18-08-2026,Vivek Patel,Clothing,T-Shirt,Ahmedabad,Gujarat,4,5100,0.05,1032.75,Net Banking
ORD02438,08-12-2025,Karan Kaur,Furniture,Bookshelf,Lucknow,Uttar Pradesh,5,37285,0,6711.3,Wallet
ORD02439,08-03-2026,Priya Kumar,Electronics,Mouse,Ghaziabad,Uttar Pradesh,1,35324,0.02,4344.85,Card
ORD02440,08-02-2025,Komal Kaur,Furniture,Filing Cabinet,Mumbai,Maharashtra,5,33850,0.08,5145.2,Wallet
ORD02441,11-07-2026,Aditya Verma,Furniture,Desk Lamp,Noida,Uttar Pradesh,3,19512,0.08,2965.82,UPI
ORD02442,06-03-2025,Anjali Singh,Clothing,Hoodie,Mumbai,Maharashtra,4,7224,0.05,1462.86,UPI
ORD02443,20-08-2025,Aditya Jain,Grocery,Tea,Jaipur,Rajasthan,3,2853,0.05,235.37,UPI
ORD02444,12-07-2025,Vivek Gupta,Electronics,Monitor,Agra,Uttar Pradesh,4,182112,0.08,18575.42,Net Banking
ORD02445,23-01-2026,Arjun Patel,Grocery,Cooking Oil,Chandigarh,Chandigarh,4,7572,0.15,359.67,Net Banking
ORD02446,20-05-2025,Shivam Patel,Electronics,Headphones,Ghaziabad,Uttar Pradesh,2,107844,0.08,11000.09,Wallet
ORD02447,23-02-2025,Tanya Patel,Clothing,Shoes,Bengaluru,Karnataka,4,9784,0.05,1981.26,Wallet
ORD02448,22-07-2026,Anjali Kaur,Electronics,Laptop,Noida,Uttar Pradesh,1,35482,0.1,3370.79,Card
ORD02449,17-06-2025,Rohit Kumar,Electronics,Mouse,Ahmedabad,Gujarat,6,282336,0.05,31762.8,Wallet
ORD02450,11-10-2025,Komal Jain,Grocery,Tea,Lucknow,Uttar Pradesh,2,2574,0.08,185.33,Cash
ORD02451,18-05-2026,Anjali Patel,Grocery,Biscuits,Kota,Rajasthan,2,4756,0.05,392.37,Cash
ORD02452,03-07-2025,Neha Kumar,Furniture,Desk Lamp,Chandigarh,Chandigarh,1,20209,0,3637.62,Net Banking
ORD02453,08-07-2026,Pooja Patel,Grocery,Cooking Oil,Ahmedabad,Gujarat,2,2610,0.1,169.65,Net Banking
ORD02454,26-06-2026,Vivek Gupta,Electronics,Printer,Delhi,Delhi,3,149376,0.1,14190.72,Cash
ORD02455,13-06-2025,Komal Mehta,Electronics,Headphones,Kolkata,West Bengal,2,56964,0.08,5810.33,Wallet
ORD02456,31-01-2025,Pooja Jain,Electronics,Monitor,Meerut,Uttar Pradesh,6,89178,0.15,6911.3,Wallet
ORD02457,15-08-2026,Karan Patel,Clothing,Hoodie,Jaipur,Rajasthan,5,6170,0,1357.4,Net Banking
ORD02458,10-08-2026,Arjun Kumar,Electronics,Headphones,Agra,Uttar Pradesh,5,6720,0,873.6,Net Banking
ORD02459,12-03-2026,Nikhil Patel,Grocery,Rice,Agra,Uttar Pradesh,3,2055,0.1,133.58,Card
ORD02460,01-06-2026,Varun Sharma,Furniture,Bookshelf,Noida,Uttar Pradesh,6,133968,0.05,21769.8,Net Banking
ORD02461,21-01-2025,Rohit Kumar,Electronics,Smartphone,Ghaziabad,Uttar Pradesh,2,89454,0.08,9124.31,Wallet
ORD02462,09-05-2025,Shivam Kaur,Furniture,Desk Lamp,Noida,Uttar Pradesh,1,8946,0.1,1297.17,Cash
ORD02463,07-09-2025,Nikhil Sharma,Furniture,Filing Cabinet,Ahmedabad,Gujarat,3,36762,0,6617.16,Wallet
ORD02464,30-05-2026,Rohit Sharma,Electronics,Smartphone,Ahmedabad,Gujarat,5,264355,0,34366.15,Cash
ORD02465,18-04-2026,Pooja Mehta,Clothing,T-Shirt,Meerut,Uttar Pradesh,3,6114,0.15,1024.1,UPI
ORD02466,24-01-2026,Riya Singh,Clothing,Dress,Kolkata,West Bengal,5,21820,0.02,4647.66,Net Banking
ORD02467,15-02-2026,Shivam Verma,Electronics,Mouse,Chandigarh,Chandigarh,3,102000,0.15,7905,Card
ORD02468,08-01-2025,Anjali Jain,Clothing,Jeans,Kolkata,West Bengal,5,3970,0.15,664.98,Cash
ORD02469,10-09-2025,Priya Yadav,Grocery,Cooking Oil,Agra,Uttar Pradesh,6,7650,0.08,550.8,Net Banking
ORD02470,01-01-2026,Mohit Kumar,Grocery,Sugar,Pune,Maharashtra,4,9624,0.02,895.03,UPI
ORD02471,18-05-2025,Komal Verma,Grocery,Tea,Ghaziabad,Uttar Pradesh,4,1016,0.15,48.26,Net Banking
ORD02472,08-03-2026,Riya Mehta,Grocery,Atta,Kota,Rajasthan,1,728,0.1,47.32,UPI
ORD02473,22-01-2026,Simran Gupta,Clothing,Jeans,Lucknow,Uttar Pradesh,2,9138,0,2010.36,UPI
ORD02474,29-07-2025,Anjali Jain,Grocery,Cooking Oil,Delhi,Delhi,1,1971,0.05,162.61,Cash
ORD02475,13-07-2025,Varun Jain,Grocery,Tea,Delhi,Delhi,3,1767,0,176.7,UPI
ORD02476,14-05-2026,Nikhil Verma,Furniture,Sofa,Ghaziabad,Uttar Pradesh,1,9452,0.02,1635.2,Net Banking
ORD02477,23-09-2025,Simran Kaur,Furniture,Desk Lamp,Ahmedabad,Gujarat,1,9427,0.15,1201.94,UPI
ORD02478,26-02-2026,Shivam Sharma,Furniture,Desk Lamp,Agra,Uttar Pradesh,2,3016,0.1,437.32,Net Banking
ORD02479,27-06-2025,Arjun Jain,Grocery,Spices,Lucknow,Uttar Pradesh,6,564,0.1,36.66,Wallet
ORD02480,26-12-2025,Rohit Verma,Clothing,Kurta,Mumbai,Maharashtra,4,10032,0.05,2031.48,Cash
ORD02481,30-09-2025,Pooja Sharma,Grocery,Atta,Ahmedabad,Gujarat,4,2336,0.08,168.19,Net Banking
ORD02482,05-02-2025,Pooja Gupta,Electronics,Monitor,Kolkata,West Bengal,4,222376,0.05,25017.3,Card
ORD02483,03-01-2026,Komal Verma,Electronics,Printer,Ghaziabad,Uttar Pradesh,5,156970,0.08,16010.94,Card
ORD02484,15-09-2025,Rohit Verma,Furniture,Sofa,Lucknow,Uttar Pradesh,4,62116,0,11180.88,UPI
ORD02485,06-03-2026,Rahul Singh,Electronics,Monitor,Agra,Uttar Pradesh,2,68394,0.15,5300.54,Wallet
ORD02486,10-02-2025,Simran Kumar,Furniture,Sofa,Meerut,Uttar Pradesh,3,28401,0.02,4913.37,Card
ORD02487,31-12-2025,Sneha Kaur,Furniture,Office Chair,Pune,Maharashtra,1,24529,0.15,3127.45,Card
ORD02488,27-02-2025,Aditya Patel,Electronics,Headphones,Kolkata,West Bengal,3,14832,0,1928.16,Cash
ORD02489,19-07-2026,Priya Sharma,Electronics,Mouse,Meerut,Uttar Pradesh,3,74787,0.02,9198.8,Wallet
ORD02490,11-10-2025,Varun Kaur,Grocery,Tea,Noida,Uttar Pradesh,6,4026,0.02,374.42,UPI
ORD02491,21-02-2026,Pooja Singh,Grocery,Atta,Chandigarh,Chandigarh,4,4508,0.1,293.02,Card
ORD02492,24-10-2025,Rahul Gupta,Clothing,T-Shirt,Kota,Rajasthan,3,4440,0.02,945.72,Card
ORD02493,22-02-2025,Amit Verma,Furniture,Sofa,Noida,Uttar Pradesh,1,18284,0.1,2651.18,Cash
ORD02494,21-02-2025,Aditya Sharma,Grocery,Spices,Noida,Uttar Pradesh,6,9852,0.02,916.24,Card
ORD02495,05-06-2025,Amit Sharma,Grocery,Pulses,Chandigarh,Chandigarh,6,4650,0,465,Wallet
ORD02496,19-05-2025,Priya Patel,Clothing,Hoodie,Kolkata,West Bengal,2,7004,0.08,1344.77,Cash
ORD02497,14-12-2025,Sneha Kaur,Furniture,Sofa,Mumbai,Maharashtra,5,9105,0,1638.9,Wallet
ORD02498,20-05-2025,Anjali Patel,Clothing,T-Shirt,Delhi,Delhi,1,4354,0.02,927.4,UPI
ORD02499,14-07-2025,Amit Kaur,Electronics,Printer,Ghaziabad,Uttar Pradesh,5,154215,0,20047.95,Card
ORD02500,03-08-2026,Amit Jain,Furniture,Office Chair,Noida,Uttar Pradesh,2,37024,0.08,5627.65,Net Banking
ORD02501,26-01-2025,Simran Yadav,Electronics,Tablet,Kota,Rajasthan,2,25530,0,3318.9,Cash
ORD02502,15-07-2026,Priya Kaur,Grocery,Cooking Oil,Kota,Rajasthan,1,2412,0.02,224.32,UPI
ORD02503,29-05-2025,Karan Gupta,Grocery,Tea,Lucknow,Uttar Pradesh,2,3494,0,349.4,Cash
ORD02504,11-02-2026,Rahul Singh,Furniture,Table,Agra,Uttar Pradesh,2,7684,0.15,979.71,Cash
ORD02505,18-01-2025,Shivam Gupta,Furniture,Table,Pune,Maharashtra,3,10488,0.02,1814.42,Cash
ORD02506,07-07-2025,Nikhil Yadav,Grocery,Pulses,Meerut,Uttar Pradesh,4,688,0.02,63.98,Cash
ORD02507,22-04-2026,Tanya Gupta,Electronics,Mouse,Meerut,Uttar Pradesh,4,109608,0,14249.04,Wallet
ORD02508,03-01-2026,Shivam Jain,Electronics,Keyboard,Lucknow,Uttar Pradesh,3,164424,0.15,12742.86,Cash
ORD02509,12-08-2026,Rohit Yadav,Electronics,Tablet,Delhi,Delhi,2,15062,0,1958.06,Wallet
ORD02510,20-10-2025,Tanya Jain,Electronics,Keyboard,Kolkata,West Bengal,4,144084,0.08,14696.57,Net Banking
ORD02511,08-03-2026,Neha Verma,Clothing,Shoes,Mumbai,Maharashtra,4,18032,0.15,3020.36,Net Banking
ORD02512,16-11-2025,Sneha Gupta,Grocery,Rice,Delhi,Delhi,5,11160,0.05,920.7,UPI
ORD02513,02-08-2026,Rohit Patel,Furniture,Sofa,Ahmedabad,Gujarat,6,114402,0,20592.36,UPI
ORD02514,24-03-2026,Vivek Sharma,Grocery,Tea,Pune,Maharashtra,5,3075,0,307.5,UPI
ORD02515,30-11-2025,Karan Gupta,Grocery,Sugar,Jaipur,Rajasthan,5,3015,0.02,280.39,Wallet
ORD02516,01-06-2026,Arjun Kumar,Clothing,Kurta,Jaipur,Rajasthan,3,11934,0,2625.48,Card
ORD02517,10-01-2025,Arjun Kumar,Grocery,Biscuits,Lucknow,Uttar Pradesh,4,3388,0.02,315.08,Card
ORD02518,01-06-2025,Rahul Yadav,Furniture,Filing Cabinet,Chandigarh,Chandigarh,4,93156,0.15,11877.39,Cash
ORD02519,22-01-2025,Rahul Jain,Electronics,Mouse,Kolkata,West Bengal,2,1458,0,189.54,Wallet
ORD02520,03-09-2025,Shivam Kumar,Grocery,Sugar,Kolkata,West Bengal,3,5193,0.08,373.9,Wallet
ORD02521,03-04-2025,Rohit Gupta,Electronics,Laptop,Mumbai,Maharashtra,5,190345,0.1,18082.78,UPI
ORD02522,05-08-2026,Neha Verma,Grocery,Rice,Delhi,Delhi,5,2290,0.08,164.88,Card
ORD02523,29-06-2026,Shivam Kaur,Grocery,Sugar,Kota,Rajasthan,6,14778,0.15,701.96,Wallet
ORD02524,11-12-2025,Vivek Jain,Electronics,Tablet,Delhi,Delhi,5,263555,0.15,20425.51,UPI
ORD02525,21-02-2025,Rahul Patel,Grocery,Pulses,Lucknow,Uttar Pradesh,4,4332,0,433.2,Wallet
ORD02526,10-04-2025,Karan Kaur,Clothing,Dress,Ghaziabad,Uttar Pradesh,2,7718,0,1697.96,UPI
ORD02527,23-07-2026,Mohit Gupta,Electronics,Monitor,Agra,Uttar Pradesh,1,43994,0.1,4179.43,Cash
ORD02528,13-07-2025,Simran Sharma,Furniture,Desk Lamp,Kolkata,West Bengal,3,17151,0,3087.18,UPI
ORD02529,25-02-2026,Rahul Kaur,Clothing,Jeans,Agra,Uttar Pradesh,2,5150,0.08,988.8,Cash
ORD02530,19-03-2026,Sneha Singh,Grocery,Tea,Lucknow,Uttar Pradesh,5,5995,0.08,431.64,UPI
ORD02531,17-01-2025,Neha Jain,Electronics,Laptop,Mumbai,Maharashtra,2,36194,0.15,2805.04,UPI
ORD02532,23-10-2025,Rahul Singh,Furniture,Table,Bengaluru,Karnataka,2,35242,0.08,5356.78,Net Banking
ORD02533,24-05-2026,Simran Yadav,Furniture,Office Chair,Mumbai,Maharashtra,3,51630,0,9293.4,Card
ORD02534,16-11-2025,Arjun Verma,Grocery,Sugar,Kolkata,West Bengal,3,2607,0.08,187.7,Cash
ORD02535,07-04-2025,Varun Singh,Grocery,Rice,Delhi,Delhi,3,1311,0.02,121.92,Wallet
ORD02536,30-06-2025,Anjali Yadav,Clothing,T-Shirt,Mumbai,Maharashtra,1,3729,0,820.38,Wallet
ORD02537,04-03-2025,Sneha Patel,Electronics,Headphones,Bengaluru,Karnataka,4,32392,0,4210.96,Card
ORD02538,25-02-2025,Priya Singh,Furniture,Office Chair,Lucknow,Uttar Pradesh,4,56728,0,10211.04,Wallet
ORD02539,02-04-2025,Arjun Verma,Furniture,Desk Lamp,Meerut,Uttar Pradesh,4,14556,0,2620.08,Card
ORD02540,28-09-2025,Varun Yadav,Grocery,Cooking Oil,Agra,Uttar Pradesh,1,592,0,59.2,UPI
ORD02541,22-09-2025,Vivek Mehta,Grocery,Spices,Jaipur,Rajasthan,3,2997,0.15,142.36,UPI
ORD02542,13-08-2025,Vivek Mehta,Clothing,Dress,Meerut,Uttar Pradesh,2,7804,0.08,1498.37,UPI
ORD02543,27-05-2026,Pooja Gupta,Electronics,Monitor,Agra,Uttar Pradesh,2,2096,0.05,235.8,Net Banking
ORD02544,27-03-2025,Aditya Mehta,Furniture,Bookshelf,Ghaziabad,Uttar Pradesh,3,57285,0.08,8707.32,Wallet
ORD02545,15-04-2026,Arjun Mehta,Furniture,Table,Agra,Uttar Pradesh,1,23062,0.02,3989.73,Net Banking
ORD02546,26-12-2025,Riya Singh,Electronics,Tablet,Ahmedabad,Gujarat,4,186840,0.08,19057.68,Card
ORD02547,29-03-2026,Komal Gupta,Clothing,T-Shirt,Pune,Maharashtra,4,14592,0.1,2699.52,Wallet
ORD02548,03-03-2025,Pooja Yadav,Clothing,Shoes,Kota,Rajasthan,1,1607,0.1,297.3,UPI
ORD02549,03-08-2026,Aditya Gupta,Electronics,Tablet,Noida,Uttar Pradesh,5,102385,0.1,9726.58,Card
ORD02550,24-02-2025,Vivek Mehta,Furniture,Table,Agra,Uttar Pradesh,3,22992,0.05,3736.2,Net Banking
ORD02551,20-03-2026,Simran Patel,Furniture,Office Chair,Meerut,Uttar Pradesh,1,11819,0.15,1506.92,Cash
ORD02552,14-02-2026,Simran Gupta,Furniture,Bookshelf,Lucknow,Uttar Pradesh,5,32190,0,5794.2,UPI
ORD02553,20-07-2025,Varun Jain,Electronics,Monitor,Bengaluru,Karnataka,6,244428,0.08,24931.66,UPI
ORD02554,28-08-2025,Vivek Verma,Furniture,Sofa,Ghaziabad,Uttar Pradesh,1,22711,0.08,3452.07,Cash
ORD02555,08-03-2025,Komal Jain,Clothing,Kurta,Ahmedabad,Gujarat,5,8820,0.15,1477.35,Cash
ORD02556,22-12-2025,Rohit Kumar,Grocery,Rice,Jaipur,Rajasthan,4,4572,0,457.2,UPI
ORD02557,13-10-2025,Priya Singh,Furniture,Office Chair,Meerut,Uttar Pradesh,3,32970,0.02,5703.81,Card
ORD02558,25-06-2026,Nikhil Sharma,Electronics,Monitor,Chandigarh,Chandigarh,4,15756,0.05,1772.55,Card
ORD02559,24-02-2025,Amit Verma,Grocery,Atta,Noida,Uttar Pradesh,6,12894,0.08,928.37,Card
ORD02560,30-08-2026,Tanya Patel,Electronics,Mouse,Noida,Uttar Pradesh,5,149380,0.1,14191.1,UPI
ORD02561,03-08-2025,Vivek Kaur,Electronics,Monitor,Kolkata,West Bengal,3,8175,0,1062.75,UPI
ORD02562,12-04-2025,Shivam Kaur,Furniture,Office Chair,Kolkata,West Bengal,6,102390,0.15,13054.73,Wallet
ORD02563,02-02-2026,Neha Yadav,Grocery,Rice,Kolkata,West Bengal,6,3054,0.15,145.07,Wallet
ORD02564,23-04-2026,Komal Yadav,Electronics,Headphones,Noida,Uttar Pradesh,5,215340,0.05,24225.75,Cash
ORD02565,17-08-2025,Anjali Jain,Electronics,Monitor,Noida,Uttar Pradesh,2,58550,0.05,6586.88,Card
ORD02566,31-03-2026,Komal Sharma,Electronics,Laptop,Kota,Rajasthan,2,74352,0.1,7063.44,Net Banking
ORD02567,25-04-2026,Rohit Mehta,Furniture,Sofa,Pune,Maharashtra,1,24231,0.02,4191.96,UPI
ORD02568,27-04-2026,Neha Singh,Grocery,Rice,Mumbai,Maharashtra,6,13062,0,1306.2,Card
ORD02569,22-07-2025,Aditya Yadav,Grocery,Tea,Kota,Rajasthan,4,2296,0.1,149.24,Card
ORD02570,08-01-2025,Arjun Gupta,Electronics,Printer,Jaipur,Rajasthan,5,285880,0,37164.4,Wallet
ORD02571,02-02-2025,Rahul Singh,Electronics,Smartphone,Kolkata,West Bengal,3,93324,0.1,8865.78,Cash
ORD02572,10-07-2025,Arjun Kumar,Clothing,Jeans,Kolkata,West Bengal,2,4094,0.08,786.05,Net Banking
ORD02573,19-07-2026,Mohit Kaur,Electronics,Tablet,Pune,Maharashtra,6,303786,0.08,30986.17,Cash
ORD02574,01-01-2026,Priya Mehta,Grocery,Pulses,Delhi,Delhi,4,7568,0.15,359.48,Wallet
ORD02575,26-05-2025,Priya Yadav,Electronics,Mouse,Pune,Maharashtra,3,138831,0.15,10759.4,UPI
ORD02576,05-01-2025,Aditya Sharma,Electronics,Tablet,Lucknow,Uttar Pradesh,2,52106,0,6773.78,Card
ORD02577,10-06-2025,Vivek Verma,Furniture,Bookshelf,Delhi,Delhi,6,107562,0.05,17478.83,UPI
ORD02578,31-05-2026,Priya Verma,Furniture,Desk Lamp,Meerut,Uttar Pradesh,3,55662,0.05,9045.08,UPI
ORD02579,18-03-2025,Rahul Yadav,Electronics,Headphones,Noida,Uttar Pradesh,6,170748,0.1,16221.06,Card
ORD02580,03-05-2026,Mohit Jain,Electronics,Keyboard,Noida,Uttar Pradesh,3,15810,0.08,1612.62,Net Banking
ORD02581,04-12-2025,Karan Gupta,Clothing,Shoes,Chandigarh,Chandigarh,2,4386,0.15,734.66,Wallet
ORD02582,10-10-2025,Aditya Mehta,Electronics,Monitor,Delhi,Delhi,3,5157,0,670.41,Cash
ORD02583,24-11-2025,Aditya Verma,Furniture,Sofa,Mumbai,Maharashtra,5,73545,0,13238.1,Wallet
ORD02584,20-03-2025,Sneha Kaur,Clothing,Jacket,Chandigarh,Chandigarh,1,1420,0.1,262.7,Cash
ORD02585,25-05-2026,Komal Kumar,Electronics,Keyboard,Ghaziabad,Uttar Pradesh,5,124930,0.1,11868.35,Cash
ORD02586,18-04-2026,Arjun Verma,Clothing,Jacket,Meerut,Uttar Pradesh,4,2692,0.15,450.91,Net Banking
ORD02587,14-01-2026,Simran Mehta,Electronics,Keyboard,Lucknow,Uttar Pradesh,3,87348,0.15,6769.47,Net Banking
ORD02588,15-04-2025,Rahul Kaur,Grocery,Atta,Delhi,Delhi,3,1032,0.08,74.3,Card
ORD02589,08-05-2026,Varun Verma,Electronics,Printer,Noida,Uttar Pradesh,3,77349,0.05,8701.76,Net Banking
ORD02590,22-08-2025,Komal Sharma,Electronics,Mouse,Noida,Uttar Pradesh,4,85772,0.05,9649.35,Card
ORD02591,29-11-2025,Sneha Singh,Grocery,Tea,Ahmedabad,Gujarat,1,1315,0.1,85.48,Net Banking
ORD02592,08-02-2026,Komal Mehta,Electronics,Keyboard,Pune,Maharashtra,2,44758,0.05,5035.28,Card
ORD02593,05-04-2026,Nikhil Mehta,Grocery,Atta,Mumbai,Maharashtra,5,6545,0,654.5,Cash
ORD02594,31-07-2025,Neha Kaur,Furniture,Office Chair,Kota,Rajasthan,6,78966,0.15,10068.17,UPI
ORD02595,03-05-2026,Nikhil Singh,Furniture,Bookshelf,Ghaziabad,Uttar Pradesh,6,112632,0.08,17120.06,Cash
ORD02596,02-05-2026,Tanya Sharma,Furniture,Table,Mumbai,Maharashtra,4,97836,0.1,14186.22,Net Banking
ORD02597,28-08-2025,Arjun Sharma,Electronics,Headphones,Mumbai,Maharashtra,5,131900,0.1,12530.5,Cash
ORD02598,27-01-2025,Komal Patel,Clothing,Hoodie,Ghaziabad,Uttar Pradesh,3,1047,0.05,212.02,Card
ORD02599,06-04-2026,Nikhil Gupta,Grocery,Sugar,Pune,Maharashtra,4,1692,0.05,139.59,UPI
ORD02600,07-04-2026,Amit Kaur,Clothing,Jeans,Bengaluru,Karnataka,6,17610,0.08,3381.12,Wallet
ORD02601,12-06-2025,Nikhil Kumar,Grocery,Pulses,Chandigarh,Chandigarh,3,4470,0.05,368.78,Wallet
ORD02602,05-07-2025,Aditya Verma,Electronics,Mouse,Ahmedabad,Gujarat,5,88085,0.02,10834.45,Net Banking
ORD02603,30-06-2025,Arjun Singh,Furniture,Sofa,Chandigarh,Chandigarh,2,13412,0,2414.16,Net Banking
ORD02604,15-01-2026,Aditya Mehta,Electronics,Monitor,Kolkata,West Bengal,1,55382,0.08,5648.96,Wallet
ORD02605,29-10-2025,Arjun Patel,Electronics,Printer,Noida,Uttar Pradesh,4,45488,0,5913.44,Wallet
ORD02606,14-08-2026,Varun Verma,Clothing,T-Shirt,Lucknow,Uttar Pradesh,3,14475,0.08,2779.2,UPI
ORD02607,22-08-2026,Arjun Singh,Clothing,Jeans,Noida,Uttar Pradesh,4,1456,0.02,310.13,UPI
ORD02608,08-04-2025,Simran Singh,Furniture,Filing Cabinet,Jaipur,Rajasthan,5,94045,0,16928.1,Net Banking
ORD02609,14-07-2026,Rahul Kumar,Clothing,Shoes,Ahmedabad,Gujarat,1,796,0.08,152.83,Net Banking
ORD02610,02-04-2026,Amit Yadav,Grocery,Rice,Ghaziabad,Uttar Pradesh,1,1718,0.02,159.77,UPI
ORD02611,28-02-2026,Sneha Singh,Electronics,Headphones,Pune,Maharashtra,2,28550,0.02,3511.65,Cash
ORD02612,13-06-2025,Shivam Gupta,Clothing,Shoes,Pune,Maharashtra,2,2452,0.08,470.78,Net Banking
ORD02613,31-07-2026,Amit Mehta,Grocery,Sugar,Mumbai,Maharashtra,1,2291,0.02,213.06,Cash
ORD02614,22-04-2025,Tanya Verma,Clothing,T-Shirt,Meerut,Uttar Pradesh,3,14415,0.05,2919.04,Wallet
ORD02615,04-07-2025,Varun Kumar,Furniture,Table,Kota,Rajasthan,6,35862,0.08,5451.02,Card
ORD02616,02-11-2025,Shivam Mehta,Electronics,Tablet,Ghaziabad,Uttar Pradesh,3,130029,0,16903.77,UPI
ORD02617,06-12-2025,Arjun Kaur,Furniture,Sofa,Chandigarh,Chandigarh,4,62516,0.08,9502.43,Card
ORD02618,24-08-2026,Mohit Sharma,Clothing,Jacket,Ghaziabad,Uttar Pradesh,5,21535,0.05,4360.84,Net Banking
ORD02619,23-05-2026,Mohit Mehta,Electronics,Tablet,Lucknow,Uttar Pradesh,1,28039,0.15,2173.02,UPI
ORD02620,16-04-2025,Shivam Singh,Furniture,Office Chair,Mumbai,Maharashtra,1,22594,0.15,2880.74,Wallet
ORD02621,03-11-2025,Karan Patel,Electronics,Keyboard,Meerut,Uttar Pradesh,1,59852,0.05,6733.35,UPI
ORD02622,19-08-2025,Arjun Singh,Clothing,Jacket,Mumbai,Maharashtra,5,2915,0.1,539.27,Cash
ORD02623,08-09-2025,Mohit Kumar,Furniture,Table,Ghaziabad,Uttar Pradesh,2,2028,0.02,350.84,UPI
ORD02624,27-04-2025,Tanya Verma,Furniture,Bookshelf,Bengaluru,Karnataka,3,36219,0,6519.42,Cash
ORD02625,19-02-2026,Shivam Jain,Clothing,Jacket,Kolkata,West Bengal,6,3438,0.02,732.29,Wallet
ORD02626,17-07-2025,Arjun Gupta,Clothing,Dress,Kolkata,West Bengal,2,3772,0.02,803.44,Card
ORD02627,05-07-2026,Rahul Yadav,Grocery,Atta,Pune,Maharashtra,4,2484,0,248.4,Wallet
ORD02628,15-06-2025,Shivam Sharma,Furniture,Office Chair,Meerut,Uttar Pradesh,3,28962,0,5213.16,Net Banking
ORD02629,18-05-2025,Amit Kumar,Clothing,Hoodie,Pune,Maharashtra,4,11456,0.1,2119.36,Card
ORD02630,16-04-2026,Vivek Patel,Furniture,Sofa,Jaipur,Rajasthan,2,6530,0.08,992.56,Cash
ORD02631,02-10-2025,Priya Patel,Clothing,Jeans,Noida,Uttar Pradesh,1,3445,0.02,733.78,Card
ORD02632,05-07-2025,Riya Kaur,Grocery,Biscuits,Pune,Maharashtra,1,2480,0.02,230.64,UPI
ORD02633,15-02-2026,Neha Mehta,Furniture,Office Chair,Kota,Rajasthan,3,25218,0.15,3215.3,Cash
ORD02634,13-02-2026,Simran Mehta,Grocery,Biscuits,Meerut,Uttar Pradesh,6,12978,0.15,616.46,UPI
ORD02635,05-04-2026,Karan Sharma,Furniture,Filing Cabinet,Delhi,Delhi,5,73750,0,13275,UPI
ORD02636,21-05-2025,Simran Sharma,Furniture,Filing Cabinet,Chandigarh,Chandigarh,5,48000,0.05,7800,Card
ORD02637,24-08-2025,Anjali Yadav,Furniture,Filing Cabinet,Noida,Uttar Pradesh,1,12394,0.15,1580.24,UPI
ORD02638,19-08-2026,Rohit Gupta,Clothing,T-Shirt,Lucknow,Uttar Pradesh,2,2886,0,634.92,Card
ORD02639,24-05-2025,Simran Kaur,Electronics,Printer,Kota,Rajasthan,5,154055,0.15,11939.26,Wallet
ORD02640,07-06-2025,Priya Jain,Furniture,Bookshelf,Chandigarh,Chandigarh,6,54210,0.02,9378.33,Wallet
ORD02641,26-11-2025,Varun Kumar,Furniture,Filing Cabinet,Ahmedabad,Gujarat,3,64161,0.15,8180.53,Wallet
ORD02642,20-05-2026,Amit Mehta,Furniture,Filing Cabinet,Delhi,Delhi,3,55752,0.08,8474.3,Net Banking
ORD02643,27-08-2026,Varun Mehta,Grocery,Sugar,Ghaziabad,Uttar Pradesh,2,1552,0.1,100.88,Cash
ORD02644,15-12-2025,Sneha Jain,Electronics,Smartphone,Ahmedabad,Gujarat,5,21730,0.02,2672.79,Cash
ORD02645,31-05-2026,Mohit Jain,Grocery,Tea,Delhi,Delhi,5,7230,0.15,343.43,Wallet
ORD02646,24-03-2026,Aditya Singh,Furniture,Filing Cabinet,Mumbai,Maharashtra,2,22612,0.15,2883.03,Net Banking
ORD02647,09-05-2026,Neha Patel,Furniture,Office Chair,Chandigarh,Chandigarh,5,47600,0.08,7235.2,Card
ORD02648,18-01-2026,Priya Patel,Clothing,Jacket,Ghaziabad,Uttar Pradesh,6,17472,0.15,2926.56,Net Banking
ORD02649,09-01-2025,Rohit Jain,Furniture,Desk Lamp,Meerut,Uttar Pradesh,2,13630,0.05,2214.88,Card
ORD02650,04-11-2025,Sneha Singh,Clothing,Dress,Kolkata,West Bengal,6,21738,0.02,4630.19,Wallet
ORD02651,14-01-2025,Priya Singh,Grocery,Sugar,Pune,Maharashtra,3,2454,0.15,116.57,Card
ORD02652,29-06-2025,Tanya Sharma,Furniture,Bookshelf,Noida,Uttar Pradesh,3,58404,0.1,8468.58,UPI
ORD02653,18-05-2025,Nikhil Mehta,Grocery,Spices,Meerut,Uttar Pradesh,6,11376,0,1137.6,UPI
ORD02654,18-07-2025,Arjun Kumar,Clothing,Hoodie,Agra,Uttar Pradesh,1,3259,0.08,625.73,Net Banking
ORD02655,18-03-2025,Amit Kumar,Clothing,Dress,Delhi,Delhi,1,2197,0.1,406.44,Wallet
ORD02656,01-07-2025,Neha Singh,Furniture,Table,Agra,Uttar Pradesh,2,36906,0.1,5351.37,Cash
ORD02657,06-01-2025,Amit Mehta,Grocery,Cooking Oil,Noida,Uttar Pradesh,5,4950,0.08,356.4,UPI
ORD02658,14-02-2026,Simran Mehta,Furniture,Sofa,Kota,Rajasthan,6,12126,0.05,1970.48,UPI
ORD02659,16-10-2025,Pooja Jain,Grocery,Rice,Kota,Rajasthan,4,2444,0.08,175.97,Cash
ORD02660,27-06-2025,Pooja Gupta,Electronics,Laptop,Pune,Maharashtra,3,46677,0.08,4761.05,Net Banking
ORD02661,17-08-2025,Rohit Verma,Electronics,Printer,Ahmedabad,Gujarat,4,175160,0.02,21544.68,Card
ORD02662,06-04-2025,Nikhil Gupta,Grocery,Cooking Oil,Delhi,Delhi,6,6840,0.05,564.3,Card
ORD02663,22-10-2025,Rohit Verma,Furniture,Filing Cabinet,Noida,Uttar Pradesh,4,48936,0.05,7952.1,Net Banking
ORD02664,06-01-2026,Aditya Mehta,Furniture,Sofa,Kota,Rajasthan,6,81150,0.1,11766.75,UPI
ORD02665,16-02-2025,Simran Mehta,Grocery,Sugar,Kolkata,West Bengal,3,3831,0.02,356.28,UPI
ORD02666,18-07-2026,Sneha Sharma,Grocery,Biscuits,Ahmedabad,Gujarat,3,1467,0.1,95.36,UPI
ORD02667,22-06-2025,Vivek Jain,Grocery,Sugar,Meerut,Uttar Pradesh,3,2484,0,248.4,Card
ORD02668,22-06-2025,Karan Gupta,Grocery,Tea,Lucknow,Uttar Pradesh,3,1194,0.08,85.97,Cash
ORD02669,10-08-2026,Simran Kaur,Grocery,Biscuits,Kolkata,West Bengal,2,4264,0.08,307.01,Wallet
ORD02670,14-01-2026,Karan Mehta,Electronics,Keyboard,Agra,Uttar Pradesh,3,153720,0.1,14603.4,Card
ORD02671,22-07-2025,Komal Mehta,Grocery,Rice,Lucknow,Uttar Pradesh,6,11970,0.02,1113.21,Cash
ORD02672,28-05-2026,Anjali Yadav,Electronics,Laptop,Delhi,Delhi,5,114050,0.02,14028.15,Net Banking
ORD02673,25-11-2025,Shivam Patel,Clothing,Jeans,Noida,Uttar Pradesh,4,10324,0.02,2199.01,UPI
ORD02674,14-03-2026,Amit Gupta,Electronics,Mouse,Kota,Rajasthan,5,28445,0.05,3200.06,Net Banking
ORD02675,20-06-2026,Simran Gupta,Grocery,Cooking Oil,Lucknow,Uttar Pradesh,2,3892,0.1,252.98,Card
ORD02676,10-07-2026,Sneha Yadav,Grocery,Rice,Jaipur,Rajasthan,6,9696,0,969.6,Net Banking
ORD02677,02-02-2026,Karan Mehta,Clothing,Shoes,Ahmedabad,Gujarat,4,5504,0.15,921.92,Wallet
ORD02678,31-03-2025,Komal Yadav,Electronics,Smartphone,Bengaluru,Karnataka,3,175260,0.15,13582.65,Wallet
ORD02679,20-06-2025,Shivam Kumar,Electronics,Laptop,Meerut,Uttar Pradesh,4,127016,0.15,9843.74,UPI
ORD02680,30-07-2026,Riya Sharma,Clothing,Jacket,Delhi,Delhi,6,24132,0.15,4042.11,Cash
ORD02681,07-02-2025,Karan Verma,Furniture,Bookshelf,Jaipur,Rajasthan,4,7560,0.05,1228.5,Net Banking
ORD02682,28-01-2025,Riya Kaur,Clothing,Shoes,Pune,Maharashtra,5,11560,0.02,2462.28,Net Banking
ORD02683,04-05-2025,Varun Singh,Furniture,Office Chair,Ahmedabad,Gujarat,4,64932,0.15,8278.83,Card
ORD02684,15-10-2025,Priya Patel,Furniture,Sofa,Jaipur,Rajasthan,4,78516,0.15,10010.79,UPI
ORD02685,17-02-2025,Riya Kaur,Grocery,Spices,Agra,Uttar Pradesh,2,4274,0.05,352.61,Card
ORD02686,12-06-2026,Tanya Jain,Grocery,Sugar,Lucknow,Uttar Pradesh,6,4632,0.15,220.02,Net Banking
ORD02687,06-11-2025,Shivam Singh,Grocery,Rice,Chandigarh,Chandigarh,3,4203,0,420.3,Card
ORD02688,09-03-2026,Priya Jain,Electronics,Printer,Delhi,Delhi,3,129183,0.1,12272.39,Net Banking
ORD02689,04-03-2025,Priya Mehta,Grocery,Rice,Jaipur,Rajasthan,4,3692,0.02,343.36,Card
ORD02690,06-06-2026,Tanya Kumar,Electronics,Printer,Ghaziabad,Uttar Pradesh,5,193495,0.02,23799.88,Wallet
ORD02691,27-11-2025,Pooja Verma,Furniture,Sofa,Noida,Uttar Pradesh,5,29215,0.08,4440.68,Net Banking
ORD02692,12-11-2025,Tanya Gupta,Electronics,Printer,Chandigarh,Chandigarh,1,35589,0.08,3630.08,Card
ORD02693,29-08-2026,Varun Verma,Grocery,Tea,Meerut,Uttar Pradesh,1,924,0.15,43.89,UPI
ORD02694,20-01-2025,Rohit Gupta,Furniture,Bookshelf,Lucknow,Uttar Pradesh,6,130572,0.1,18932.94,Cash
ORD02695,15-12-2025,Varun Kaur,Grocery,Pulses,Delhi,Delhi,4,3260,0,326,Card
ORD02696,06-10-2025,Karan Jain,Electronics,Smartphone,Lucknow,Uttar Pradesh,5,176830,0.02,21750.09,Wallet
ORD02697,31-05-2025,Priya Kaur,Clothing,Dress,Kolkata,West Bengal,2,1488,0.15,249.24,Wallet
ORD02698,31-01-2026,Riya Gupta,Electronics,Tablet,Kota,Rajasthan,5,284815,0,37025.95,Card
ORD02699,16-04-2025,Riya Gupta,Electronics,Smartphone,Bengaluru,Karnataka,5,193020,0,25092.6,Wallet
ORD02700,24-07-2025,Sneha Sharma,Furniture,Filing Cabinet,Mumbai,Maharashtra,1,11566,0,2081.88,UPI
ORD02701,02-11-2025,Amit Kaur,Grocery,Rice,Pune,Maharashtra,2,3536,0.15,167.96,UPI
ORD02702,15-06-2026,Priya Kaur,Furniture,Office Chair,Mumbai,Maharashtra,6,110850,0,19953,Card
ORD02703,28-06-2025,Vivek Gupta,Grocery,Atta,Mumbai,Maharashtra,2,3556,0.1,231.14,Wallet
ORD02704,31-05-2025,Komal Jain,Clothing,Hoodie,Delhi,Delhi,6,2742,0.08,526.46,Wallet
ORD02705,10-10-2025,Priya Kumar,Clothing,Kurta,Meerut,Uttar Pradesh,6,24750,0.15,4145.62,Net Banking
ORD02706,30-01-2026,Rohit Singh,Electronics,Tablet,Pune,Maharashtra,6,47766,0.15,3701.87,Net Banking
ORD02707,28-06-2026,Neha Sharma,Grocery,Spices,Meerut,Uttar Pradesh,1,2363,0,236.3,Card
ORD02708,08-03-2026,Pooja Gupta,Electronics,Printer,Delhi,Delhi,6,301422,0.02,37074.91,Cash
ORD02709,08-07-2025,Simran Yadav,Clothing,Jeans,Agra,Uttar Pradesh,5,17125,0.15,2868.44,Wallet
ORD02710,30-10-2025,Neha Gupta,Grocery,Rice,Noida,Uttar Pradesh,2,248,0.15,11.78,Card
ORD02711,03-04-2025,Neha Verma,Clothing,Jeans,Jaipur,Rajasthan,5,2260,0.1,418.1,Net Banking
ORD02712,07-08-2026,Sneha Mehta,Clothing,Jeans,Delhi,Delhi,2,9632,0.05,1950.48,UPI
ORD02713,16-05-2025,Vivek Verma,Furniture,Desk Lamp,Jaipur,Rajasthan,6,93048,0,16748.64,Net Banking
ORD02714,27-12-2025,Mohit Verma,Clothing,Jeans,Ahmedabad,Gujarat,6,16950,0,3729,Net Banking
ORD02715,12-01-2026,Simran Sharma,Clothing,Kurta,Kolkata,West Bengal,1,4664,0.08,895.49,Card
ORD02716,02-05-2025,Mohit Patel,Grocery,Tea,Ahmedabad,Gujarat,5,11595,0.02,1078.34,Net Banking
ORD02717,14-02-2026,Nikhil Singh,Grocery,Sugar,Mumbai,Maharashtra,3,3636,0.15,172.71,Card
ORD02718,20-04-2026,Tanya Patel,Furniture,Table,Jaipur,Rajasthan,1,13289,0.08,2019.93,Wallet
ORD02719,19-08-2026,Vivek Patel,Grocery,Tea,Pune,Maharashtra,1,609,0.05,50.24,Net Banking
ORD02720,22-06-2026,Riya Singh,Furniture,Table,Chandigarh,Chandigarh,1,9207,0.02,1592.81,Card
ORD02721,16-03-2025,Sneha Patel,Grocery,Atta,Delhi,Delhi,4,7148,0.08,514.66,Wallet
ORD02722,28-08-2026,Tanya Singh,Grocery,Atta,Ghaziabad,Uttar Pradesh,3,4872,0.1,316.68,Wallet
ORD02723,14-02-2026,Varun Jain,Furniture,Table,Agra,Uttar Pradesh,5,124390,0.08,18907.28,Net Banking
ORD02724,13-01-2025,Vivek Kumar,Grocery,Pulses,Pune,Maharashtra,2,3208,0.08,230.98,Card
ORD02725,10-09-2025,Rohit Yadav,Clothing,Kurta,Meerut,Uttar Pradesh,1,4586,0.05,928.67,Card
ORD02726,11-01-2025,Rahul Sharma,Furniture,Desk Lamp,Noida,Uttar Pradesh,2,9860,0.08,1498.72,UPI
ORD02727,31-05-2025,Tanya Kumar,Clothing,Jacket,Delhi,Delhi,6,24720,0.08,4746.24,Cash
ORD02728,14-03-2025,Pooja Gupta,Furniture,Office Chair,Ahmedabad,Gujarat,3,74268,0.1,10768.86,UPI
ORD02729,05-06-2025,Varun Kaur,Electronics,Mouse,Mumbai,Maharashtra,5,165430,0.05,18610.88,Card
ORD02730,28-01-2026,Vivek Singh,Electronics,Tablet,Bengaluru,Karnataka,3,165537,0.15,12829.12,Card
ORD02731,16-06-2026,Arjun Verma,Clothing,T-Shirt,Agra,Uttar Pradesh,5,7695,0,1692.9,Cash
ORD02732,15-04-2025,Tanya Gupta,Furniture,Office Chair,Pune,Maharashtra,4,59116,0.08,8985.63,Wallet
ORD02733,14-01-2026,Riya Jain,Grocery,Atta,Pune,Maharashtra,5,1095,0.15,52.01,Card
ORD02734,03-01-2025,Sneha Patel,Electronics,Monitor,Kota,Rajasthan,6,146922,0.02,18071.41,Net Banking
ORD02735,07-05-2026,Neha Gupta,Grocery,Cooking Oil,Mumbai,Maharashtra,4,9688,0.05,799.26,UPI
ORD02736,04-05-2025,Arjun Yadav,Clothing,Jeans,Kolkata,West Bengal,3,12960,0.05,2624.4,Card
ORD02737,19-02-2026,Rohit Sharma,Electronics,Mouse,Kota,Rajasthan,6,246870,0.05,27772.88,UPI
ORD02738,24-05-2026,Mohit Sharma,Grocery,Pulses,Kota,Rajasthan,2,1548,0,154.8,Card
ORD02739,31-05-2025,Anjali Patel,Grocery,Cooking Oil,Kolkata,West Bengal,5,4070,0,407,Wallet
ORD02740,16-04-2026,Amit Verma,Electronics,Mouse,Mumbai,Maharashtra,4,53092,0.02,6530.32,Cash
ORD02741,21-10-2025,Varun Patel,Furniture,Bookshelf,Ahmedabad,Gujarat,3,29439,0.08,4474.73,UPI
ORD02742,02-07-2026,Nikhil Singh,Clothing,Shoes,Jaipur,Rajasthan,1,3936,0.15,659.28,Card
ORD02743,26-11-2025,Priya Patel,Clothing,T-Shirt,Delhi,Delhi,6,24918,0.08,4784.26,UPI
ORD02744,10-05-2026,Karan Singh,Grocery,Rice,Chandigarh,Chandigarh,5,7715,0,771.5,Wallet
ORD02745,19-09-2025,Amit Patel,Clothing,T-Shirt,Lucknow,Uttar Pradesh,3,10323,0.02,2198.8,UPI
ORD02746,22-03-2025,Rohit Yadav,Clothing,Kurta,Delhi,Delhi,3,9411,0.1,1741.04,Net Banking
ORD02747,10-01-2026,Karan Patel,Clothing,Jacket,Chandigarh,Chandigarh,5,17570,0.15,2942.98,UPI
ORD02748,21-02-2025,Vivek Sharma,Grocery,Rice,Bengaluru,Karnataka,4,8064,0,806.4,Wallet
ORD02749,01-05-2025,Varun Gupta,Furniture,Office Chair,Chandigarh,Chandigarh,3,33750,0.05,5484.38,UPI
ORD02750,02-07-2025,Priya Jain,Furniture,Desk Lamp,Kolkata,West Bengal,6,112134,0.02,19399.18,UPI
ORD02751,10-02-2025,Karan Jain,Furniture,Desk Lamp,Jaipur,Rajasthan,4,24212,0.15,3087.03,Cash
ORD02752,01-04-2026,Varun Jain,Grocery,Tea,Bengaluru,Karnataka,6,996,0.15,47.31,UPI
ORD02753,13-12-2025,Priya Mehta,Furniture,Sofa,Agra,Uttar Pradesh,2,41450,0.15,5284.88,Cash
ORD02754,04-03-2026,Neha Verma,Grocery,Sugar,Ahmedabad,Gujarat,2,2098,0.05,173.09,UPI
ORD02755,31-05-2026,Komal Sharma,Furniture,Desk Lamp,Kota,Rajasthan,3,28317,0,5097.06,Net Banking
ORD02756,13-02-2025,Tanya Singh,Grocery,Rice,Mumbai,Maharashtra,6,14202,0.08,1022.54,UPI
ORD02757,16-10-2025,Karan Kumar,Electronics,Monitor,Mumbai,Maharashtra,6,326946,0.15,25338.32,UPI
ORD02758,13-04-2025,Rohit Yadav,Furniture,Filing Cabinet,Ahmedabad,Gujarat,2,27144,0.08,4125.89,Wallet
ORD02759,16-06-2025,Riya Verma,Clothing,Kurta,Agra,Uttar Pradesh,5,3425,0.05,693.56,Card
ORD02760,30-10-2025,Sneha Singh,Electronics,Monitor,Pune,Maharashtra,6,162174,0,21082.62,Card
ORD02761,08-01-2025,Aditya Kaur,Electronics,Smartphone,Ghaziabad,Uttar Pradesh,5,299545,0.08,30553.59,Cash
ORD02762,28-02-2025,Varun Singh,Clothing,Dress,Lucknow,Uttar Pradesh,3,12702,0.15,2127.59,Card
ORD02763,17-03-2025,Tanya Patel,Electronics,Printer,Kolkata,West Bengal,1,19557,0.08,1994.81,Cash
ORD02764,22-02-2026,Neha Mehta,Furniture,Desk Lamp,Lucknow,Uttar Pradesh,4,66888,0.08,10166.98,Card
ORD02765,08-01-2026,Karan Sharma,Furniture,Bookshelf,Chandigarh,Chandigarh,5,65590,0,11806.2,Card
ORD02766,13-05-2025,Mohit Kaur,Grocery,Cooking Oil,Chandigarh,Chandigarh,5,6565,0,656.5,Wallet
ORD02767,19-02-2025,Anjali Sharma,Grocery,Rice,Ghaziabad,Uttar Pradesh,4,8788,0.08,632.74,Net Banking
ORD02768,09-01-2025,Mohit Sharma,Furniture,Office Chair,Jaipur,Rajasthan,4,34484,0.08,5241.57,Card
ORD02769,25-08-2026,Rohit Sharma,Electronics,Tablet,Lucknow,Uttar Pradesh,1,41484,0.1,3940.98,Card
ORD02770,31-08-2025,Rahul Singh,Electronics,Monitor,Meerut,Uttar Pradesh,1,53388,0.15,4137.57,Cash
ORD02771,24-07-2025,Sneha Yadav,Furniture,Office Chair,Pune,Maharashtra,3,35721,0.02,6179.73,Wallet
ORD02772,11-07-2025,Riya Sharma,Grocery,Biscuits,Ghaziabad,Uttar Pradesh,1,2433,0.15,115.57,UPI
ORD02773,30-10-2025,Anjali Gupta,Grocery,Rice,Meerut,Uttar Pradesh,4,6032,0.08,434.3,Cash
ORD02774,16-10-2025,Vivek Yadav,Furniture,Office Chair,Agra,Uttar Pradesh,3,57138,0.1,8285.01,Card
ORD02775,04-05-2025,Varun Patel,Electronics,Monitor,Mumbai,Maharashtra,1,41928,0.1,3983.16,Net Banking
ORD02776,17-10-2025,Anjali Mehta,Clothing,Dress,Agra,Uttar Pradesh,5,10155,0.05,2056.39,Net Banking
ORD02777,07-05-2025,Aditya Patel,Furniture,Table,Pune,Maharashtra,6,77736,0.02,13448.33,Net Banking
ORD02778,29-08-2025,Nikhil Kumar,Electronics,Smartphone,Chandigarh,Chandigarh,4,101984,0,13257.92,Net Banking
ORD02779,11-01-2025,Vivek Kaur,Furniture,Bookshelf,Mumbai,Maharashtra,4,7192,0.08,1093.18,Card
ORD02780,06-03-2025,Mohit Jain,Grocery,Spices,Delhi,Delhi,2,1770,0.05,146.03,Cash
ORD02781,11-03-2025,Sneha Verma,Electronics,Monitor,Agra,Uttar Pradesh,2,90446,0,11757.98,UPI
ORD02782,25-02-2025,Mohit Jain,Grocery,Pulses,Kolkata,West Bengal,1,1374,0.08,98.93,Net Banking
ORD02783,18-03-2025,Pooja Verma,Electronics,Smartphone,Meerut,Uttar Pradesh,2,34708,0.05,3904.65,Wallet
ORD02784,20-01-2026,Simran Yadav,Clothing,Jacket,Kota,Rajasthan,5,12365,0,2720.3,Card
ORD02785,23-11-2025,Sneha Kumar,Electronics,Smartphone,Chandigarh,Chandigarh,4,155364,0,20197.32,Wallet
ORD02786,19-02-2026,Shivam Verma,Electronics,Tablet,Jaipur,Rajasthan,6,121698,0.15,9431.6,Net Banking
ORD02787,27-11-2025,Tanya Kaur,Clothing,Shoes,Noida,Uttar Pradesh,5,11125,0.02,2369.62,Cash
ORD02788,25-04-2026,Amit Singh,Grocery,Spices,Mumbai,Maharashtra,1,1612,0.15,76.57,Card
ORD02789,29-09-2025,Karan Sharma,Grocery,Pulses,Kolkata,West Bengal,6,2658,0.1,172.77,UPI
ORD02790,16-05-2026,Karan Verma,Furniture,Table,Delhi,Delhi,5,62960,0.08,9569.92,Card
ORD02791,06-08-2025,Neha Verma,Furniture,Filing Cabinet,Chandigarh,Chandigarh,5,118455,0.08,18005.16,Wallet
ORD02792,17-05-2025,Anjali Verma,Grocery,Tea,Lucknow,Uttar Pradesh,1,842,0.1,54.73,Card
ORD02793,19-06-2025,Sneha Kaur,Grocery,Pulses,Jaipur,Rajasthan,5,4225,0.05,348.56,Card
ORD02794,25-05-2025,Amit Singh,Furniture,Table,Chandigarh,Chandigarh,5,59400,0.15,7573.5,Card
ORD02795,01-01-2025,Priya Mehta,Furniture,Office Chair,Pune,Maharashtra,1,9036,0.15,1152.09,Wallet
ORD02796,28-10-2025,Neha Verma,Furniture,Table,Kolkata,West Bengal,2,35432,0.05,5757.7,Cash
ORD02797,10-01-2025,Aditya Yadav,Grocery,Cooking Oil,Pune,Maharashtra,5,11155,0.02,1037.41,Cash
ORD02798,10-05-2025,Riya Sharma,Electronics,Smartphone,Ahmedabad,Gujarat,3,137466,0.05,15464.93,Net Banking
ORD02799,19-07-2026,Karan Kumar,Clothing,Shoes,Pune,Maharashtra,6,5208,0.02,1109.3,UPI
ORD02800,08-06-2025,Arjun Mehta,Electronics,Tablet,Kolkata,West Bengal,3,50136,0.02,6166.73,Card
ORD02801,28-07-2025,Priya Mehta,Furniture,Sofa,Kota,Rajasthan,4,64392,0.02,11139.82,Wallet
ORD02802,29-01-2025,Sneha Sharma,Electronics,Tablet,Jaipur,Rajasthan,3,145344,0.08,14825.09,Card
ORD02803,17-11-2025,Arjun Patel,Clothing,T-Shirt,Ghaziabad,Uttar Pradesh,4,2332,0.05,472.23,Wallet
ORD02804,08-02-2025,Aditya Gupta,Clothing,Jeans,Bengaluru,Karnataka,3,2982,0.15,499.49,UPI
ORD02805,21-03-2026,Aditya Yadav,Furniture,Sofa,Lucknow,Uttar Pradesh,1,22931,0.15,2923.7,Wallet
ORD02806,06-08-2026,Rahul Mehta,Furniture,Sofa,Kota,Rajasthan,4,21248,0.05,3452.8,Card
ORD02807,05-06-2026,Mohit Mehta,Electronics,Laptop,Ghaziabad,Uttar Pradesh,6,162786,0.02,20022.68,Cash
ORD02808,19-11-2025,Tanya Kaur,Grocery,Cooking Oil,Lucknow,Uttar Pradesh,5,9570,0.05,789.53,Wallet
ORD02809,08-08-2026,Aditya Patel,Furniture,Office Chair,Mumbai,Maharashtra,2,40074,0.15,5109.44,Wallet
ORD02810,03-06-2026,Nikhil Sharma,Clothing,Hoodie,Pune,Maharashtra,1,2410,0.1,445.85,Wallet
ORD02811,01-08-2025,Neha Mehta,Clothing,Hoodie,Agra,Uttar Pradesh,1,2610,0.1,482.85,Net Banking
ORD02812,21-09-2025,Riya Kumar,Clothing,Jeans,Meerut,Uttar Pradesh,2,4244,0.1,785.14,Card
ORD02813,01-07-2026,Priya Kumar,Electronics,Keyboard,Chandigarh,Chandigarh,5,194925,0.15,15106.69,Cash
ORD02814,05-01-2025,Priya Singh,Clothing,Kurta,Agra,Uttar Pradesh,2,4720,0,1038.4,Net Banking
ORD02815,08-11-2025,Aditya Gupta,Grocery,Atta,Meerut,Uttar Pradesh,2,4510,0.15,214.23,Card
ORD02816,01-06-2026,Aditya Kumar,Furniture,Bookshelf,Jaipur,Rajasthan,6,95454,0.15,12170.39,Wallet
ORD02817,14-07-2026,Aditya Sharma,Furniture,Table,Ghaziabad,Uttar Pradesh,4,72124,0.15,9195.81,Cash
ORD02818,20-03-2025,Pooja Gupta,Clothing,T-Shirt,Jaipur,Rajasthan,5,3525,0.08,676.8,Wallet
ORD02819,05-02-2026,Rahul Yadav,Clothing,Shoes,Lucknow,Uttar Pradesh,4,18776,0.05,3802.14,Wallet
ORD02820,17-07-2025,Varun Verma,Grocery,Pulses,Pune,Maharashtra,3,7209,0.08,519.05,UPI
ORD02821,11-07-2026,Amit Patel,Grocery,Atta,Ghaziabad,Uttar Pradesh,4,2272,0,227.2,Card
ORD02822,12-04-2025,Nikhil Yadav,Grocery,Cooking Oil,Jaipur,Rajasthan,4,2488,0,248.8,Cash
ORD02823,12-10-2025,Anjali Kaur,Clothing,Dress,Kota,Rajasthan,6,26694,0.08,5125.25,Wallet
ORD02824,13-04-2025,Arjun Gupta,Grocery,Biscuits,Agra,Uttar Pradesh,3,6303,0.05,520,Net Banking
ORD02825,21-06-2026,Sneha Yadav,Grocery,Tea,Delhi,Delhi,1,294,0.08,21.17,Wallet
ORD02826,15-03-2025,Nikhil Mehta,Grocery,Atta,Lucknow,Uttar Pradesh,6,1890,0.05,155.93,Cash
ORD02827,06-11-2025,Simran Kumar,Clothing,Jacket,Noida,Uttar Pradesh,2,3468,0.05,702.27,Wallet
ORD02828,26-06-2026,Nikhil Jain,Grocery,Tea,Delhi,Delhi,2,1812,0.02,168.52,Net Banking
ORD02829,12-02-2025,Priya Kaur,Electronics,Mouse,Ahmedabad,Gujarat,3,163131,0.08,16639.36,UPI
ORD02830,02-10-2025,Neha Verma,Furniture,Sofa,Ghaziabad,Uttar Pradesh,1,21188,0.05,3443.05,Wallet
ORD02831,19-02-2025,Varun Patel,Grocery,Rice,Meerut,Uttar Pradesh,1,1443,0.15,68.54,Wallet
ORD02832,03-10-2025,Shivam Sharma,Furniture,Office Chair,Pune,Maharashtra,3,9198,0.02,1591.25,Wallet
ORD02833,12-05-2026,Shivam Kaur,Grocery,Cooking Oil,Ahmedabad,Gujarat,5,10140,0.1,659.1,Card
ORD02834,03-08-2025,Mohit Mehta,Clothing,Jacket,Meerut,Uttar Pradesh,5,12505,0,2751.1,Wallet
ORD02835,21-04-2026,Pooja Yadav,Clothing,Kurta,Delhi,Delhi,3,8709,0,1915.98,Net Banking
ORD02836,26-05-2026,Karan Patel,Grocery,Tea,Mumbai,Maharashtra,1,2427,0.05,200.23,Cash
ORD02837,16-02-2025,Neha Mehta,Electronics,Smartphone,Pune,Maharashtra,6,302940,0.1,28779.3,UPI
ORD02838,15-02-2025,Karan Kumar,Furniture,Filing Cabinet,Pune,Maharashtra,3,28968,0.02,5011.46,Cash
ORD02839,25-04-2026,Pooja Gupta,Furniture,Bookshelf,Mumbai,Maharashtra,3,62415,0,11234.7,Card
ORD02840,16-04-2026,Aditya Gupta,Electronics,Mouse,Noida,Uttar Pradesh,5,246825,0.08,25176.15,Wallet
ORD02841,13-11-2025,Priya Jain,Grocery,Pulses,Agra,Uttar Pradesh,5,7880,0,788,Net Banking
ORD02842,04-01-2025,Komal Jain,Clothing,Dress,Mumbai,Maharashtra,6,9612,0.02,2047.36,Card
ORD02843,11-06-2026,Simran Kumar,Clothing,Hoodie,Bengaluru,Karnataka,5,17735,0.15,2970.61,Wallet
ORD02844,16-03-2026,Rahul Yadav,Grocery,Atta,Ghaziabad,Uttar Pradesh,6,5880,0.02,546.84,Wallet
ORD02845,27-10-2025,Komal Verma,Grocery,Tea,Meerut,Uttar Pradesh,4,7200,0.08,518.4,UPI
ORD02846,06-07-2025,Shivam Verma,Grocery,Sugar,Chandigarh,Chandigarh,1,1652,0.08,118.94,UPI
ORD02847,08-07-2026,Komal Singh,Clothing,T-Shirt,Kolkata,West Bengal,5,5195,0.08,997.44,Cash
ORD02848,16-11-2025,Nikhil Patel,Furniture,Sofa,Ahmedabad,Gujarat,3,35811,0.1,5192.59,Wallet
ORD02849,28-05-2025,Karan Kaur,Electronics,Tablet,Meerut,Uttar Pradesh,2,18700,0.08,1907.4,UPI
ORD02850,10-08-2026,Amit Sharma,Grocery,Rice,Meerut,Uttar Pradesh,2,2026,0.08,145.87,Net Banking
ORD02851,04-04-2026,Amit Jain,Clothing,Hoodie,Lucknow,Uttar Pradesh,6,28446,0.15,4764.7,Cash
ORD02852,01-04-2026,Nikhil Kaur,Grocery,Pulses,Pune,Maharashtra,3,3426,0,342.6,Cash
ORD02853,08-07-2026,Tanya Sharma,Clothing,Jeans,Pune,Maharashtra,5,4670,0.1,863.95,Net Banking
ORD02854,08-03-2025,Anjali Kaur,Furniture,Sofa,Mumbai,Maharashtra,1,12358,0.1,1791.91,Wallet
ORD02855,04-02-2026,Arjun Mehta,Electronics,Headphones,Agra,Uttar Pradesh,5,202400,0.15,15686,Wallet
ORD02856,25-02-2026,Pooja Jain,Furniture,Desk Lamp,Lucknow,Uttar Pradesh,5,87840,0.08,13351.68,UPI
ORD02857,04-06-2025,Karan Patel,Furniture,Office Chair,Bengaluru,Karnataka,4,55444,0,9979.92,Net Banking
ORD02858,29-01-2025,Anjali Kumar,Electronics,Keyboard,Noida,Uttar Pradesh,6,312804,0.15,24242.31,Wallet
ORD02859,20-06-2026,Riya Kumar,Electronics,Keyboard,Pune,Maharashtra,6,313890,0.1,29819.55,Wallet
ORD02860,02-02-2026,Tanya Sharma,Furniture,Office Chair,Bengaluru,Karnataka,4,4120,0.08,626.24,UPI
ORD02861,31-05-2025,Shivam Jain,Electronics,Printer,Pune,Maharashtra,2,29962,0.08,3056.12,Card
ORD02862,24-03-2026,Vivek Patel,Grocery,Sugar,Ghaziabad,Uttar Pradesh,3,6522,0.15,309.8,Net Banking
ORD02863,18-05-2026,Anjali Kaur,Electronics,Mouse,Chandigarh,Chandigarh,3,10497,0.08,1070.69,Wallet
ORD02864,02-04-2026,Rahul Kaur,Grocery,Sugar,Ghaziabad,Uttar Pradesh,3,4593,0.15,218.17,Net Banking
ORD02865,13-04-2025,Anjali Yadav,Furniture,Filing Cabinet,Noida,Uttar Pradesh,2,44734,0.02,7738.98,Cash
ORD02866,02-01-2026,Neha Kumar,Electronics,Smartphone,Kota,Rajasthan,6,359484,0,46732.92,Wallet
ORD02867,15-02-2025,Vivek Yadav,Grocery,Sugar,Mumbai,Maharashtra,3,3681,0.05,303.68,Wallet
ORD02868,10-05-2026,Amit Kumar,Furniture,Office Chair,Noida,Uttar Pradesh,3,8679,0.05,1410.34,Card
ORD02869,15-02-2026,Varun Kaur,Furniture,Filing Cabinet,Kolkata,West Bengal,3,7236,0.02,1251.83,UPI
ORD02870,18-03-2025,Amit Patel,Clothing,Dress,Kolkata,West Bengal,4,18692,0.1,3458.02,Net Banking
ORD02871,06-11-2025,Simran Yadav,Grocery,Pulses,Mumbai,Maharashtra,1,662,0.02,61.57,Net Banking
ORD02872,26-08-2025,Nikhil Mehta,Clothing,Jacket,Jaipur,Rajasthan,4,10812,0,2378.64,Cash
ORD02873,23-11-2025,Aditya Verma,Electronics,Monitor,Jaipur,Rajasthan,2,18856,0.1,1791.32,Net Banking
ORD02874,09-04-2026,Arjun Patel,Furniture,Office Chair,Agra,Uttar Pradesh,5,85625,0.05,13914.06,Card
ORD02875,02-08-2025,Amit Singh,Grocery,Sugar,Noida,Uttar Pradesh,5,8455,0.1,549.58,Wallet
ORD02876,08-11-2025,Arjun Verma,Electronics,Smartphone,Mumbai,Maharashtra,3,140451,0.15,10884.95,Card
ORD02877,12-03-2025,Varun Yadav,Furniture,Bookshelf,Noida,Uttar Pradesh,4,99716,0.05,16203.85,Cash
ORD02878,01-08-2025,Vivek Gupta,Furniture,Desk Lamp,Jaipur,Rajasthan,4,6340,0.08,963.68,Net Banking
ORD02879,10-08-2026,Mohit Jain,Grocery,Tea,Jaipur,Rajasthan,2,1162,0.05,95.87,Cash
ORD02880,11-03-2026,Priya Kaur,Electronics,Printer,Lucknow,Uttar Pradesh,6,243366,0,31637.58,UPI
ORD02881,07-04-2025,Riya Patel,Clothing,T-Shirt,Meerut,Uttar Pradesh,2,1860,0.1,344.1,Wallet
ORD02882,08-10-2025,Aditya Mehta,Electronics,Headphones,Noida,Uttar Pradesh,2,104450,0.05,11750.62,UPI
ORD02883,22-10-2025,Rahul Singh,Clothing,Hoodie,Mumbai,Maharashtra,2,8576,0.08,1646.59,Wallet
ORD02884,05-09-2025,Pooja Sharma,Furniture,Desk Lamp,Jaipur,Rajasthan,3,67716,0.15,8633.79,Card
ORD02885,23-08-2026,Riya Singh,Grocery,Biscuits,Chandigarh,Chandigarh,1,2435,0.15,115.66,UPI
ORD02886,22-01-2026,Nikhil Mehta,Furniture,Sofa,Jaipur,Rajasthan,4,63448,0,11420.64,Net Banking
ORD02887,04-09-2025,Simran Singh,Electronics,Laptop,Meerut,Uttar Pradesh,3,148587,0.08,15155.87,UPI
ORD02888,03-10-2025,Tanya Patel,Furniture,Table,Meerut,Uttar Pradesh,6,142218,0.02,24603.71,Wallet
ORD02889,22-07-2026,Karan Mehta,Electronics,Monitor,Ghaziabad,Uttar Pradesh,6,175716,0.08,17923.03,Net Banking
ORD02890,09-04-2026,Tanya Kumar,Clothing,Kurta,Chandigarh,Chandigarh,1,1068,0.08,205.06,Cash
ORD02891,08-10-2025,Vivek Sharma,Furniture,Filing Cabinet,Lucknow,Uttar Pradesh,3,42075,0,7573.5,Wallet
ORD02892,08-11-2025,Riya Yadav,Furniture,Table,Ghaziabad,Uttar Pradesh,3,8559,0.08,1300.97,Net Banking
ORD02893,17-07-2026,Riya Verma,Clothing,Jeans,Ahmedabad,Gujarat,4,2920,0,642.4,Net Banking
ORD02894,01-01-2026,Riya Patel,Furniture,Sofa,Ghaziabad,Uttar Pradesh,1,19399,0.1,2812.86,Cash
ORD02895,26-03-2026,Riya Gupta,Clothing,Kurta,Kolkata,West Bengal,2,3592,0.08,689.66,UPI
ORD02896,28-11-2025,Rahul Singh,Clothing,Kurta,Delhi,Delhi,1,2072,0.1,383.32,Cash
ORD02897,23-10-2025,Simran Jain,Clothing,T-Shirt,Chandigarh,Chandigarh,6,12036,0.05,2437.29,Net Banking
ORD02898,10-08-2026,Rahul Gupta,Grocery,Atta,Meerut,Uttar Pradesh,5,11375,0.02,1057.88,Net Banking
ORD02899,23-01-2026,Priya Yadav,Furniture,Table,Noida,Uttar Pradesh,3,37905,0.05,6159.56,Net Banking
ORD02900,06-04-2025,Rohit Gupta,Clothing,Kurta,Ahmedabad,Gujarat,2,3038,0.05,615.2,Wallet
ORD02901,18-05-2025,Rahul Gupta,Grocery,Pulses,Pune,Maharashtra,3,2865,0,286.5,UPI
ORD02902,22-03-2026,Nikhil Kumar,Clothing,Jacket,Ghaziabad,Uttar Pradesh,4,17436,0.15,2920.53,Wallet
ORD02903,22-02-2025,Amit Kumar,Furniture,Office Chair,Chandigarh,Chandigarh,5,65270,0.1,9464.15,Wallet
ORD02904,28-03-2025,Anjali Kumar,Grocery,Sugar,Noida,Uttar Pradesh,3,2772,0.1,180.18,UPI
ORD02905,24-06-2025,Rohit Sharma,Clothing,Jeans,Jaipur,Rajasthan,4,18724,0.08,3595.01,Net Banking
ORD02906,20-02-2026,Komal Yadav,Electronics,Printer,Noida,Uttar Pradesh,1,40913,0.15,3170.76,Net Banking
ORD02907,16-07-2026,Rahul Singh,Clothing,Jeans,Agra,Uttar Pradesh,4,2932,0.08,562.94,Net Banking
ORD02908,27-09-2025,Arjun Verma,Furniture,Table,Kolkata,West Bengal,6,18972,0.05,3082.95,UPI
ORD02909,09-07-2025,Komal Mehta,Grocery,Rice,Delhi,Delhi,2,1758,0,175.8,Cash
ORD02910,22-06-2025,Vivek Kumar,Clothing,Dress,Delhi,Delhi,6,17844,0.02,3800.77,UPI
ORD02911,07-05-2026,Amit Kumar,Clothing,Hoodie,Meerut,Uttar Pradesh,1,3607,0.08,692.54,Cash
ORD02912,26-05-2025,Rahul Kumar,Electronics,Headphones,Agra,Uttar Pradesh,6,235134,0.1,22337.73,Net Banking
ORD02913,12-05-2025,Neha Singh,Grocery,Sugar,Ghaziabad,Uttar Pradesh,6,13242,0.02,1231.51,Cash
ORD02914,14-05-2025,Arjun Singh,Electronics,Laptop,Agra,Uttar Pradesh,2,115108,0.1,10935.26,UPI
ORD02915,17-02-2025,Priya Kumar,Clothing,Shoes,Meerut,Uttar Pradesh,6,3150,0,693,Card
ORD02916,14-04-2025,Pooja Verma,Clothing,Kurta,Lucknow,Uttar Pradesh,2,4262,0.1,788.47,Card
ORD02917,12-06-2025,Karan Patel,Clothing,Jeans,Mumbai,Maharashtra,4,5024,0.02,1070.11,Cash
ORD02918,10-05-2025,Pooja Gupta,Clothing,Hoodie,Ahmedabad,Gujarat,4,10480,0.05,2122.2,Card
ORD02919,06-01-2025,Arjun Gupta,Grocery,Tea,Kolkata,West Bengal,3,5679,0.08,408.89,Wallet
ORD02920,25-02-2025,Shivam Yadav,Grocery,Spices,Ghaziabad,Uttar Pradesh,3,2376,0.15,112.86,Card
ORD02921,06-09-2025,Simran Patel,Grocery,Pulses,Bengaluru,Karnataka,6,12114,0.15,575.42,Wallet
ORD02922,19-02-2026,Priya Yadav,Clothing,Jeans,Pune,Maharashtra,4,8800,0.05,1782,Card
ORD02923,01-10-2025,Aditya Mehta,Grocery,Spices,Agra,Uttar Pradesh,3,7152,0,715.2,Card
ORD02924,03-03-2026,Nikhil Gupta,Clothing,Hoodie,Ghaziabad,Uttar Pradesh,6,26910,0,5920.2,UPI
ORD02925,19-02-2026,Shivam Yadav,Clothing,Shoes,Kolkata,West Bengal,3,6285,0.02,1338.7,Card
ORD02926,22-11-2025,Karan Yadav,Clothing,Shoes,Kolkata,West Bengal,3,10578,0.08,2030.98,Card
ORD02927,14-12-2025,Karan Singh,Grocery,Atta,Kolkata,West Bengal,6,14646,0.1,951.99,Cash
ORD02928,04-06-2025,Vivek Kumar,Furniture,Filing Cabinet,Kolkata,West Bengal,4,67928,0.1,9849.56,Cash
ORD02929,05-03-2026,Pooja Jain,Grocery,Cooking Oil,Meerut,Uttar Pradesh,6,11724,0.15,556.89,Card
ORD02930,16-07-2026,Anjali Jain,Clothing,Jacket,Ghaziabad,Uttar Pradesh,6,15882,0.08,3049.34,Net Banking
ORD02931,07-02-2026,Varun Singh,Furniture,Filing Cabinet,Pune,Maharashtra,1,14331,0,2579.58,Cash
ORD02932,21-03-2025,Nikhil Kumar,Grocery,Sugar,Pune,Maharashtra,5,11585,0.15,550.29,Cash
ORD02933,12-06-2026,Pooja Kaur,Furniture,Filing Cabinet,Mumbai,Maharashtra,1,4126,0.08,627.15,UPI
ORD02934,01-05-2026,Neha Mehta,Electronics,Mouse,Delhi,Delhi,4,213792,0.02,26296.42,UPI
ORD02935,04-07-2026,Tanya Mehta,Grocery,Atta,Kolkata,West Bengal,1,470,0.05,38.77,Net Banking
ORD02936,01-08-2025,Rohit Singh,Electronics,Keyboard,Jaipur,Rajasthan,6,111768,0.1,10617.96,UPI
ORD02937,11-02-2026,Arjun Yadav,Clothing,Shoes,Kolkata,West Bengal,2,5478,0.08,1051.78,Cash
ORD02938,31-10-2025,Mohit Mehta,Furniture,Filing Cabinet,Pune,Maharashtra,6,37128,0.08,5643.46,Card
ORD02939,23-08-2026,Shivam Gupta,Furniture,Desk Lamp,Noida,Uttar Pradesh,4,21376,0.15,2725.44,UPI
ORD02940,23-03-2025,Rohit Singh,Furniture,Sofa,Ahmedabad,Gujarat,5,46965,0.1,6809.92,Net Banking
ORD02941,24-02-2026,Sneha Sharma,Grocery,Tea,Pune,Maharashtra,4,1768,0.1,114.92,Net Banking
ORD02942,03-02-2025,Rohit Mehta,Furniture,Table,Agra,Uttar Pradesh,2,40926,0,7366.68,UPI
ORD02943,15-02-2026,Karan Patel,Furniture,Bookshelf,Kolkata,West Bengal,5,8510,0,1531.8,Wallet
ORD02944,20-08-2025,Karan Gupta,Clothing,Dress,Pune,Maharashtra,1,966,0.02,205.76,Cash
ORD02945,30-07-2025,Simran Jain,Furniture,Sofa,Bengaluru,Karnataka,4,66380,0.15,8463.45,UPI
ORD02946,29-09-2025,Priya Sharma,Clothing,T-Shirt,Ahmedabad,Gujarat,5,23840,0.15,3993.2,UPI
ORD02947,15-09-2025,Varun Kumar,Grocery,Pulses,Pune,Maharashtra,2,468,0,46.8,UPI
ORD02948,27-03-2025,Rahul Sharma,Grocery,Rice,Lucknow,Uttar Pradesh,5,12485,0.15,593.04,Cash
ORD02949,04-03-2026,Rohit Mehta,Furniture,Office Chair,Meerut,Uttar Pradesh,5,96045,0.08,14598.84,Wallet
ORD02950,26-10-2025,Neha Kumar,Electronics,Monitor,Pune,Maharashtra,5,15960,0.02,1963.08,Card
ORD02951,25-09-2025,Neha Sharma,Clothing,Kurta,Chandigarh,Chandigarh,3,8328,0.1,1540.68,Card
ORD02952,05-05-2026,Shivam Kumar,Clothing,Jeans,Noida,Uttar Pradesh,4,3208,0.15,537.34,Net Banking
ORD02953,28-11-2025,Aditya Kumar,Electronics,Mouse,Mumbai,Maharashtra,4,17800,0,2314,UPI
ORD02954,13-11-2025,Rahul Singh,Grocery,Cooking Oil,Ghaziabad,Uttar Pradesh,2,960,0.1,62.4,Cash
ORD02955,01-04-2025,Vivek Kumar,Grocery,Rice,Meerut,Uttar Pradesh,5,11775,0.15,559.31,UPI
ORD02956,20-05-2025,Aditya Kumar,Furniture,Desk Lamp,Kota,Rajasthan,6,63600,0.05,10335,Wallet
ORD02957,25-01-2026,Vivek Mehta,Furniture,Sofa,Kota,Rajasthan,5,64375,0.08,9785,Card
ORD02958,27-05-2026,Vivek Patel,Electronics,Mouse,Mumbai,Maharashtra,1,3058,0.15,237,UPI
ORD02959,13-09-2025,Neha Kumar,Grocery,Cooking Oil,Kolkata,West Bengal,5,6260,0.02,582.18,Cash
ORD02960,10-12-2025,Pooja Yadav,Clothing,T-Shirt,Noida,Uttar Pradesh,6,13470,0,2963.4,UPI
ORD02961,21-02-2026,Varun Gupta,Grocery,Spices,Bengaluru,Karnataka,2,3342,0,334.2,Cash
ORD02962,16-11-2025,Priya Sharma,Clothing,Jeans,Agra,Uttar Pradesh,2,8740,0.15,1463.95,Card
ORD02963,23-04-2026,Shivam Jain,Clothing,Jacket,Kota,Rajasthan,6,4992,0.15,836.16,Wallet
ORD02964,17-10-2025,Komal Patel,Clothing,Kurta,Mumbai,Maharashtra,3,11367,0.08,2182.46,Wallet
ORD02965,15-12-2025,Nikhil Kaur,Furniture,Office Chair,Delhi,Delhi,3,12816,0.1,1858.32,Cash
ORD02966,30-05-2025,Arjun Kaur,Grocery,Sugar,Agra,Uttar Pradesh,3,6441,0.05,531.38,UPI
ORD02967,06-01-2026,Riya Yadav,Grocery,Atta,Jaipur,Rajasthan,4,2500,0.15,118.75,UPI
ORD02968,13-02-2025,Priya Gupta,Clothing,Shoes,Ahmedabad,Gujarat,1,4202,0,924.44,Cash
ORD02969,08-03-2026,Arjun Gupta,Electronics,Mouse,Delhi,Delhi,4,135892,0.15,10531.63,UPI
ORD02970,09-07-2026,Tanya Sharma,Grocery,Cooking Oil,Delhi,Delhi,1,1766,0.08,127.15,Cash
ORD02971,29-04-2026,Nikhil Singh,Electronics,Printer,Meerut,Uttar Pradesh,5,49110,0,6384.3,Card
ORD02972,23-08-2025,Neha Jain,Electronics,Monitor,Agra,Uttar Pradesh,6,67038,0.02,8245.67,Card
ORD02973,03-07-2026,Simran Kaur,Furniture,Table,Mumbai,Maharashtra,2,20206,0,3637.08,Cash
ORD02974,01-11-2025,Amit Sharma,Furniture,Desk Lamp,Ghaziabad,Uttar Pradesh,3,61971,0.1,8985.8,Cash
ORD02975,29-04-2025,Karan Yadav,Electronics,Laptop,Chandigarh,Chandigarh,5,90810,0.08,9262.62,UPI
ORD02976,18-07-2025,Anjali Kaur,Electronics,Mouse,Agra,Uttar Pradesh,6,15276,0.05,1718.55,Card
ORD02977,24-03-2026,Vivek Kumar,Furniture,Filing Cabinet,Mumbai,Maharashtra,5,25500,0,4590,Cash
ORD02978,30-01-2025,Neha Jain,Grocery,Rice,Pune,Maharashtra,4,8908,0.02,828.44,UPI
ORD02979,04-12-2025,Karan Gupta,Electronics,Laptop,Lucknow,Uttar Pradesh,1,41367,0.05,4653.79,UPI
ORD02980,26-09-2025,Vivek Kaur,Clothing,Hoodie,Kolkata,West Bengal,2,8964,0,1972.08,Wallet
ORD02981,07-02-2025,Arjun Kumar,Grocery,Pulses,Lucknow,Uttar Pradesh,6,3642,0.1,236.73,Wallet
ORD02982,27-07-2026,Rahul Verma,Furniture,Office Chair,Jaipur,Rajasthan,2,24166,0.08,3673.23,Net Banking
ORD02983,01-04-2026,Simran Verma,Electronics,Keyboard,Noida,Uttar Pradesh,2,109190,0.15,8462.23,Net Banking
ORD02984,19-12-2025,Aditya Yadav,Electronics,Smartphone,Ahmedabad,Gujarat,3,110433,0.05,12423.71,Wallet
ORD02985,11-07-2025,Shivam Sharma,Clothing,Dress,Kolkata,West Bengal,1,4762,0.05,964.31,Net Banking
ORD02986,17-06-2026,Tanya Jain,Grocery,Rice,Chandigarh,Chandigarh,3,4653,0.02,432.73,Net Banking
ORD02987,06-12-2025,Nikhil Kaur,Electronics,Tablet,Noida,Uttar Pradesh,6,22656,0.08,2310.91,Card
ORD02988,14-02-2025,Priya Mehta,Furniture,Sofa,Kolkata,West Bengal,3,38895,0.08,5912.04,Cash
ORD02989,28-07-2026,Priya Gupta,Furniture,Sofa,Jaipur,Rajasthan,1,8096,0.08,1230.59,Wallet
ORD02990,09-06-2026,Simran Verma,Electronics,Keyboard,Agra,Uttar Pradesh,2,84432,0,10976.16,Net Banking
ORD02991,03-10-2025,Vivek Kaur,Grocery,Atta,Bengaluru,Karnataka,5,8545,0.05,704.96,Net Banking
ORD02992,08-07-2025,Karan Singh,Furniture,Bookshelf,Kolkata,West Bengal,1,18216,0.05,2960.1,Cash
ORD02993,08-10-2025,Priya Kaur,Furniture,Table,Lucknow,Uttar Pradesh,5,4780,0,860.4,Card
ORD02994,12-02-2026,Tanya Kumar,Clothing,T-Shirt,Chandigarh,Chandigarh,3,9303,0.02,1981.54,Cash
ORD02995,28-06-2025,Aditya Patel,Clothing,Jacket,Kota,Rajasthan,3,1605,0.08,308.16,Net Banking
ORD02996,04-03-2025,Karan Verma,Electronics,Keyboard,Lucknow,Uttar Pradesh,2,49554,0.08,5054.51,Card
ORD02997,26-10-2025,Mohit Singh,Furniture,Desk Lamp,Kolkata,West Bengal,3,68817,0.1,9978.47,Card
ORD02998,22-06-2026,Riya Verma,Electronics,Smartphone,Bengaluru,Karnataka,5,268560,0.02,33032.88,UPI
ORD02999,08-07-2025,Tanya Patel,Clothing,T-Shirt,Ahmedabad,Gujarat,2,7728,0.08,1483.78,UPI
ORD03000,23-05-2025,Neha Sharma,Grocery,Atta,Noida,Uttar Pradesh,4,5160,0.02,479.88,Cash
ORD03001,03-05-2025,Mohit Verma,Electronics,Tablet,Kota,Rajasthan,5,255015,0.02,31366.85,Wallet
ORD03002,06-01-2025,Riya Verma,Furniture,Sofa,Jaipur,Rajasthan,5,38390,0.08,5835.28,Card
ORD03003,24-08-2026,Arjun Jain,Clothing,Hoodie,Delhi,Delhi,2,2584,0.02,550.39,UPI
ORD03004,04-06-2025,Amit Mehta,Clothing,Kurta,Kolkata,West Bengal,3,1086,0.02,231.32,UPI
ORD03005,05-08-2025,Mohit Patel,Electronics,Monitor,Pune,Maharashtra,2,85476,0.02,10513.55,Card
ORD03006,01-03-2025,Rahul Singh,Grocery,Pulses,Noida,Uttar Pradesh,5,1665,0,166.5,Wallet
ORD03007,15-12-2025,Riya Gupta,Clothing,Shoes,Noida,Uttar Pradesh,4,5988,0.02,1275.44,Net Banking
ORD03008,06-04-2026,Shivam Patel,Electronics,Smartphone,Agra,Uttar Pradesh,5,104285,0,13557.05,Card
ORD03009,20-05-2025,Karan Kumar,Furniture,Office Chair,Lucknow,Uttar Pradesh,3,73860,0.02,12777.78,Net Banking
ORD03010,06-12-2025,Riya Gupta,Grocery,Pulses,Kolkata,West Bengal,5,1945,0.05,160.46,Net Banking
ORD03011,02-05-2025,Tanya Gupta,Clothing,Hoodie,Ghaziabad,Uttar Pradesh,4,1620,0.15,271.35,Cash
ORD03012,08-04-2026,Aditya Mehta,Furniture,Filing Cabinet,Pune,Maharashtra,6,25326,0,4558.68,Net Banking
ORD03013,28-04-2026,Nikhil Kumar,Grocery,Biscuits,Delhi,Delhi,3,2412,0.15,114.57,Card
ORD03014,25-11-2025,Aditya Jain,Electronics,Keyboard,Mumbai,Maharashtra,1,54429,0.15,4218.25,UPI
ORD03015,16-05-2025,Karan Kumar,Grocery,Cooking Oil,Kolkata,West Bengal,6,1950,0.02,181.35,UPI
ORD03016,31-01-2026,Aditya Mehta,Grocery,Pulses,Bengaluru,Karnataka,5,9445,0,944.5,Card
ORD03017,13-05-2026,Rohit Jain,Clothing,Jeans,Meerut,Uttar Pradesh,2,3850,0.15,644.88,Cash
ORD03018,14-06-2026,Vivek Jain,Furniture,Office Chair,Ahmedabad,Gujarat,2,26408,0.15,3367.02,Cash
ORD03019,05-06-2025,Tanya Gupta,Grocery,Sugar,Kota,Rajasthan,1,420,0.05,34.65,Card
ORD03020,11-12-2025,Karan Patel,Electronics,Laptop,Delhi,Delhi,6,99870,0.08,10186.74,Wallet
ORD03021,27-05-2025,Simran Mehta,Furniture,Table,Chandigarh,Chandigarh,6,19176,0.02,3317.45,Cash
ORD03022,03-07-2026,Simran Kumar,Grocery,Spices,Pune,Maharashtra,2,1198,0.08,86.26,Net Banking
ORD03023,15-03-2025,Anjali Verma,Furniture,Filing Cabinet,Kota,Rajasthan,4,48088,0.1,6972.76,Wallet
ORD03024,01-02-2025,Riya Yadav,Furniture,Office Chair,Noida,Uttar Pradesh,1,9804,0.15,1250.01,Card
ORD03025,14-08-2025,Mohit Kumar,Grocery,Spices,Lucknow,Uttar Pradesh,2,3690,0.08,265.68,Card
ORD03026,12-09-2025,Aditya Yadav,Grocery,Atta,Lucknow,Uttar Pradesh,3,4482,0.02,416.83,Net Banking
ORD03027,24-09-2025,Komal Kaur,Clothing,Hoodie,Jaipur,Rajasthan,5,20720,0.08,3978.24,Wallet
ORD03028,15-08-2026,Vivek Yadav,Clothing,Kurta,Jaipur,Rajasthan,2,3298,0.05,667.85,UPI
ORD03029,06-01-2025,Nikhil Patel,Electronics,Headphones,Jaipur,Rajasthan,6,57894,0.05,6513.07,Card
ORD03030,27-05-2025,Amit Mehta,Grocery,Biscuits,Jaipur,Rajasthan,5,7235,0,723.5,Card
ORD03031,25-08-2025,Anjali Sharma,Grocery,Spices,Chandigarh,Chandigarh,4,3256,0.1,211.64,Wallet
ORD03032,16-03-2025,Neha Patel,Grocery,Sugar,Lucknow,Uttar Pradesh,6,7098,0.02,660.11,UPI
ORD03033,10-07-2025,Neha Verma,Clothing,Shoes,Ahmedabad,Gujarat,6,20046,0,4410.12,Cash
ORD03034,20-12-2025,Aditya Patel,Grocery,Pulses,Mumbai,Maharashtra,6,630,0.05,51.98,Net Banking
ORD03035,23-02-2025,Sneha Sharma,Furniture,Bookshelf,Noida,Uttar Pradesh,5,51725,0.15,6594.94,Card
ORD03036,27-10-2025,Sneha Jain,Furniture,Filing Cabinet,Pune,Maharashtra,5,25945,0,4670.1,Card
ORD03037,27-02-2025,Shivam Gupta,Furniture,Table,Kota,Rajasthan,6,148542,0.02,25697.77,Cash
ORD03038,01-04-2026,Rahul Mehta,Electronics,Tablet,Kota,Rajasthan,4,203184,0.15,15746.76,Card
ORD03039,25-07-2025,Rahul Kumar,Grocery,Sugar,Bengaluru,Karnataka,2,4420,0.08,318.24,UPI
ORD03040,15-06-2026,Vivek Jain,Furniture,Table,Delhi,Delhi,1,24394,0.15,3110.24,Cash
ORD03041,29-07-2025,Pooja Mehta,Furniture,Sofa,Ahmedabad,Gujarat,3,55791,0.02,9651.84,Net Banking
ORD03042,08-07-2026,Tanya Mehta,Grocery,Rice,Kolkata,West Bengal,5,3805,0.15,180.74,Net Banking
ORD03043,17-09-2025,Tanya Gupta,Electronics,Mouse,Jaipur,Rajasthan,1,56424,0.05,6347.7,Net Banking
ORD03044,05-08-2026,Amit Kumar,Furniture,Office Chair,Mumbai,Maharashtra,3,43617,0.05,7087.76,Card
ORD03045,09-08-2025,Mohit Sharma,Furniture,Bookshelf,Pune,Maharashtra,3,11598,0.1,1681.71,UPI
ORD03046,02-05-2026,Mohit Jain,Electronics,Monitor,Agra,Uttar Pradesh,3,78771,0,10240.23,UPI
ORD03047,06-02-2025,Vivek Gupta,Electronics,Mouse,Mumbai,Maharashtra,6,203970,0.1,19377.15,UPI
ORD03048,23-12-2025,Riya Mehta,Electronics,Headphones,Delhi,Delhi,3,49377,0,6419.01,Wallet
ORD03049,19-06-2026,Rohit Gupta,Clothing,T-Shirt,Bengaluru,Karnataka,2,6008,0.02,1279.7,Wallet
ORD03050,02-06-2026,Amit Verma,Furniture,Sofa,Lucknow,Uttar Pradesh,4,45104,0.05,7329.4,UPI
ORD03051,16-10-2025,Sneha Kumar,Electronics,Monitor,Jaipur,Rajasthan,5,107120,0.08,10926.24,Net Banking
ORD03052,19-04-2026,Rohit Mehta,Grocery,Tea,Delhi,Delhi,1,232,0.02,21.58,Wallet
ORD03053,20-04-2025,Mohit Jain,Furniture,Sofa,Chandigarh,Chandigarh,1,15084,0,2715.12,Net Banking
ORD03054,27-04-2026,Riya Kaur,Grocery,Spices,Noida,Uttar Pradesh,1,2409,0.1,156.59,Cash
ORD03055,03-05-2026,Amit Yadav,Furniture,Filing Cabinet,Ghaziabad,Uttar Pradesh,2,28720,0,5169.6,UPI
ORD03056,01-01-2026,Varun Kumar,Clothing,Kurta,Ghaziabad,Uttar Pradesh,3,5559,0.05,1125.7,Wallet
ORD03057,14-01-2026,Karan Yadav,Clothing,Shoes,Agra,Uttar Pradesh,4,6112,0.1,1130.72,Card
ORD03058,17-10-2025,Arjun Mehta,Furniture,Desk Lamp,Bengaluru,Karnataka,5,87420,0.02,15123.66,Net Banking
ORD03059,27-07-2026,Amit Kumar,Furniture,Office Chair,Kota,Rajasthan,6,99558,0.05,16178.18,Cash
ORD03060,02-08-2025,Rahul Verma,Clothing,Shoes,Jaipur,Rajasthan,5,21360,0.1,3951.6,UPI
ORD03061,03-07-2025,Aditya Mehta,Furniture,Desk Lamp,Agra,Uttar Pradesh,2,11926,0.08,1812.75,Net Banking
ORD03062,04-03-2025,Arjun Yadav,Furniture,Bookshelf,Agra,Uttar Pradesh,1,21705,0.05,3527.06,Card
ORD03063,12-07-2026,Sneha Verma,Clothing,Jacket,Jaipur,Rajasthan,1,2254,0,495.88,UPI
ORD03064,23-07-2026,Arjun Kaur,Grocery,Atta,Chandigarh,Chandigarh,1,1950,0.02,181.35,Net Banking
ORD03065,27-10-2025,Neha Yadav,Grocery,Pulses,Chandigarh,Chandigarh,1,575,0.1,37.38,Card
ORD03066,30-03-2026,Priya Singh,Grocery,Spices,Ghaziabad,Uttar Pradesh,1,331,0,33.1,UPI
ORD03067,30-10-2025,Vivek Kaur,Electronics,Keyboard,Chandigarh,Chandigarh,3,29484,0.02,3626.53,Card
ORD03068,03-04-2026,Aditya Kumar,Electronics,Smartphone,Chandigarh,Chandigarh,6,193686,0.15,15010.67,Wallet
ORD03069,02-05-2026,Rohit Mehta,Grocery,Cooking Oil,Bengaluru,Karnataka,5,12330,0.15,585.68,Cash
ORD03070,21-02-2026,Vivek Sharma,Grocery,Biscuits,Kolkata,West Bengal,4,6916,0.08,497.95,Wallet
ORD03071,18-01-2025,Tanya Yadav,Grocery,Sugar,Ghaziabad,Uttar Pradesh,3,3507,0,350.7,Card
ORD03072,09-01-2026,Pooja Kaur,Furniture,Bookshelf,Meerut,Uttar Pradesh,6,79482,0.15,10133.95,Wallet
ORD03073,19-03-2025,Simran Verma,Furniture,Filing Cabinet,Meerut,Uttar Pradesh,2,7382,0.1,1070.39,Wallet
ORD03074,05-05-2026,Karan Mehta,Electronics,Printer,Delhi,Delhi,3,138102,0.05,15536.48,UPI
ORD03075,26-03-2025,Anjali Sharma,Electronics,Smartphone,Kota,Rajasthan,6,234312,0,30460.56,UPI
ORD03076,06-03-2026,Rahul Sharma,Electronics,Monitor,Jaipur,Rajasthan,6,329496,0.02,40528.01,Wallet
ORD03077,02-08-2025,Simran Kaur,Electronics,Keyboard,Jaipur,Rajasthan,3,112002,0.1,10640.19,Cash
ORD03078,28-05-2026,Pooja Yadav,Grocery,Sugar,Ghaziabad,Uttar Pradesh,3,3789,0.1,246.28,Net Banking
ORD03079,29-04-2026,Shivam Kumar,Electronics,Keyboard,Noida,Uttar Pradesh,3,113955,0.08,11623.41,Cash
ORD03080,01-02-2026,Vivek Verma,Grocery,Sugar,Chandigarh,Chandigarh,5,8860,0.15,420.85,Card
ORD03081,22-02-2026,Nikhil Yadav,Electronics,Mouse,Noida,Uttar Pradesh,4,183980,0.02,22629.54,Card
ORD03082,30-08-2026,Arjun Kaur,Furniture,Bookshelf,Jaipur,Rajasthan,5,58570,0.05,9517.62,Card
ORD03083,14-07-2026,Riya Sharma,Clothing,T-Shirt,Delhi,Delhi,1,1457,0,320.54,UPI
ORD03084,30-03-2025,Shivam Sharma,Clothing,Dress,Chandigarh,Chandigarh,4,1772,0.05,358.83,Wallet
ORD03085,15-02-2026,Pooja Sharma,Clothing,Jacket,Ghaziabad,Uttar Pradesh,2,8718,0,1917.96,Card
ORD03086,25-07-2025,Rahul Kumar,Furniture,Bookshelf,Jaipur,Rajasthan,6,47472,0.08,7215.74,UPI
ORD03087,26-08-2026,Karan Kumar,Electronics,Laptop,Pune,Maharashtra,1,35093,0.1,3333.84,Wallet
ORD03088,15-02-2025,Arjun Jain,Grocery,Cooking Oil,Chandigarh,Chandigarh,1,1348,0.1,87.62,Card
ORD03089,04-07-2025,Tanya Sharma,Clothing,Dress,Lucknow,Uttar Pradesh,1,3045,0.1,563.33,Wallet
ORD03090,31-03-2026,Nikhil Mehta,Furniture,Office Chair,Lucknow,Uttar Pradesh,6,48174,0.15,6142.19,UPI
ORD03091,26-01-2025,Komal Kumar,Furniture,Sofa,Jaipur,Rajasthan,2,36582,0.15,4664.2,Card
ORD03092,24-12-2025,Shivam Gupta,Furniture,Filing Cabinet,Bengaluru,Karnataka,4,71344,0,12841.92,Net Banking
ORD03093,14-08-2025,Priya Kumar,Clothing,Hoodie,Kota,Rajasthan,1,3146,0.15,526.96,UPI
ORD03094,20-03-2026,Aditya Verma,Clothing,Dress,Mumbai,Maharashtra,2,4606,0,1013.32,Wallet
ORD03095,08-05-2025,Vivek Singh,Grocery,Tea,Meerut,Uttar Pradesh,1,2364,0.1,153.66,Net Banking
ORD03096,30-01-2025,Rohit Mehta,Furniture,Sofa,Jaipur,Rajasthan,6,74784,0.15,9534.96,Net Banking
ORD03097,06-05-2026,Riya Singh,Grocery,Pulses,Chandigarh,Chandigarh,1,2165,0.08,155.88,Wallet
ORD03098,02-01-2026,Rahul Kumar,Furniture,Sofa,Ghaziabad,Uttar Pradesh,4,74600,0.1,10817,Net Banking
ORD03099,08-07-2025,Nikhil Mehta,Furniture,Sofa,Jaipur,Rajasthan,2,40404,0.02,6989.89,Net Banking
ORD03100,11-02-2026,Priya Mehta,Grocery,Rice,Pune,Maharashtra,6,5262,0.08,378.86,Cash
ORD03101,05-07-2026,Tanya Sharma,Furniture,Table,Mumbai,Maharashtra,6,123198,0.15,15707.75,Net Banking
ORD03102,03-07-2026,Rohit Singh,Clothing,Kurta,Pune,Maharashtra,2,5808,0.1,1074.48,Cash
ORD03103,21-03-2026,Anjali Patel,Clothing,Kurta,Kota,Rajasthan,4,16432,0.02,3500.02,Net Banking
ORD03104,14-01-2026,Varun Sharma,Grocery,Tea,Delhi,Delhi,5,4245,0.1,275.93,Cash
ORD03105,22-04-2025,Riya Yadav,Electronics,Monitor,Chandigarh,Chandigarh,3,26334,0.08,2686.07,Net Banking
ORD03106,10-02-2026,Mohit Kumar,Furniture,Desk Lamp,Noida,Uttar Pradesh,2,40280,0.05,6545.5,Wallet
ORD03107,15-03-2026,Amit Sharma,Grocery,Cooking Oil,Bengaluru,Karnataka,1,1343,0.1,87.3,Cash
ORD03108,04-10-2025,Tanya Singh,Electronics,Laptop,Chandigarh,Chandigarh,5,63170,0.05,7106.62,Wallet
ORD03109,27-08-2025,Rahul Singh,Grocery,Pulses,Agra,Uttar Pradesh,6,11856,0,1185.6,Wallet
ORD03110,15-12-2025,Rahul Kumar,Furniture,Office Chair,Noida,Uttar Pradesh,1,24756,0.02,4282.79,Wallet
ORD03111,24-01-2025,Riya Patel,Grocery,Rice,Kota,Rajasthan,3,2340,0.1,152.1,Cash
ORD03112,04-08-2025,Rohit Jain,Furniture,Table,Meerut,Uttar Pradesh,2,13988,0.08,2126.18,UPI
ORD03113,20-07-2025,Rahul Singh,Grocery,Atta,Delhi,Delhi,1,2121,0.15,100.75,Cash
ORD03114,23-09-2025,Shivam Kaur,Furniture,Sofa,Bengaluru,Karnataka,6,88056,0.02,15233.69,Cash
ORD03115,26-01-2025,Anjali Kaur,Furniture,Sofa,Kolkata,West Bengal,6,129654,0.05,21068.78,UPI
ORD03116,23-05-2026,Simran Sharma,Clothing,Jacket,Jaipur,Rajasthan,6,19860,0.08,3813.12,Net Banking
ORD03117,17-01-2026,Karan Gupta,Grocery,Sugar,Agra,Uttar Pradesh,6,7944,0.05,655.38,Cash
ORD03118,04-07-2026,Nikhil Yadav,Electronics,Headphones,Jaipur,Rajasthan,6,172338,0.1,16372.11,Wallet
ORD03119,31-10-2025,Varun Verma,Furniture,Filing Cabinet,Chandigarh,Chandigarh,3,52206,0.02,9031.64,Cash
ORD03120,21-03-2026,Riya Gupta,Grocery,Atta,Ahmedabad,Gujarat,4,8420,0.02,783.06,Wallet
ORD03121,09-01-2026,Komal Kaur,Clothing,Jeans,Meerut,Uttar Pradesh,1,4074,0.08,782.21,UPI
ORD03122,29-07-2026,Pooja Gupta,Clothing,Jeans,Meerut,Uttar Pradesh,6,21876,0.1,4047.06,Cash
ORD03123,03-07-2026,Amit Yadav,Furniture,Filing Cabinet,Jaipur,Rajasthan,5,117130,0.05,19033.62,UPI
ORD03124,02-02-2025,Tanya Singh,Clothing,Jacket,Kolkata,West Bengal,1,3258,0.15,545.72,Wallet
ORD03125,14-04-2026,Pooja Gupta,Clothing,Shoes,Kota,Rajasthan,2,734,0,161.48,Card
ORD03126,21-08-2025,Aditya Singh,Furniture,Desk Lamp,Delhi,Delhi,6,96702,0.08,14698.7,Wallet
ORD03127,30-07-2026,Rahul Kumar,Clothing,Jacket,Bengaluru,Karnataka,3,1017,0.02,216.62,Net Banking
ORD03128,09-02-2025,Neha Sharma,Furniture,Bookshelf,Mumbai,Maharashtra,3,13206,0.05,2145.97,Cash
ORD03129,16-11-2025,Pooja Yadav,Clothing,T-Shirt,Bengaluru,Karnataka,2,9812,0,2158.64,Card
ORD03130,27-08-2025,Karan Kaur,Electronics,Keyboard,Kota,Rajasthan,5,89775,0.15,6957.56,Wallet
ORD03131,26-05-2025,Karan Yadav,Clothing,Jeans,Noida,Uttar Pradesh,6,6738,0,1482.36,Wallet
ORD03132,09-07-2025,Sneha Gupta,Electronics,Headphones,Ahmedabad,Gujarat,2,53772,0.05,6049.35,Card
ORD03133,22-02-2025,Komal Yadav,Grocery,Spices,Meerut,Uttar Pradesh,6,8928,0,892.8,Net Banking
ORD03134,25-12-2025,Mohit Gupta,Furniture,Desk Lamp,Ghaziabad,Uttar Pradesh,5,121130,0.15,15444.08,Cash
ORD03135,24-03-2025,Shivam Verma,Electronics,Headphones,Bengaluru,Karnataka,4,13140,0.1,1248.3,Cash
ORD03136,19-12-2025,Mohit Yadav,Electronics,Monitor,Kota,Rajasthan,6,358230,0.05,40300.88,Card
ORD03137,10-07-2025,Varun Kumar,Grocery,Rice,Kolkata,West Bengal,4,2540,0.08,182.88,Net Banking
ORD03138,08-04-2025,Neha Kumar,Grocery,Sugar,Ghaziabad,Uttar Pradesh,4,4416,0.08,317.95,Cash
ORD03139,21-09-2025,Rohit Singh,Grocery,Biscuits,Jaipur,Rajasthan,6,4578,0.08,329.62,Net Banking
ORD03140,29-03-2026,Riya Singh,Electronics,Headphones,Mumbai,Maharashtra,1,34099,0.15,2642.67,UPI
ORD03141,18-03-2026,Karan Sharma,Electronics,Tablet,Pune,Maharashtra,2,12188,0.1,1157.86,Card
ORD03142,15-11-2025,Anjali Sharma,Clothing,T-Shirt,Jaipur,Rajasthan,6,26082,0,5738.04,Cash
ORD03143,28-03-2026,Karan Kumar,Furniture,Table,Bengaluru,Karnataka,6,147060,0.08,22353.12,Card
ORD03144,28-06-2026,Amit Gupta,Furniture,Bookshelf,Kolkata,West Bengal,2,36400,0.1,5278,Wallet
ORD03145,05-06-2025,Amit Singh,Clothing,Hoodie,Noida,Uttar Pradesh,6,16140,0.15,2703.45,Cash
ORD03146,29-05-2025,Varun Singh,Furniture,Sofa,Lucknow,Uttar Pradesh,3,6939,0.15,884.72,Card
ORD03147,15-01-2026,Sneha Mehta,Electronics,Mouse,Lucknow,Uttar Pradesh,2,62984,0.05,7085.7,Net Banking
ORD03148,06-12-2025,Vivek Patel,Furniture,Desk Lamp,Pune,Maharashtra,1,4411,0.15,562.4,UPI
ORD03149,27-07-2025,Vivek Verma,Clothing,Dress,Lucknow,Uttar Pradesh,2,1992,0.1,368.52,Net Banking
ORD03150,10-06-2025,Shivam Kaur,Clothing,Jeans,Kolkata,West Bengal,1,612,0.15,102.51,Net Banking
ORD03151,22-08-2026,Rohit Kaur,Electronics,Monitor,Agra,Uttar Pradesh,1,27338,0.02,3362.57,Wallet
ORD03152,07-08-2025,Arjun Jain,Furniture,Sofa,Kolkata,West Bengal,3,8712,0.08,1324.22,UPI
ORD03153,24-02-2025,Komal Kaur,Grocery,Atta,Bengaluru,Karnataka,5,2105,0.15,99.99,Card
ORD03154,11-02-2026,Shivam Kumar,Furniture,Table,Noida,Uttar Pradesh,5,94100,0.02,16279.3,Cash
ORD03155,27-04-2025,Rahul Yadav,Grocery,Sugar,Bengaluru,Karnataka,4,7448,0.08,536.26,Card
ORD03156,24-03-2025,Mohit Verma,Grocery,Pulses,Delhi,Delhi,4,5104,0.05,421.08,UPI
ORD03157,07-01-2025,Neha Mehta,Clothing,Jacket,Agra,Uttar Pradesh,1,384,0.02,81.79,Wallet
ORD03158,07-08-2025,Vivek Yadav,Furniture,Desk Lamp,Kota,Rajasthan,5,104420,0,18795.6,UPI
ORD03159,11-02-2026,Amit Verma,Furniture,Desk Lamp,Agra,Uttar Pradesh,5,69495,0.08,10563.24,UPI
ORD03160,22-02-2026,Sneha Yadav,Clothing,T-Shirt,Pune,Maharashtra,6,11910,0.05,2411.78,Cash
ORD03161,09-04-2025,Amit Kumar,Electronics,Keyboard,Ghaziabad,Uttar Pradesh,4,144404,0.1,13718.38,Card
ORD03162,13-04-2025,Karan Verma,Furniture,Sofa,Meerut,Uttar Pradesh,1,2388,0.05,388.05,Cash
ORD03163,02-06-2025,Rahul Kumar,Grocery,Rice,Noida,Uttar Pradesh,5,6755,0.02,628.22,Card
ORD03164,18-07-2026,Pooja Kumar,Furniture,Bookshelf,Kolkata,West Bengal,2,12990,0,2338.2,Net Banking
ORD03165,01-09-2025,Varun Patel,Electronics,Tablet,Ghaziabad,Uttar Pradesh,4,222888,0,28975.44,UPI
ORD03166,07-06-2026,Shivam Gupta,Grocery,Sugar,Chandigarh,Chandigarh,4,524,0.08,37.73,Net Banking
ORD03167,29-12-2025,Neha Kumar,Grocery,Pulses,Meerut,Uttar Pradesh,1,255,0,25.5,Cash
ORD03168,21-03-2026,Karan Gupta,Electronics,Laptop,Kota,Rajasthan,1,30533,0,3969.29,Wallet
ORD03169,25-11-2025,Rohit Singh,Clothing,Hoodie,Kolkata,West Bengal,1,4667,0.1,863.39,Card
ORD03170,22-08-2026,Priya Patel,Grocery,Rice,Mumbai,Maharashtra,3,1233,0,123.3,Cash
ORD03171,29-04-2026,Neha Patel,Clothing,Jacket,Lucknow,Uttar Pradesh,3,11229,0.1,2077.36,Net Banking
ORD03172,15-03-2026,Aditya Kumar,Clothing,Jacket,Jaipur,Rajasthan,1,1824,0.08,350.21,Card
ORD03173,29-05-2026,Komal Mehta,Grocery,Pulses,Chandigarh,Chandigarh,6,3336,0.15,158.46,Card
ORD03174,18-05-2025,Riya Mehta,Grocery,Sugar,Pune,Maharashtra,3,5163,0,516.3,Net Banking
ORD03175,15-04-2026,Rohit Verma,Furniture,Office Chair,Agra,Uttar Pradesh,3,51003,0.02,8823.52,Wallet
ORD03176,24-05-2025,Pooja Gupta,Grocery,Tea,Ahmedabad,Gujarat,1,759,0.15,36.05,Net Banking
ORD03177,30-06-2025,Aditya Mehta,Electronics,Headphones,Lucknow,Uttar Pradesh,4,234592,0.08,23928.38,Card
ORD03178,14-04-2026,Nikhil Kumar,Furniture,Office Chair,Lucknow,Uttar Pradesh,6,26514,0,4772.52,Cash
ORD03179,30-10-2025,Komal Verma,Furniture,Filing Cabinet,Bengaluru,Karnataka,1,13074,0.02,2261.8,UPI
ORD03180,28-01-2025,Simran Mehta,Grocery,Spices,Ghaziabad,Uttar Pradesh,4,4608,0.08,331.78,Cash
ORD03181,10-08-2025,Riya Jain,Grocery,Spices,Pune,Maharashtra,5,10290,0,1029,Wallet
ORD03182,14-05-2026,Tanya Verma,Furniture,Office Chair,Delhi,Delhi,3,55608,0.02,9620.18,Net Banking
ORD03183,05-07-2025,Neha Patel,Furniture,Filing Cabinet,Ahmedabad,Gujarat,1,12089,0.1,1752.9,UPI
ORD03184,17-08-2025,Simran Kumar,Furniture,Sofa,Delhi,Delhi,4,46428,0.1,6732.06,UPI
ORD03185,07-04-2025,Priya Jain,Clothing,T-Shirt,Jaipur,Rajasthan,6,8934,0.1,1652.79,Net Banking
ORD03186,08-05-2025,Komal Verma,Furniture,Table,Mumbai,Maharashtra,2,20000,0.08,3040,UPI
ORD03187,24-02-2025,Aditya Yadav,Electronics,Monitor,Kota,Rajasthan,6,232992,0.08,23765.18,Net Banking
ORD03188,05-04-2026,Tanya Patel,Clothing,Hoodie,Pune,Maharashtra,4,10532,0.1,1948.42,UPI
ORD03189,08-05-2025,Rohit Gupta,Clothing,Jeans,Ahmedabad,Gujarat,2,2344,0.08,450.05,Wallet
ORD03190,08-04-2025,Varun Patel,Grocery,Biscuits,Jaipur,Rajasthan,3,6588,0.15,312.93,Wallet
ORD03191,17-11-2025,Nikhil Verma,Electronics,Laptop,Jaipur,Rajasthan,1,32877,0.02,4043.87,UPI
ORD03192,18-04-2026,Mohit Yadav,Grocery,Sugar,Ahmedabad,Gujarat,1,768,0.1,49.92,Net Banking
ORD03193,09-11-2025,Tanya Mehta,Furniture,Filing Cabinet,Ahmedabad,Gujarat,4,16744,0.08,2545.09,Card
ORD03194,28-08-2026,Shivam Patel,Grocery,Cooking Oil,Noida,Uttar Pradesh,5,4725,0.1,307.12,UPI
ORD03195,14-01-2025,Aditya Kumar,Grocery,Atta,Chandigarh,Chandigarh,1,546,0.02,50.78,Net Banking
ORD03196,03-02-2026,Karan Verma,Grocery,Biscuits,Ghaziabad,Uttar Pradesh,6,4698,0,469.8,Net Banking
ORD03197,04-12-2025,Simran Patel,Electronics,Mouse,Noida,Uttar Pradesh,4,163332,0.1,15516.54,UPI
ORD03198,06-09-2025,Aditya Singh,Electronics,Headphones,Chandigarh,Chandigarh,5,276545,0,35950.85,Wallet
ORD03199,31-05-2026,Karan Yadav,Clothing,Dress,Lucknow,Uttar Pradesh,3,13578,0.05,2749.55,Net Banking
ORD03200,06-06-2025,Aditya Gupta,Furniture,Filing Cabinet,Pune,Maharashtra,5,93810,0,16885.8,Card
ORD03201,06-10-2025,Priya Patel,Furniture,Table,Agra,Uttar Pradesh,3,12804,0.08,1946.21,Card
ORD03202,08-03-2026,Arjun Kumar,Clothing,Kurta,Noida,Uttar Pradesh,6,14286,0.08,2742.91,Card
ORD03203,10-07-2026,Riya Verma,Furniture,Sofa,Kolkata,West Bengal,1,4781,0.15,609.58,Wallet
ORD03204,23-07-2026,Simran Yadav,Clothing,Jacket,Lucknow,Uttar Pradesh,1,2003,0.15,335.5,Card
ORD03205,06-09-2025,Rahul Kaur,Electronics,Smartphone,Jaipur,Rajasthan,2,102908,0,13378.04,Wallet
ORD03206,25-08-2026,Nikhil Gupta,Grocery,Biscuits,Kolkata,West Bengal,5,1340,0.15,63.65,Cash
ORD03207,30-06-2025,Rohit Kaur,Grocery,Atta,Bengaluru,Karnataka,3,633,0.1,41.15,Net Banking
ORD03208,05-06-2026,Priya Kumar,Furniture,Bookshelf,Bengaluru,Karnataka,1,14514,0.08,2206.13,Card
ORD03209,30-01-2025,Aditya Singh,Furniture,Desk Lamp,Kota,Rajasthan,2,29700,0.08,4514.4,UPI
ORD03210,04-07-2025,Vivek Singh,Grocery,Sugar,Chandigarh,Chandigarh,3,375,0.15,17.81,Card
ORD03211,22-06-2026,Karan Sharma,Furniture,Filing Cabinet,Ahmedabad,Gujarat,3,11646,0.15,1484.87,Net Banking
ORD03212,12-11-2025,Rahul Kumar,Furniture,Table,Chandigarh,Chandigarh,2,30034,0.05,4880.53,Wallet
ORD03213,21-07-2026,Simran Singh,Electronics,Headphones,Lucknow,Uttar Pradesh,3,34866,0.05,3922.43,UPI
ORD03214,12-11-2025,Sneha Mehta,Furniture,Filing Cabinet,Lucknow,Uttar Pradesh,2,25706,0,4627.08,Cash
ORD03215,08-03-2025,Anjali Mehta,Electronics,Monitor,Bengaluru,Karnataka,6,206004,0.08,21012.41,Cash
ORD03216,17-07-2025,Tanya Jain,Electronics,Headphones,Noida,Uttar Pradesh,3,99117,0.05,11150.66,Wallet
ORD03217,18-05-2025,Vivek Yadav,Electronics,Mouse,Kota,Rajasthan,1,21566,0.05,2426.18,UPI
ORD03218,28-01-2025,Pooja Yadav,Electronics,Keyboard,Jaipur,Rajasthan,1,44338,0,5763.94,Net Banking
ORD03219,28-06-2025,Karan Kaur,Clothing,Kurta,Lucknow,Uttar Pradesh,2,3474,0,764.28,Net Banking
ORD03220,27-06-2025,Arjun Patel,Grocery,Spices,Pune,Maharashtra,6,10884,0.1,707.46,Cash
ORD03221,14-09-2025,Priya Kumar,Furniture,Table,Mumbai,Maharashtra,4,15424,0.1,2236.48,Wallet
ORD03222,09-11-2025,Neha Gupta,Furniture,Desk Lamp,Bengaluru,Karnataka,1,21152,0.02,3659.3,Card
ORD03223,12-07-2025,Simran Mehta,Clothing,T-Shirt,Jaipur,Rajasthan,4,7020,0.1,1298.7,Card
ORD03224,24-08-2025,Karan Gupta,Furniture,Bookshelf,Bengaluru,Karnataka,5,92275,0.1,13379.87,Card
ORD03225,23-03-2026,Tanya Gupta,Grocery,Biscuits,Noida,Uttar Pradesh,6,13422,0.08,966.38,UPI
ORD03226,13-09-2025,Varun Singh,Grocery,Biscuits,Kolkata,West Bengal,3,2397,0.05,197.75,Net Banking
ORD03227,03-10-2025,Pooja Yadav,Furniture,Desk Lamp,Agra,Uttar Pradesh,3,4446,0.08,675.79,UPI
ORD03228,18-01-2026,Tanya Gupta,Clothing,Jeans,Kolkata,West Bengal,5,22920,0.1,4240.2,Net Banking
ORD03229,09-03-2026,Vivek Yadav,Electronics,Mouse,Pune,Maharashtra,4,213860,0.1,20316.7,Card
ORD03230,15-02-2025,Simran Kaur,Clothing,Kurta,Noida,Uttar Pradesh,4,14464,0.05,2928.96,UPI
ORD03231,08-10-2025,Neha Jain,Furniture,Office Chair,Delhi,Delhi,5,100450,0.05,16323.12,Wallet
ORD03232,22-01-2026,Komal Mehta,Grocery,Sugar,Lucknow,Uttar Pradesh,3,5178,0.15,245.96,Net Banking
ORD03233,20-04-2025,Sneha Sharma,Grocery,Tea,Kota,Rajasthan,1,1753,0.15,83.27,Net Banking
ORD03234,26-03-2025,Priya Sharma,Electronics,Monitor,Ahmedabad,Gujarat,3,123936,0.08,12641.47,Card
ORD03235,06-02-2026,Aditya Yadav,Clothing,Hoodie,Chandigarh,Chandigarh,4,4560,0.05,923.4,Net Banking
ORD03236,10-07-2026,Komal Mehta,Grocery,Biscuits,Delhi,Delhi,6,8802,0,880.2,UPI
ORD03237,31-07-2026,Arjun Verma,Electronics,Tablet,Kota,Rajasthan,6,118626,0.05,13345.43,Cash
ORD03238,14-06-2026,Anjali Sharma,Furniture,Bookshelf,Pune,Maharashtra,6,90312,0.1,13095.24,Cash
ORD03239,23-02-2026,Shivam Verma,Clothing,Hoodie,Delhi,Delhi,6,18270,0.08,3507.84,Net Banking
ORD03240,29-07-2026,Nikhil Kumar,Clothing,Jacket,Delhi,Delhi,2,4930,0.02,1050.09,Net Banking
ORD03241,04-02-2025,Neha Yadav,Furniture,Bookshelf,Kolkata,West Bengal,4,19500,0.05,3168.75,UPI
ORD03242,26-06-2025,Riya Gupta,Furniture,Desk Lamp,Agra,Uttar Pradesh,6,101232,0.08,15387.26,Wallet
ORD03243,22-10-2025,Shivam Verma,Electronics,Tablet,Kolkata,West Bengal,2,69002,0.15,5347.66,Net Banking
ORD03244,15-08-2025,Rahul Kumar,Electronics,Tablet,Ghaziabad,Uttar Pradesh,3,102492,0.05,11530.35,UPI
ORD03245,08-12-2025,Priya Patel,Electronics,Keyboard,Kota,Rajasthan,5,192430,0.08,19627.86,Card
ORD03246,31-05-2025,Aditya Kaur,Electronics,Headphones,Bengaluru,Karnataka,5,284690,0.05,32027.62,Cash
ORD03247,01-03-2026,Neha Sharma,Grocery,Pulses,Delhi,Delhi,2,3332,0.05,274.89,Card
ORD03248,22-09-2025,Riya Jain,Grocery,Sugar,Lucknow,Uttar Pradesh,3,3696,0.02,343.73,Wallet
ORD03249,04-06-2025,Pooja Verma,Grocery,Sugar,Ghaziabad,Uttar Pradesh,1,2280,0,228,Cash
ORD03250,14-08-2025,Rohit Kaur,Grocery,Spices,Noida,Uttar Pradesh,4,1100,0.08,79.2,Cash
ORD03251,27-06-2025,Nikhil Singh,Clothing,Hoodie,Agra,Uttar Pradesh,4,16324,0.08,3134.21,Net Banking
ORD03252,12-02-2025,Komal Patel,Furniture,Sofa,Kota,Rajasthan,5,55305,0.15,7051.39,Wallet
ORD03253,07-10-2025,Vivek Verma,Grocery,Pulses,Lucknow,Uttar Pradesh,4,6452,0.1,419.38,Cash
ORD03254,16-04-2026,Simran Sharma,Clothing,Jeans,Pune,Maharashtra,3,5574,0.08,1070.21,Card
ORD03255,16-10-2025,Rahul Gupta,Grocery,Spices,Kota,Rajasthan,4,9452,0.08,680.54,Card
ORD03256,12-11-2025,Tanya Kaur,Electronics,Printer,Jaipur,Rajasthan,4,95380,0,12399.4,Cash
ORD03257,01-08-2025,Pooja Sharma,Furniture,Bookshelf,Noida,Uttar Pradesh,1,11190,0.08,1700.88,Wallet
ORD03258,12-10-2025,Amit Mehta,Electronics,Laptop,Bengaluru,Karnataka,6,21888,0.1,2079.36,Cash
ORD03259,25-10-2025,Simran Yadav,Grocery,Biscuits,Chandigarh,Chandigarh,5,3470,0.02,322.71,Card
ORD03260,17-12-2025,Arjun Verma,Clothing,Dress,Bengaluru,Karnataka,4,13172,0.02,2805.64,Card
ORD03261,24-09-2025,Sneha Sharma,Grocery,Spices,Delhi,Delhi,6,810,0,81,Wallet
ORD03262,22-08-2026,Mohit Mehta,Electronics,Monitor,Delhi,Delhi,6,100140,0.05,11265.75,UPI
ORD03263,15-07-2026,Rohit Yadav,Electronics,Tablet,Ahmedabad,Gujarat,3,17595,0,2287.35,Wallet
ORD03264,20-03-2025,Vivek Gupta,Furniture,Filing Cabinet,Kota,Rajasthan,3,41895,0.08,6368.04,Net Banking
ORD03265,14-05-2026,Rahul Gupta,Grocery,Spices,Noida,Uttar Pradesh,5,8760,0.1,569.4,Net Banking
ORD03266,31-05-2025,Tanya Sharma,Grocery,Spices,Bengaluru,Karnataka,6,9900,0.1,643.5,Cash
ORD03267,19-01-2026,Rahul Jain,Furniture,Bookshelf,Jaipur,Rajasthan,3,61419,0.1,8905.75,Wallet
ORD03268,26-08-2025,Rahul Singh,Electronics,Headphones,Chandigarh,Chandigarh,2,93130,0.02,11454.99,Wallet
ORD03269,12-10-2025,Aditya Verma,Furniture,Sofa,Jaipur,Rajasthan,3,4104,0.05,666.9,Wallet
ORD03270,30-12-2025,Priya Verma,Grocery,Atta,Meerut,Uttar Pradesh,1,1117,0,111.7,UPI
ORD03271,07-04-2026,Karan Verma,Grocery,Spices,Delhi,Delhi,3,6192,0.05,510.84,Wallet
ORD03272,14-12-2025,Arjun Gupta,Electronics,Headphones,Kota,Rajasthan,6,294834,0.1,28009.23,Net Banking
ORD03273,02-12-2025,Tanya Gupta,Clothing,Hoodie,Lucknow,Uttar Pradesh,2,642,0.02,136.75,Cash
ORD03274,20-08-2025,Komal Kaur,Electronics,Laptop,Chandigarh,Chandigarh,6,69060,0.15,5352.15,Card
ORD03275,14-11-2025,Aditya Kaur,Clothing,T-Shirt,Mumbai,Maharashtra,6,21768,0.08,4179.46,Cash
ORD03276,02-06-2026,Pooja Sharma,Electronics,Mouse,Noida,Uttar Pradesh,2,49232,0,6400.16,Card
ORD03277,22-11-2025,Varun Kumar,Clothing,Kurta,Agra,Uttar Pradesh,2,4982,0.08,956.54,Cash
ORD03278,21-06-2025,Rohit Kaur,Furniture,Desk Lamp,Mumbai,Maharashtra,5,63745,0.15,8127.49,Wallet
ORD03279,20-06-2026,Vivek Kumar,Clothing,Jacket,Pune,Maharashtra,5,3870,0.1,715.95,Card
ORD03280,17-04-2026,Mohit Patel,Grocery,Biscuits,Agra,Uttar Pradesh,5,2665,0.08,191.88,Card
ORD03281,15-11-2025,Varun Patel,Furniture,Desk Lamp,Ghaziabad,Uttar Pradesh,1,20054,0.02,3469.34,UPI
ORD03282,30-01-2026,Pooja Gupta,Electronics,Laptop,Ghaziabad,Uttar Pradesh,5,24305,0.05,2734.31,Card
ORD03283,14-01-2026,Shivam Kaur,Furniture,Bookshelf,Meerut,Uttar Pradesh,1,23381,0.1,3390.24,Card
ORD03284,08-06-2025,Aditya Verma,Electronics,Monitor,Meerut,Uttar Pradesh,1,34351,0.05,3864.49,Cash
ORD03285,21-07-2025,Karan Kumar,Electronics,Monitor,Lucknow,Uttar Pradesh,6,161502,0,20995.26,Cash
ORD03286,17-08-2025,Amit Verma,Clothing,Jacket,Ghaziabad,Uttar Pradesh,1,814,0.05,164.84,UPI
ORD03287,01-04-2025,Rohit Sharma,Clothing,Jacket,Delhi,Delhi,4,15648,0.1,2894.88,Wallet
ORD03288,17-11-2025,Anjali Kaur,Grocery,Biscuits,Pune,Maharashtra,5,6605,0.15,313.74,Net Banking
ORD03289,03-05-2025,Varun Singh,Grocery,Sugar,Chandigarh,Chandigarh,3,4239,0.05,349.72,Wallet
ORD03290,01-10-2025,Anjali Singh,Electronics,Keyboard,Jaipur,Rajasthan,5,284045,0.1,26984.28,UPI
ORD03291,06-03-2026,Rohit Mehta,Grocery,Tea,Bengaluru,Karnataka,1,501,0,50.1,Net Banking
ORD03292,16-05-2025,Arjun Gupta,Electronics,Laptop,Delhi,Delhi,6,289350,0.1,27488.25,Card
ORD03293,09-05-2025,Neha Kumar,Electronics,Tablet,Mumbai,Maharashtra,2,55908,0.1,5311.26,Net Banking
ORD03294,06-08-2026,Riya Singh,Clothing,Dress,Jaipur,Rajasthan,2,6842,0.1,1265.77,UPI
ORD03295,30-03-2025,Rahul Sharma,Furniture,Filing Cabinet,Lucknow,Uttar Pradesh,4,78292,0.15,9982.23,Cash
ORD03296,27-12-2025,Aditya Singh,Furniture,Table,Bengaluru,Karnataka,6,129318,0.15,16488.05,Card
ORD03297,01-02-2025,Amit Kaur,Grocery,Rice,Chandigarh,Chandigarh,2,1452,0.02,135.04,Cash
ORD03298,15-07-2025,Varun Kaur,Clothing,Kurta,Kota,Rajasthan,6,8130,0.05,1646.33,UPI
ORD03299,10-07-2025,Amit Yadav,Furniture,Desk Lamp,Agra,Uttar Pradesh,1,10474,0.05,1702.03,Wallet
ORD03300,25-01-2026,Amit Gupta,Electronics,Keyboard,Bengaluru,Karnataka,5,133885,0,17405.05,Wallet
ORD03301,05-03-2026,Mohit Gupta,Electronics,Keyboard,Kolkata,West Bengal,2,35560,0,4622.8,Net Banking
ORD03302,17-08-2026,Rahul Gupta,Clothing,Shoes,Kolkata,West Bengal,4,12376,0,2722.72,UPI
ORD03303,06-02-2025,Rohit Mehta,Clothing,Shoes,Jaipur,Rajasthan,6,14556,0.02,3100.43,Cash
ORD03304,27-07-2026,Aditya Jain,Clothing,Shoes,Kolkata,West Bengal,2,4212,0.1,779.22,Wallet
ORD03305,30-07-2025,Riya Sharma,Grocery,Spices,Agra,Uttar Pradesh,4,4212,0,421.2,Net Banking
ORD03306,11-04-2025,Pooja Jain,Furniture,Table,Ahmedabad,Gujarat,5,7770,0,1398.6,Net Banking
ORD03307,03-04-2026,Priya Patel,Electronics,Headphones,Kota,Rajasthan,5,93795,0.15,7269.11,Wallet
ORD03308,05-05-2025,Simran Jain,Electronics,Mouse,Mumbai,Maharashtra,1,14186,0.05,1595.92,Wallet
ORD03309,07-08-2026,Vivek Gupta,Clothing,Dress,Ghaziabad,Uttar Pradesh,5,8400,0.15,1407,UPI
ORD03310,06-01-2026,Karan Gupta,Electronics,Headphones,Kota,Rajasthan,5,242555,0,31532.15,Net Banking
ORD03311,23-02-2026,Aditya Verma,Furniture,Desk Lamp,Ghaziabad,Uttar Pradesh,5,62720,0,11289.6,UPI
ORD03312,09-01-2025,Varun Gupta,Clothing,Dress,Ghaziabad,Uttar Pradesh,2,7052,0.08,1353.98,Wallet
ORD03313,02-06-2025,Shivam Singh,Grocery,Spices,Ahmedabad,Gujarat,3,4908,0.15,233.13,Cash
ORD03314,02-01-2025,Rohit Jain,Furniture,Table,Mumbai,Maharashtra,2,48582,0.1,7044.39,Card
ORD03315,07-06-2026,Komal Yadav,Furniture,Table,Agra,Uttar Pradesh,2,4334,0.08,658.77,Net Banking
ORD03316,23-05-2026,Komal Sharma,Clothing,Dress,Ahmedabad,Gujarat,4,17088,0.08,3280.9,Wallet
ORD03317,03-10-2025,Simran Patel,Grocery,Tea,Agra,Uttar Pradesh,5,4880,0.08,351.36,Cash
ORD03318,25-07-2025,Priya Kaur,Grocery,Biscuits,Meerut,Uttar Pradesh,1,1026,0.05,84.65,Cash
ORD03319,12-06-2025,Komal Patel,Clothing,Dress,Kolkata,West Bengal,6,18006,0.1,3331.11,Net Banking
ORD03320,07-03-2025,Vivek Jain,Clothing,Kurta,Chandigarh,Chandigarh,4,10256,0,2256.32,Net Banking
ORD03321,01-05-2025,Tanya Patel,Furniture,Sofa,Kota,Rajasthan,3,14226,0.15,1813.82,Net Banking
ORD03322,21-02-2026,Mohit Yadav,Grocery,Tea,Agra,Uttar Pradesh,2,2356,0.1,153.14,UPI
ORD03323,17-02-2026,Sneha Jain,Clothing,Hoodie,Bengaluru,Karnataka,4,11380,0,2503.6,Wallet
ORD03324,31-07-2025,Mohit Jain,Grocery,Sugar,Chandigarh,Chandigarh,1,284,0.1,18.46,Card
ORD03325,29-03-2025,Anjali Patel,Electronics,Monitor,Jaipur,Rajasthan,2,110922,0,14419.86,Net Banking
ORD03326,15-10-2025,Varun Verma,Furniture,Table,Lucknow,Uttar Pradesh,2,9874,0.1,1431.73,Cash
ORD03327,05-08-2026,Komal Gupta,Furniture,Sofa,Jaipur,Rajasthan,4,75720,0,13629.6,Net Banking
ORD03328,04-02-2025,Simran Sharma,Electronics,Monitor,Kolkata,West Bengal,6,347364,0.1,32999.58,Card
ORD03329,13-08-2025,Sneha Verma,Furniture,Bookshelf,Mumbai,Maharashtra,1,3158,0.05,513.18,Cash
ORD03330,01-12-2025,Simran Gupta,Grocery,Spices,Chandigarh,Chandigarh,4,2028,0.05,167.31,Net Banking
ORD03331,11-02-2025,Tanya Mehta,Electronics,Smartphone,Ghaziabad,Uttar Pradesh,5,53540,0.08,5461.08,Net Banking
ORD03332,20-05-2025,Amit Yadav,Clothing,Dress,Ahmedabad,Gujarat,4,5712,0.08,1096.7,Card
ORD03333,06-06-2025,Komal Yadav,Grocery,Tea,Pune,Maharashtra,5,1685,0,168.5,Net Banking
ORD03334,13-02-2025,Arjun Kumar,Grocery,Atta,Kolkata,West Bengal,5,7860,0.15,373.35,Cash
ORD03335,09-09-2025,Rahul Kaur,Clothing,Dress,Ahmedabad,Gujarat,6,12486,0.1,2309.91,Net Banking
ORD03336,12-06-2025,Riya Singh,Clothing,Hoodie,Agra,Uttar Pradesh,5,7180,0,1579.6,Net Banking
ORD03337,09-06-2026,Simran Gupta,Clothing,Jeans,Pune,Maharashtra,3,10671,0.08,2048.83,Net Banking
ORD03338,08-05-2026,Anjali Kumar,Electronics,Printer,Mumbai,Maharashtra,5,257525,0,33478.25,Wallet
ORD03339,12-03-2025,Neha Patel,Electronics,Monitor,Kota,Rajasthan,4,100608,0.05,11318.4,Cash
ORD03340,30-07-2025,Rohit Mehta,Clothing,T-Shirt,Kolkata,West Bengal,3,4959,0.05,1004.2,Cash
ORD03341,11-12-2025,Shivam Kaur,Furniture,Desk Lamp,Kolkata,West Bengal,6,52872,0.1,7666.44,Cash
ORD03342,20-08-2026,Amit Kaur,Grocery,Pulses,Jaipur,Rajasthan,3,4899,0.05,404.17,UPI
ORD03343,04-08-2025,Vivek Verma,Clothing,Jacket,Lucknow,Uttar Pradesh,6,14742,0.15,2469.29,Net Banking
ORD03344,28-06-2025,Neha Sharma,Grocery,Pulses,Noida,Uttar Pradesh,3,5283,0.1,343.4,Wallet
ORD03345,04-09-2025,Vivek Kumar,Clothing,Hoodie,Pune,Maharashtra,1,4288,0.08,823.3,Cash
ORD03346,22-02-2025,Amit Kumar,Furniture,Bookshelf,Pune,Maharashtra,4,64360,0,11584.8,UPI
ORD03347,22-10-2025,Tanya Gupta,Clothing,Dress,Lucknow,Uttar Pradesh,4,16104,0.02,3430.15,Card
ORD03348,27-06-2025,Mohit Yadav,Electronics,Headphones,Chandigarh,Chandigarh,5,161515,0.02,19866.35,Net Banking
ORD03349,04-10-2025,Aditya Gupta,Clothing,Shoes,Lucknow,Uttar Pradesh,1,2128,0.05,430.92,UPI
ORD03350,18-11-2025,Neha Verma,Grocery,Biscuits,Bengaluru,Karnataka,3,5985,0.02,556.61,Card
ORD03351,20-08-2026,Mohit Kaur,Clothing,Jacket,Agra,Uttar Pradesh,5,2220,0.15,371.85,Wallet
ORD03352,23-02-2026,Riya Sharma,Clothing,Hoodie,Kota,Rajasthan,3,13224,0,2909.28,Card
ORD03353,21-06-2025,Karan Verma,Clothing,Dress,Bengaluru,Karnataka,1,1884,0.08,361.73,Cash
ORD03354,15-09-2025,Riya Patel,Grocery,Rice,Lucknow,Uttar Pradesh,1,1984,0,198.4,Net Banking
ORD03355,16-05-2026,Karan Gupta,Electronics,Headphones,Chandigarh,Chandigarh,4,177888,0.1,16899.36,UPI
ORD03356,15-06-2026,Pooja Kaur,Clothing,Dress,Agra,Uttar Pradesh,5,15425,0,3393.5,Cash
ORD03357,18-04-2026,Rahul Verma,Clothing,Dress,Kolkata,West Bengal,4,2412,0,530.64,Wallet
ORD03358,01-02-2025,Amit Kumar,Grocery,Cooking Oil,Delhi,Delhi,1,1964,0.05,162.03,Net Banking
ORD03359,04-10-2025,Shivam Sharma,Electronics,Tablet,Kota,Rajasthan,5,262055,0.15,20309.26,Net Banking
ORD03360,11-04-2025,Riya Singh,Grocery,Atta,Mumbai,Maharashtra,3,4095,0.15,194.51,UPI
ORD03361,11-03-2026,Sneha Mehta,Clothing,Kurta,Kolkata,West Bengal,2,9604,0.1,1776.74,Card
ORD03362,12-01-2026,Mohit Jain,Clothing,Jeans,Kolkata,West Bengal,4,17148,0.02,3652.52,Wallet
ORD03363,17-05-2025,Varun Jain,Grocery,Rice,Kota,Rajasthan,1,1941,0.02,180.51,Card
ORD03364,20-04-2025,Pooja Patel,Clothing,Hoodie,Noida,Uttar Pradesh,2,4376,0.05,886.14,UPI
ORD03365,14-11-2025,Arjun Kaur,Electronics,Headphones,Ghaziabad,Uttar Pradesh,1,40157,0.08,4096.01,Cash
ORD03366,07-05-2026,Shivam Mehta,Furniture,Sofa,Jaipur,Rajasthan,6,49038,0.05,7968.68,Net Banking
ORD03367,12-01-2025,Amit Kaur,Electronics,Headphones,Mumbai,Maharashtra,1,13446,0.15,1042.07,Card
ORD03368,07-06-2025,Riya Sharma,Clothing,Hoodie,Bengaluru,Karnataka,4,13152,0.1,2433.12,Wallet
ORD03369,28-04-2026,Shivam Gupta,Furniture,Bookshelf,Meerut,Uttar Pradesh,6,86406,0.02,14948.24,UPI
ORD03370,21-08-2026,Rohit Kumar,Furniture,Desk Lamp,Ahmedabad,Gujarat,5,67950,0.08,10328.4,Card
ORD03371,20-06-2025,Anjali Singh,Furniture,Table,Kolkata,West Bengal,2,6550,0.05,1064.38,Net Banking
ORD03372,14-07-2026,Shivam Singh,Electronics,Monitor,Pune,Maharashtra,4,209416,0.15,16229.74,Cash
ORD03373,07-10-2025,Riya Yadav,Clothing,Shoes,Kolkata,West Bengal,3,11994,0.05,2428.79,Card
ORD03374,20-03-2025,Rohit Jain,Furniture,Bookshelf,Bengaluru,Karnataka,3,29940,0.05,4865.25,UPI
ORD03375,08-06-2026,Rahul Yadav,Clothing,T-Shirt,Ghaziabad,Uttar Pradesh,4,15948,0.02,3396.92,Card
ORD03376,13-04-2025,Shivam Verma,Electronics,Mouse,Mumbai,Maharashtra,6,256620,0.1,24378.9,Net Banking
ORD03377,24-05-2026,Priya Gupta,Grocery,Tea,Kolkata,West Bengal,1,2279,0.05,188.02,Net Banking
ORD03378,19-06-2026,Karan Verma,Furniture,Table,Delhi,Delhi,1,9353,0.15,1192.51,Card
ORD03379,30-03-2026,Arjun Jain,Clothing,Jacket,Delhi,Delhi,1,1211,0.02,257.94,Card
ORD03380,09-02-2026,Vivek Kaur,Grocery,Rice,Ghaziabad,Uttar Pradesh,1,2161,0.08,155.59,Net Banking
ORD03381,22-03-2026,Rohit Jain,Electronics,Laptop,Jaipur,Rajasthan,6,265092,0.08,27039.38,Card
ORD03382,10-05-2026,Nikhil Kaur,Grocery,Spices,Meerut,Uttar Pradesh,6,9648,0,964.8,UPI
ORD03383,16-10-2025,Varun Jain,Grocery,Atta,Noida,Uttar Pradesh,4,2732,0,273.2,Wallet
ORD03384,04-02-2026,Shivam Verma,Grocery,Rice,Bengaluru,Karnataka,3,1503,0.1,97.7,UPI
ORD03385,03-12-2025,Riya Gupta,Furniture,Filing Cabinet,Meerut,Uttar Pradesh,4,42176,0.15,5377.44,Wallet
ORD03386,27-03-2025,Riya Sharma,Grocery,Pulses,Lucknow,Uttar Pradesh,1,2491,0.1,161.91,Cash
ORD03387,06-08-2026,Amit Patel,Furniture,Desk Lamp,Bengaluru,Karnataka,1,13478,0.05,2190.18,Net Banking
ORD03388,28-04-2025,Tanya Kaur,Electronics,Mouse,Lucknow,Uttar Pradesh,2,45278,0.15,3509.05,UPI
ORD03389,13-04-2025,Pooja Mehta,Electronics,Monitor,Chandigarh,Chandigarh,3,111633,0.1,10605.14,Wallet
ORD03390,11-10-2025,Arjun Kumar,Furniture,Desk Lamp,Jaipur,Rajasthan,4,4612,0.08,701.02,Cash
ORD03391,22-05-2025,Anjali Singh,Furniture,Office Chair,Pune,Maharashtra,2,43386,0.08,6594.67,Net Banking
ORD03392,26-01-2025,Varun Jain,Electronics,Keyboard,Meerut,Uttar Pradesh,1,28350,0.1,2693.25,Net Banking
ORD03393,26-08-2025,Pooja Yadav,Clothing,Hoodie,Lucknow,Uttar Pradesh,5,1925,0.02,410.02,Wallet
ORD03394,26-03-2025,Rahul Mehta,Furniture,Desk Lamp,Ahmedabad,Gujarat,3,21285,0.15,2713.84,Cash
ORD03395,15-11-2025,Anjali Gupta,Grocery,Sugar,Kolkata,West Bengal,3,1275,0.08,91.8,Net Banking
ORD03396,16-06-2025,Priya Gupta,Furniture,Filing Cabinet,Chandigarh,Chandigarh,3,14403,0,2592.54,UPI
ORD03397,09-08-2026,Anjali Yadav,Electronics,Keyboard,Mumbai,Maharashtra,2,26024,0,3383.12,Wallet
ORD03398,20-05-2026,Aditya Kumar,Grocery,Rice,Ghaziabad,Uttar Pradesh,3,5814,0,581.4,Net Banking
ORD03399,08-04-2026,Amit Patel,Electronics,Mouse,Delhi,Delhi,3,82566,0.1,7843.77,Cash
ORD03400,04-12-2025,Priya Mehta,Electronics,Keyboard,Lucknow,Uttar Pradesh,6,153798,0,19993.74,Cash
ORD03401,02-08-2025,Karan Kaur,Furniture,Filing Cabinet,Bengaluru,Karnataka,5,100760,0.05,16373.5,Net Banking
ORD03402,14-04-2026,Sneha Mehta,Clothing,T-Shirt,Kolkata,West Bengal,5,20075,0.08,3854.4,UPI
ORD03403,25-08-2026,Sneha Verma,Electronics,Tablet,Lucknow,Uttar Pradesh,2,41852,0.05,4708.35,UPI
ORD03404,28-09-2025,Shivam Mehta,Grocery,Sugar,Delhi,Delhi,2,2008,0.02,186.74,Net Banking
ORD03405,01-01-2025,Vivek Jain,Clothing,Hoodie,Kota,Rajasthan,3,9261,0,2037.42,Cash
ORD03406,30-04-2025,Varun Kumar,Electronics,Headphones,Chandigarh,Chandigarh,4,192548,0.02,23683.4,Cash
ORD03407,11-05-2026,Amit Kaur,Grocery,Rice,Ahmedabad,Gujarat,3,3795,0.02,352.94,Wallet
ORD03408,28-02-2026,Rohit Kumar,Clothing,Hoodie,Pune,Maharashtra,6,16488,0.08,3165.7,UPI
ORD03409,06-04-2026,Mohit Gupta,Electronics,Printer,Pune,Maharashtra,4,105212,0.05,11836.35,Cash
ORD03410,12-04-2026,Neha Singh,Grocery,Biscuits,Kota,Rajasthan,2,4352,0.1,282.88,Net Banking
ORD03411,26-01-2025,Pooja Patel,Furniture,Bookshelf,Mumbai,Maharashtra,3,28779,0.15,3669.32,UPI
ORD03412,03-03-2026,Rahul Mehta,Clothing,Dress,Jaipur,Rajasthan,5,15785,0.15,2643.99,Net Banking
ORD03413,16-06-2026,Neha Mehta,Furniture,Filing Cabinet,Chandigarh,Chandigarh,4,12068,0.02,2087.76,Wallet
ORD03414,26-03-2026,Tanya Yadav,Grocery,Rice,Pune,Maharashtra,4,7540,0.08,542.88,Net Banking
ORD03415,28-05-2025,Riya Verma,Electronics,Mouse,Pune,Maharashtra,5,295640,0.08,30155.28,Net Banking
ORD03416,29-03-2025,Amit Kaur,Grocery,Atta,Chandigarh,Chandigarh,4,1460,0.15,69.35,Card
ORD03417,11-07-2025,Amit Mehta,Clothing,T-Shirt,Meerut,Uttar Pradesh,5,18680,0.02,3978.84,Wallet
ORD03418,05-09-2025,Amit Singh,Furniture,Bookshelf,Ghaziabad,Uttar Pradesh,2,16792,0.02,2905.02,Card
ORD03419,29-01-2025,Riya Patel,Furniture,Bookshelf,Lucknow,Uttar Pradesh,4,6156,0.08,935.71,Cash
ORD03420,14-05-2025,Pooja Yadav,Furniture,Filing Cabinet,Delhi,Delhi,4,83412,0.05,13554.45,Net Banking
ORD03421,20-05-2025,Komal Yadav,Grocery,Biscuits,Kolkata,West Bengal,2,2662,0,266.2,Card
ORD03422,28-06-2026,Varun Yadav,Grocery,Rice,Delhi,Delhi,4,4660,0.05,384.45,Cash
ORD03423,17-06-2026,Rahul Gupta,Grocery,Biscuits,Ghaziabad,Uttar Pradesh,1,556,0.1,36.14,Card
ORD03424,28-11-2025,Karan Kaur,Clothing,Jacket,Lucknow,Uttar Pradesh,2,9272,0,2039.84,Net Banking
ORD03425,25-07-2026,Nikhil Jain,Clothing,Jeans,Agra,Uttar Pradesh,3,1632,0.08,313.34,Wallet
ORD03426,23-08-2025,Shivam Singh,Grocery,Spices,Delhi,Delhi,6,4914,0,491.4,Card
ORD03427,30-11-2025,Varun Mehta,Electronics,Mouse,Noida,Uttar Pradesh,4,11360,0,1476.8,Net Banking
ORD03428,07-07-2026,Aditya Patel,Furniture,Desk Lamp,Kolkata,West Bengal,5,112430,0.02,19450.39,Wallet
ORD03429,20-03-2025,Simran Singh,Grocery,Atta,Mumbai,Maharashtra,4,3644,0.15,173.09,Cash
ORD03430,15-08-2026,Riya Gupta,Clothing,Hoodie,Jaipur,Rajasthan,2,2452,0.08,470.78,Cash
ORD03431,09-07-2026,Varun Jain,Electronics,Tablet,Delhi,Delhi,2,26718,0.02,3286.31,UPI
ORD03432,12-02-2025,Arjun Jain,Grocery,Rice,Delhi,Delhi,3,1203,0.15,57.14,Net Banking
ORD03433,31-05-2025,Arjun Sharma,Clothing,Jacket,Bengaluru,Karnataka,1,1529,0,336.38,UPI
ORD03434,12-02-2026,Simran Jain,Grocery,Biscuits,Lucknow,Uttar Pradesh,3,3576,0,357.6,Net Banking
ORD03435,03-10-2025,Riya Mehta,Furniture,Filing Cabinet,Ahmedabad,Gujarat,6,18198,0,3275.64,Card
ORD03436,31-12-2025,Arjun Mehta,Grocery,Biscuits,Bengaluru,Karnataka,6,918,0,91.8,Wallet
ORD03437,12-02-2026,Amit Kaur,Grocery,Tea,Lucknow,Uttar Pradesh,2,576,0.02,53.57,Wallet
ORD03438,14-01-2025,Shivam Yadav,Clothing,Jacket,Chandigarh,Chandigarh,5,9225,0.02,1964.92,Wallet
ORD03439,12-02-2026,Varun Sharma,Grocery,Atta,Ghaziabad,Uttar Pradesh,6,14124,0.02,1313.53,Net Banking
ORD03440,07-06-2025,Karan Singh,Electronics,Monitor,Ahmedabad,Gujarat,3,67776,0.08,6913.15,Net Banking
ORD03441,28-05-2026,Rohit Patel,Grocery,Cooking Oil,Lucknow,Uttar Pradesh,6,13542,0.05,1117.22,Net Banking
ORD03442,03-08-2026,Nikhil Kaur,Electronics,Monitor,Agra,Uttar Pradesh,1,47941,0,6232.33,Wallet
ORD03443,17-03-2025,Shivam Singh,Grocery,Atta,Delhi,Delhi,5,3040,0.05,250.8,UPI
ORD03444,10-05-2025,Karan Verma,Electronics,Keyboard,Mumbai,Maharashtra,6,287052,0.05,32293.35,Card
ORD03445,22-07-2025,Aditya Patel,Grocery,Rice,Ahmedabad,Gujarat,3,7308,0.15,347.13,Cash
ORD03446,16-01-2026,Anjali Kumar,Furniture,Desk Lamp,Noida,Uttar Pradesh,3,55044,0.15,7018.11,UPI
ORD03447,17-10-2025,Tanya Singh,Grocery,Sugar,Kolkata,West Bengal,5,9485,0,948.5,UPI
ORD03448,24-04-2025,Vivek Singh,Grocery,Biscuits,Ahmedabad,Gujarat,4,5276,0.15,250.61,Cash
ORD03449,14-05-2025,Mohit Patel,Grocery,Sugar,Pune,Maharashtra,4,2916,0.08,209.95,UPI
ORD03450,12-08-2026,Aditya Kaur,Furniture,Filing Cabinet,Noida,Uttar Pradesh,2,21284,0.15,2713.71,Card
ORD03451,15-07-2025,Vivek Verma,Grocery,Pulses,Kota,Rajasthan,2,2272,0.05,187.44,Cash
ORD03452,21-01-2026,Mohit Kaur,Clothing,Kurta,Kota,Rajasthan,5,21790,0.02,4641.27,UPI
ORD03453,15-06-2026,Amit Singh,Clothing,Shoes,Kolkata,West Bengal,6,16908,0.02,3601.4,Wallet
ORD03454,31-10-2025,Neha Gupta,Electronics,Mouse,Lucknow,Uttar Pradesh,5,215095,0,27962.35,Net Banking
ORD03455,21-10-2025,Rahul Patel,Grocery,Rice,Bengaluru,Karnataka,1,284,0.1,18.46,UPI
ORD03456,11-05-2025,Vivek Singh,Grocery,Biscuits,Kota,Rajasthan,2,4074,0.08,293.33,Net Banking
ORD03457,07-06-2025,Amit Verma,Grocery,Atta,Meerut,Uttar Pradesh,3,3453,0.1,224.45,Net Banking
ORD03458,02-03-2025,Rohit Yadav,Furniture,Office Chair,Pune,Maharashtra,1,24321,0.05,3952.16,Card
ORD03459,08-07-2025,Arjun Mehta,Grocery,Sugar,Noida,Uttar Pradesh,6,3270,0.08,235.44,Cash
ORD03460,14-01-2025,Rahul Kumar,Electronics,Headphones,Kota,Rajasthan,3,84591,0.1,8036.15,Wallet
ORD03461,25-06-2026,Simran Kaur,Clothing,Jeans,Pune,Maharashtra,2,4162,0.05,842.81,Cash
ORD03462,27-11-2025,Tanya Mehta,Furniture,Table,Pune,Maharashtra,5,108425,0.02,18757.52,Net Banking
ORD03463,21-01-2025,Arjun Singh,Grocery,Pulses,Kolkata,West Bengal,1,1525,0.02,141.82,Net Banking
ORD03464,17-02-2026,Anjali Sharma,Furniture,Filing Cabinet,Lucknow,Uttar Pradesh,4,98696,0.02,17074.41,UPI
ORD03465,08-02-2025,Amit Mehta,Furniture,Table,Pune,Maharashtra,5,6600,0.1,957,Cash
ORD03466,30-05-2025,Sneha Jain,Grocery,Spices,Noida,Uttar Pradesh,6,8136,0.05,671.22,Net Banking
ORD03467,23-02-2025,Vivek Singh,Furniture,Filing Cabinet,Chandigarh,Chandigarh,3,33669,0.05,5471.21,Card
ORD03468,04-03-2025,Nikhil Kaur,Electronics,Tablet,Pune,Maharashtra,4,159340,0.02,19598.82,Cash
ORD03469,25-08-2025,Shivam Mehta,Clothing,Kurta,Ghaziabad,Uttar Pradesh,5,9545,0.05,1932.86,Wallet
ORD03470,28-08-2026,Arjun Yadav,Electronics,Headphones,Agra,Uttar Pradesh,2,98106,0.15,7603.22,Card
ORD03471,08-06-2026,Rohit Verma,Grocery,Sugar,Agra,Uttar Pradesh,4,3564,0.02,331.45,Card
ORD03472,02-08-2025,Amit Singh,Electronics,Printer,Ghaziabad,Uttar Pradesh,3,68721,0.02,8452.68,Card
ORD03473,03-05-2026,Simran Sharma,Grocery,Tea,Noida,Uttar Pradesh,2,1408,0.05,116.16,Wallet
ORD03474,05-09-2025,Karan Yadav,Clothing,Jeans,Chandigarh,Chandigarh,4,6352,0,1397.44,UPI
ORD03475,16-05-2025,Anjali Kumar,Clothing,T-Shirt,Jaipur,Rajasthan,1,1328,0.02,282.86,UPI
ORD03476,26-05-2026,Amit Patel,Grocery,Cooking Oil,Agra,Uttar Pradesh,3,4224,0.1,274.56,Cash
ORD03477,03-11-2025,Anjali Mehta,Electronics,Headphones,Meerut,Uttar Pradesh,2,118556,0.15,9188.09,Cash
ORD03478,17-01-2026,Priya Singh,Electronics,Monitor,Pune,Maharashtra,5,54205,0.05,6098.06,Cash
ORD03479,19-03-2025,Shivam Kumar,Furniture,Desk Lamp,Kolkata,West Bengal,1,16735,0.1,2426.57,Card
ORD03480,14-11-2025,Tanya Gupta,Clothing,T-Shirt,Agra,Uttar Pradesh,6,12768,0.15,2138.64,UPI
ORD03481,02-01-2026,Aditya Kumar,Grocery,Cooking Oil,Agra,Uttar Pradesh,6,12696,0.05,1047.42,Net Banking
ORD03482,24-02-2026,Karan Sharma,Grocery,Sugar,Meerut,Uttar Pradesh,5,3090,0.05,254.93,Net Banking
ORD03483,04-07-2026,Mohit Mehta,Electronics,Tablet,Meerut,Uttar Pradesh,1,44597,0.15,3456.27,Card
ORD03484,16-03-2025,Anjali Sharma,Clothing,Jeans,Delhi,Delhi,1,4053,0.08,778.18,Cash
ORD03485,30-01-2026,Komal Yadav,Furniture,Office Chair,Agra,Uttar Pradesh,5,96135,0.15,12257.21,Net Banking
ORD03486,09-08-2025,Nikhil Sharma,Grocery,Pulses,Noida,Uttar Pradesh,3,2571,0.15,122.12,Wallet
ORD03487,04-03-2026,Rohit Sharma,Electronics,Laptop,Noida,Uttar Pradesh,1,5754,0.05,647.33,Card
ORD03488,25-07-2026,Rohit Jain,Furniture,Sofa,Ahmedabad,Gujarat,5,89925,0.1,13039.12,Wallet
ORD03489,31-01-2026,Karan Jain,Furniture,Office Chair,Lucknow,Uttar Pradesh,4,89240,0,16063.2,Wallet
ORD03490,27-12-2025,Priya Jain,Electronics,Tablet,Mumbai,Maharashtra,4,187924,0.1,17852.78,Cash
ORD03491,29-08-2026,Riya Yadav,Grocery,Rice,Agra,Uttar Pradesh,6,1344,0.15,63.84,Net Banking
ORD03492,13-01-2025,Aditya Singh,Furniture,Sofa,Kota,Rajasthan,2,35940,0,6469.2,Net Banking
ORD03493,25-10-2025,Sneha Singh,Furniture,Office Chair,Chandigarh,Chandigarh,6,113712,0,20468.16,Card
ORD03494,23-04-2026,Komal Verma,Grocery,Sugar,Agra,Uttar Pradesh,4,4952,0,495.2,UPI
ORD03495,17-06-2026,Tanya Patel,Furniture,Office Chair,Kolkata,West Bengal,4,82320,0.08,12512.64,Wallet
ORD03496,16-07-2026,Pooja Mehta,Clothing,T-Shirt,Bengaluru,Karnataka,3,9417,0.05,1906.94,Net Banking
ORD03497,06-02-2025,Nikhil Mehta,Electronics,Headphones,Jaipur,Rajasthan,4,71456,0.1,6788.32,Wallet
ORD03498,19-05-2026,Rohit Kumar,Grocery,Pulses,Agra,Uttar Pradesh,1,2378,0.05,196.19,Net Banking
ORD03499,10-01-2026,Riya Verma,Clothing,Jacket,Jaipur,Rajasthan,1,3176,0.15,531.98,Cash
ORD03500,26-03-2026,Pooja Patel,Furniture,Office Chair,Mumbai,Maharashtra,1,21306,0.15,2716.51,Card
ORD03501,15-03-2026,Anjali Verma,Electronics,Laptop,Meerut,Uttar Pradesh,3,105855,0.05,11908.69,Card
ORD03502,24-07-2025,Rohit Mehta,Grocery,Pulses,Kota,Rajasthan,2,310,0.15,14.73,Net Banking
ORD03503,16-01-2026,Vivek Jain,Grocery,Cooking Oil,Pune,Maharashtra,2,3564,0,356.4,Net Banking
ORD03504,28-02-2025,Neha Yadav,Furniture,Office Chair,Ahmedabad,Gujarat,1,5504,0.05,894.4,Cash
ORD03505,30-10-2025,Shivam Sharma,Clothing,Jacket,Delhi,Delhi,6,4638,0.05,939.2,Wallet
ORD03506,15-04-2026,Karan Jain,Electronics,Mouse,Pune,Maharashtra,4,107640,0.15,8342.1,Wallet
ORD03507,08-08-2025,Rahul Verma,Grocery,Atta,Lucknow,Uttar Pradesh,4,1912,0.08,137.66,Cash
ORD03508,31-01-2025,Shivam Kumar,Furniture,Desk Lamp,Ghaziabad,Uttar Pradesh,6,16482,0,2966.76,Cash
ORD03509,20-08-2025,Rahul Kaur,Furniture,Bookshelf,Meerut,Uttar Pradesh,5,54330,0.1,7877.85,Cash
ORD03510,18-11-2025,Simran Mehta,Electronics,Printer,Pune,Maharashtra,5,213965,0.08,21824.43,Net Banking
ORD03511,03-01-2026,Rohit Jain,Furniture,Desk Lamp,Pune,Maharashtra,4,94056,0.02,16271.69,Wallet
ORD03512,02-12-2025,Riya Sharma,Grocery,Atta,Meerut,Uttar Pradesh,3,2145,0.08,154.44,UPI
ORD03513,21-10-2025,Amit Yadav,Furniture,Table,Ghaziabad,Uttar Pradesh,1,5048,0.02,873.3,Net Banking
ORD03514,22-03-2025,Mohit Jain,Grocery,Pulses,Ahmedabad,Gujarat,1,835,0.05,68.89,Wallet
ORD03515,19-06-2025,Komal Sharma,Electronics,Headphones,Noida,Uttar Pradesh,5,281800,0.15,21839.5,Cash
ORD03516,10-07-2026,Rohit Singh,Electronics,Tablet,Jaipur,Rajasthan,4,13788,0.15,1068.57,Card
ORD03517,13-05-2026,Tanya Sharma,Furniture,Sofa,Mumbai,Maharashtra,5,52150,0.05,8474.38,Wallet
ORD03518,01-05-2026,Riya Patel,Grocery,Sugar,Jaipur,Rajasthan,1,1416,0.02,131.69,Cash
ORD03519,13-06-2025,Simran Jain,Clothing,Jacket,Lucknow,Uttar Pradesh,2,842,0.02,179.35,Card
ORD03520,14-03-2025,Karan Kaur,Clothing,Kurta,Mumbai,Maharashtra,4,7468,0.15,1250.89,Card
ORD03521,17-03-2025,Rohit Jain,Grocery,Cooking Oil,Lucknow,Uttar Pradesh,3,750,0.02,69.75,UPI
ORD03522,05-05-2025,Simran Kumar,Furniture,Sofa,Bengaluru,Karnataka,4,85944,0.1,12461.88,Wallet
ORD03523,29-03-2025,Rahul Gupta,Furniture,Filing Cabinet,Pune,Maharashtra,4,4036,0.08,613.47,Net Banking
ORD03524,09-05-2025,Anjali Mehta,Electronics,Monitor,Ahmedabad,Gujarat,1,53984,0.1,5128.48,Wallet
ORD03525,20-07-2026,Pooja Gupta,Furniture,Bookshelf,Chandigarh,Chandigarh,4,56832,0.1,8240.64,UPI
ORD03526,22-07-2025,Priya Jain,Electronics,Mouse,Lucknow,Uttar Pradesh,1,19009,0,2471.17,UPI
ORD03527,26-08-2025,Arjun Yadav,Electronics,Monitor,Lucknow,Uttar Pradesh,1,23000,0,2990,UPI
ORD03528,30-05-2026,Mohit Mehta,Grocery,Rice,Lucknow,Uttar Pradesh,3,5772,0,577.2,UPI
ORD03529,31-10-2025,Komal Kaur,Clothing,Hoodie,Delhi,Delhi,4,16048,0,3530.56,Wallet
ORD03530,29-12-2025,Riya Gupta,Furniture,Office Chair,Delhi,Delhi,2,8452,0.05,1373.45,Cash
ORD03531,29-04-2026,Tanya Gupta,Grocery,Atta,Kolkata,West Bengal,2,3908,0.05,322.41,UPI
ORD03532,29-09-2025,Simran Patel,Grocery,Tea,Delhi,Delhi,2,1918,0.08,138.1,Wallet
ORD03533,20-04-2025,Karan Mehta,Grocery,Rice,Pune,Maharashtra,2,2182,0.1,141.83,Wallet
ORD03534,14-03-2025,Rahul Mehta,Clothing,T-Shirt,Meerut,Uttar Pradesh,6,21678,0.05,4389.8,UPI
ORD03535,08-03-2025,Varun Sharma,Furniture,Table,Jaipur,Rajasthan,4,49152,0.02,8503.3,Cash
ORD03536,28-01-2025,Varun Patel,Grocery,Spices,Ghaziabad,Uttar Pradesh,1,228,0,22.8,Net Banking
ORD03537,20-08-2025,Riya Sharma,Clothing,Jacket,Jaipur,Rajasthan,1,1657,0.05,335.54,Net Banking
ORD03538,18-06-2026,Riya Kaur,Clothing,T-Shirt,Delhi,Delhi,3,11733,0.05,2375.93,Wallet
ORD03539,06-10-2025,Komal Gupta,Clothing,Kurta,Jaipur,Rajasthan,6,27300,0.1,5050.5,Wallet
ORD03540,20-04-2025,Rahul Sharma,Electronics,Printer,Delhi,Delhi,6,100506,0.08,10251.61,Net Banking
ORD03541,16-08-2025,Aditya Yadav,Grocery,Rice,Kolkata,West Bengal,1,1900,0.08,136.8,Wallet
ORD03542,25-06-2026,Rohit Kumar,Clothing,Kurta,Ghaziabad,Uttar Pradesh,2,1204,0.08,231.17,UPI
ORD03543,07-02-2025,Simran Patel,Grocery,Cooking Oil,Pune,Maharashtra,6,10878,0,1087.8,UPI
ORD03544,01-01-2026,Anjali Patel,Furniture,Office Chair,Lucknow,Uttar Pradesh,3,31272,0,5628.96,Net Banking
ORD03545,16-06-2026,Vivek Patel,Grocery,Tea,Ghaziabad,Uttar Pradesh,2,2070,0.15,98.33,Net Banking
ORD03546,07-05-2026,Rahul Verma,Clothing,Jacket,Meerut,Uttar Pradesh,2,9898,0,2177.56,Card
ORD03547,23-08-2026,Shivam Singh,Clothing,Jeans,Delhi,Delhi,1,2848,0.1,526.88,Net Banking
ORD03548,25-04-2025,Tanya Kaur,Grocery,Biscuits,Ghaziabad,Uttar Pradesh,6,9960,0.15,473.1,Net Banking
ORD03549,14-03-2026,Neha Gupta,Furniture,Office Chair,Kota,Rajasthan,2,38818,0.05,6307.93,Wallet
ORD03550,23-06-2026,Riya Yadav,Grocery,Atta,Ghaziabad,Uttar Pradesh,6,14244,0.05,1175.13,Card
ORD03551,05-04-2025,Simran Kumar,Furniture,Sofa,Bengaluru,Karnataka,4,75736,0.08,11511.87,Card
ORD03552,04-02-2026,Sneha Sharma,Clothing,Kurta,Ghaziabad,Uttar Pradesh,1,4245,0.1,785.33,Net Banking
ORD03553,05-05-2026,Karan Yadav,Electronics,Smartphone,Agra,Uttar Pradesh,5,213070,0,27699.1,Net Banking
ORD03554,14-12-2025,Rahul Mehta,Furniture,Office Chair,Chandigarh,Chandigarh,1,13533,0.02,2341.21,Wallet
ORD03555,15-02-2026,Pooja Patel,Furniture,Bookshelf,Kolkata,West Bengal,3,41046,0.05,6669.98,Wallet
ORD03556,13-05-2026,Rahul Verma,Grocery,Rice,Noida,Uttar Pradesh,3,4266,0.05,351.94,Wallet
ORD03557,12-04-2025,Varun Mehta,Furniture,Bookshelf,Bengaluru,Karnataka,2,32758,0.15,4176.65,Net Banking
ORD03558,26-02-2025,Anjali Sharma,Furniture,Bookshelf,Agra,Uttar Pradesh,2,41204,0.15,5253.51,Wallet
ORD03559,24-03-2025,Rohit Sharma,Furniture,Sofa,Delhi,Delhi,1,2369,0.15,302.05,UPI
ORD03560,16-04-2026,Pooja Jain,Clothing,Shoes,Noida,Uttar Pradesh,4,3504,0.1,648.24,Cash
ORD03561,23-05-2025,Priya Verma,Clothing,Hoodie,Chandigarh,Chandigarh,5,22560,0,4963.2,UPI
ORD03562,20-01-2026,Shivam Patel,Electronics,Keyboard,Bengaluru,Karnataka,2,70780,0.05,7962.75,UPI
ORD03563,04-03-2025,Simran Gupta,Grocery,Pulses,Meerut,Uttar Pradesh,2,1946,0,194.6,Wallet
ORD03564,27-02-2026,Mohit Yadav,Electronics,Printer,Bengaluru,Karnataka,4,167048,0.02,20546.9,Net Banking
ORD03565,15-07-2026,Neha Singh,Electronics,Keyboard,Meerut,Uttar Pradesh,1,51200,0.1,4864,UPI
ORD03566,12-02-2026,Vivek Kumar,Grocery,Sugar,Kolkata,West Bengal,1,2235,0.15,106.16,Net Banking
ORD03567,09-06-2025,Pooja Mehta,Grocery,Cooking Oil,Bengaluru,Karnataka,6,5964,0,596.4,Cash
ORD03568,13-07-2025,Anjali Patel,Electronics,Tablet,Pune,Maharashtra,2,56716,0.1,5388.02,Wallet
ORD03569,16-01-2025,Karan Singh,Electronics,Tablet,Ahmedabad,Gujarat,4,116312,0.05,13085.1,Card
ORD03570,01-07-2026,Neha Mehta,Electronics,Mouse,Bengaluru,Karnataka,2,46194,0.02,5681.86,Net Banking
ORD03571,21-08-2026,Simran Patel,Electronics,Keyboard,Jaipur,Rajasthan,5,81770,0.08,8340.54,Wallet
ORD03572,09-07-2025,Tanya Mehta,Clothing,Hoodie,Ahmedabad,Gujarat,2,3654,0.05,739.94,Cash
ORD03573,16-03-2026,Varun Mehta,Clothing,Jacket,Bengaluru,Karnataka,5,12900,0.02,2747.7,Wallet
ORD03574,15-08-2025,Amit Mehta,Electronics,Monitor,Noida,Uttar Pradesh,3,155772,0.02,19159.96,Cash
ORD03575,29-03-2025,Anjali Yadav,Electronics,Laptop,Agra,Uttar Pradesh,5,166735,0.08,17006.97,Cash
ORD03576,28-06-2026,Aditya Patel,Electronics,Tablet,Chandigarh,Chandigarh,2,103434,0.08,10550.27,UPI
ORD03577,17-01-2025,Simran Mehta,Furniture,Bookshelf,Pune,Maharashtra,1,23347,0.02,4039.03,Card
ORD03578,11-02-2026,Riya Sharma,Grocery,Atta,Noida,Uttar Pradesh,4,3244,0.15,154.09,Card
ORD03579,03-07-2026,Rahul Singh,Furniture,Table,Agra,Uttar Pradesh,5,52650,0,9477,Wallet
ORD03580,25-04-2026,Karan Kaur,Clothing,Jacket,Bengaluru,Karnataka,5,24755,0.08,4752.96,Wallet
ORD03581,20-11-2025,Mohit Kumar,Furniture,Desk Lamp,Ahmedabad,Gujarat,3,50457,0.1,7316.26,Wallet
ORD03582,29-03-2025,Priya Kumar,Furniture,Bookshelf,Chandigarh,Chandigarh,4,38512,0.15,4910.28,Net Banking
ORD03583,25-06-2026,Nikhil Singh,Furniture,Sofa,Kota,Rajasthan,1,7957,0.15,1014.52,Cash
ORD03584,14-06-2025,Mohit Jain,Grocery,Pulses,Ahmedabad,Gujarat,4,2024,0,202.4,Cash
ORD03585,13-02-2025,Mohit Mehta,Furniture,Table,Ghaziabad,Uttar Pradesh,1,1272,0.1,184.44,Card
ORD03586,27-07-2026,Neha Jain,Electronics,Keyboard,Pune,Maharashtra,2,83548,0.05,9399.15,Net Banking
ORD03587,19-06-2026,Komal Verma,Furniture,Table,Kolkata,West Bengal,1,2088,0.08,317.38,UPI
ORD03588,28-12-2025,Vivek Jain,Furniture,Filing Cabinet,Kota,Rajasthan,2,48540,0.08,7378.08,Cash
ORD03589,07-03-2025,Tanya Kaur,Furniture,Table,Delhi,Delhi,4,20728,0,3731.04,UPI
ORD03590,13-03-2025,Nikhil Singh,Clothing,Jeans,Mumbai,Maharashtra,4,9500,0.15,1591.25,Net Banking
ORD03591,10-06-2025,Tanya Yadav,Grocery,Sugar,Bengaluru,Karnataka,4,5664,0,566.4,Cash
ORD03592,08-01-2026,Priya Sharma,Clothing,T-Shirt,Bengaluru,Karnataka,6,2754,0,605.88,Wallet
ORD03593,12-05-2025,Neha Mehta,Electronics,Headphones,Chandigarh,Chandigarh,5,254845,0.05,28670.06,Card
ORD03594,11-01-2025,Sneha Singh,Furniture,Filing Cabinet,Delhi,Delhi,1,7674,0.08,1166.45,Card
ORD03595,25-08-2025,Rahul Verma,Furniture,Bookshelf,Delhi,Delhi,2,44472,0.1,6448.44,Cash
ORD03596,29-07-2025,Shivam Kumar,Furniture,Filing Cabinet,Lucknow,Uttar Pradesh,2,31542,0.05,5125.57,Net Banking
ORD03597,10-02-2026,Karan Kumar,Furniture,Desk Lamp,Delhi,Delhi,5,22325,0.08,3393.4,Net Banking
ORD03598,09-11-2025,Rahul Verma,Grocery,Spices,Ahmedabad,Gujarat,5,10050,0.15,477.38,Card
ORD03599,20-01-2025,Riya Kumar,Electronics,Headphones,Agra,Uttar Pradesh,3,51486,0,6693.18,Net Banking
ORD03600,14-07-2026,Vivek Gupta,Grocery,Tea,Pune,Maharashtra,4,388,0,38.8,Cash
ORD03601,17-05-2026,Nikhil Gupta,Electronics,Monitor,Agra,Uttar Pradesh,6,261504,0,33995.52,Card
ORD03602,30-10-2025,Rohit Kumar,Grocery,Atta,Mumbai,Maharashtra,1,2481,0.02,230.73,Cash
ORD03603,22-02-2026,Tanya Patel,Electronics,Smartphone,Ahmedabad,Gujarat,1,43473,0.1,4129.94,Net Banking
ORD03604,06-12-2025,Mohit Singh,Electronics,Mouse,Noida,Uttar Pradesh,3,166254,0.02,20449.24,Card
ORD03605,31-05-2026,Varun Verma,Furniture,Table,Bengaluru,Karnataka,5,11860,0.05,1927.25,Net Banking
ORD03606,28-02-2025,Vivek Kaur,Grocery,Tea,Ghaziabad,Uttar Pradesh,3,3570,0.15,169.58,Net Banking
ORD03607,08-01-2026,Amit Kumar,Furniture,Bookshelf,Chandigarh,Chandigarh,6,43818,0.1,6353.61,UPI
ORD03608,24-11-2025,Komal Mehta,Electronics,Smartphone,Kolkata,West Bengal,2,108294,0.05,12183.08,Card
ORD03609,01-07-2025,Riya Sharma,Grocery,Pulses,Chandigarh,Chandigarh,5,11705,0.1,760.83,Card
ORD03610,01-09-2025,Rahul Gupta,Electronics,Printer,Lucknow,Uttar Pradesh,5,195530,0,25418.9,Cash
ORD03611,13-11-2025,Neha Singh,Electronics,Printer,Noida,Uttar Pradesh,5,144480,0,18782.4,Wallet
ORD03612,09-01-2026,Tanya Singh,Furniture,Bookshelf,Chandigarh,Chandigarh,3,70437,0.05,11446.01,UPI
ORD03613,30-03-2026,Anjali Kaur,Clothing,Dress,Kolkata,West Bengal,3,14748,0.08,2831.62,Net Banking
ORD03614,30-08-2026,Varun Verma,Electronics,Monitor,Bengaluru,Karnataka,2,104124,0.08,10620.65,UPI
ORD03615,29-03-2026,Simran Yadav,Clothing,Hoodie,Agra,Uttar Pradesh,4,14688,0.02,3128.54,UPI
ORD03616,28-06-2026,Shivam Kaur,Electronics,Tablet,Delhi,Delhi,5,189770,0.05,21349.12,UPI
ORD03617,30-07-2025,Pooja Mehta,Electronics,Smartphone,Bengaluru,Karnataka,2,24994,0,3249.22,Wallet
ORD03618,15-04-2026,Nikhil Kumar,Grocery,Rice,Delhi,Delhi,5,4405,0.05,363.41,Card
ORD03619,19-04-2025,Rohit Verma,Furniture,Office Chair,Bengaluru,Karnataka,4,40000,0.08,6080,Wallet
ORD03620,08-02-2026,Amit Verma,Grocery,Atta,Kota,Rajasthan,1,1424,0.15,67.64,Card
ORD03621,29-07-2026,Tanya Jain,Grocery,Biscuits,Ahmedabad,Gujarat,2,4364,0.05,360.03,Net Banking
ORD03622,10-02-2026,Karan Sharma,Electronics,Headphones,Kolkata,West Bengal,2,76616,0.08,7814.83,Wallet
ORD03623,19-10-2025,Tanya Patel,Electronics,Laptop,Kota,Rajasthan,2,66268,0.1,6295.46,Wallet
ORD03624,16-09-2025,Vivek Gupta,Clothing,Hoodie,Lucknow,Uttar Pradesh,3,12267,0.15,2054.72,UPI
ORD03625,13-03-2026,Neha Mehta,Electronics,Printer,Jaipur,Rajasthan,5,299755,0.02,36869.86,Cash
ORD03626,05-08-2026,Rohit Mehta,Clothing,Dress,Ghaziabad,Uttar Pradesh,3,12006,0.05,2431.22,UPI
ORD03627,13-06-2026,Anjali Patel,Clothing,Jeans,Agra,Uttar Pradesh,5,22610,0.02,4815.93,UPI
ORD03628,04-06-2026,Karan Kaur,Grocery,Spices,Agra,Uttar Pradesh,5,6835,0.08,492.12,Cash
ORD03629,12-08-2025,Vivek Sharma,Grocery,Cooking Oil,Jaipur,Rajasthan,4,8940,0.05,737.55,Net Banking
ORD03630,23-04-2026,Sneha Mehta,Furniture,Office Chair,Kota,Rajasthan,6,136512,0,24572.16,UPI
ORD03631,03-01-2025,Aditya Jain,Furniture,Bookshelf,Bengaluru,Karnataka,1,21834,0.15,2783.84,Wallet
ORD03632,22-07-2025,Komal Yadav,Furniture,Sofa,Pune,Maharashtra,2,11338,0.02,1961.47,Cash
ORD03633,15-12-2025,Neha Jain,Electronics,Mouse,Ghaziabad,Uttar Pradesh,4,154872,0.1,14712.84,Cash
ORD03634,07-02-2026,Anjali Verma,Electronics,Keyboard,Ghaziabad,Uttar Pradesh,1,50733,0.02,6240.16,Card
ORD03635,19-10-2025,Tanya Kaur,Grocery,Sugar,Agra,Uttar Pradesh,6,8610,0,861,Card
ORD03636,12-05-2025,Karan Gupta,Clothing,Kurta,Chandigarh,Chandigarh,1,1843,0.02,392.56,Net Banking
ORD03637,23-08-2026,Karan Yadav,Grocery,Cooking Oil,Lucknow,Uttar Pradesh,4,5720,0,572,Cash
ORD03638,07-02-2025,Amit Mehta,Clothing,Jacket,Chandigarh,Chandigarh,4,2572,0.02,547.84,UPI
ORD03639,29-09-2025,Mohit Patel,Grocery,Tea,Noida,Uttar Pradesh,2,3584,0.05,295.68,Cash
ORD03640,01-08-2026,Karan Patel,Grocery,Spices,Noida,Uttar Pradesh,2,1042,0.1,67.73,UPI
ORD03641,29-11-2025,Rahul Kaur,Furniture,Sofa,Bengaluru,Karnataka,6,7602,0.08,1155.5,Net Banking
ORD03642,31-08-2025,Rahul Yadav,Electronics,Keyboard,Meerut,Uttar Pradesh,2,119996,0.1,11399.62,Net Banking
ORD03643,05-01-2025,Simran Yadav,Clothing,Jacket,Jaipur,Rajasthan,5,15945,0.02,3396.28,Cash
ORD03644,10-05-2025,Nikhil Verma,Clothing,Hoodie,Agra,Uttar Pradesh,5,15135,0,3329.7,Cash
ORD03645,16-11-2025,Pooja Verma,Grocery,Rice,Kota,Rajasthan,4,8300,0.1,539.5,Card
ORD03646,05-03-2025,Simran Mehta,Grocery,Spices,Ahmedabad,Gujarat,2,4882,0.15,231.9,UPI
ORD03647,14-02-2026,Shivam Mehta,Electronics,Keyboard,Chandigarh,Chandigarh,6,327924,0.02,40334.65,Card
ORD03648,05-03-2025,Shivam Kaur,Grocery,Rice,Meerut,Uttar Pradesh,6,4992,0.02,464.26,Cash
ORD03649,08-02-2025,Nikhil Kaur,Clothing,Dress,Delhi,Delhi,4,4612,0.08,885.5,UPI
ORD03650,27-02-2025,Pooja Patel,Electronics,Smartphone,Bengaluru,Karnataka,1,11914,0,1548.82,Card
ORD03651,03-05-2026,Arjun Kumar,Clothing,Jacket,Pune,Maharashtra,1,4044,0.08,776.45,Net Banking
ORD03652,01-09-2025,Karan Patel,Furniture,Filing Cabinet,Noida,Uttar Pradesh,5,110340,0.02,19088.82,UPI
ORD03653,26-04-2025,Rahul Yadav,Furniture,Desk Lamp,Jaipur,Rajasthan,6,124608,0.02,21557.18,Card
ORD03654,13-02-2025,Amit Jain,Electronics,Printer,Noida,Uttar Pradesh,2,23918,0.08,2439.64,Card
ORD03655,14-10-2025,Arjun Kaur,Furniture,Desk Lamp,Ghaziabad,Uttar Pradesh,6,95886,0.08,14574.67,UPI
ORD03656,09-07-2026,Varun Kaur,Clothing,Jacket,Pune,Maharashtra,5,14775,0.08,2836.8,Card
ORD03657,15-06-2026,Rahul Kumar,Furniture,Office Chair,Jaipur,Rajasthan,2,11476,0.02,1985.35,Card
ORD03658,06-03-2026,Mohit Jain,Grocery,Rice,Lucknow,Uttar Pradesh,3,5349,0.15,254.08,Wallet
ORD03659,14-01-2025,Shivam Mehta,Clothing,Jeans,Chandigarh,Chandigarh,3,12966,0.08,2489.47,UPI
ORD03660,01-07-2025,Mohit Kaur,Grocery,Tea,Kota,Rajasthan,2,2264,0.05,186.78,Card
ORD03661,15-07-2026,Varun Gupta,Grocery,Pulses,Chandigarh,Chandigarh,3,6006,0.08,432.43,UPI
ORD03662,22-11-2025,Aditya Kaur,Grocery,Rice,Kolkata,West Bengal,6,7176,0.08,516.67,Net Banking
ORD03663,11-06-2026,Komal Patel,Electronics,Tablet,Noida,Uttar Pradesh,2,119804,0.1,11381.38,Net Banking
ORD03664,04-03-2025,Tanya Singh,Furniture,Desk Lamp,Lucknow,Uttar Pradesh,2,27740,0.1,4022.3,Wallet
ORD03665,22-01-2026,Simran Kumar,Furniture,Sofa,Bengaluru,Karnataka,6,18798,0.15,2396.74,Net Banking
ORD03666,18-03-2025,Komal Mehta,Electronics,Laptop,Agra,Uttar Pradesh,2,114666,0.08,11695.93,UPI
ORD03667,12-06-2026,Rahul Verma,Clothing,Shoes,Chandigarh,Chandigarh,6,21348,0.1,3949.38,UPI
ORD03668,07-03-2025,Neha Kaur,Grocery,Spices,Lucknow,Uttar Pradesh,4,9776,0.05,806.52,Wallet
ORD03669,05-01-2026,Karan Yadav,Furniture,Office Chair,Meerut,Uttar Pradesh,3,15525,0.1,2251.12,Cash
ORD03670,29-03-2025,Tanya Jain,Electronics,Tablet,Kolkata,West Bengal,1,6153,0.1,584.53,Cash
ORD03671,02-01-2025,Komal Mehta,Electronics,Printer,Delhi,Delhi,6,50196,0.08,5119.99,Net Banking
ORD03672,16-04-2025,Amit Kaur,Electronics,Smartphone,Meerut,Uttar Pradesh,1,32027,0.08,3266.75,Cash
ORD03673,16-08-2026,Mohit Kaur,Electronics,Headphones,Ghaziabad,Uttar Pradesh,2,56858,0.1,5401.51,Wallet
ORD03674,27-03-2025,Amit Yadav,Grocery,Pulses,Chandigarh,Chandigarh,2,2564,0.08,184.61,UPI
ORD03675,26-04-2026,Amit Kumar,Electronics,Laptop,Ahmedabad,Gujarat,5,3165,0,411.45,Net Banking
ORD03676,19-02-2025,Neha Yadav,Clothing,T-Shirt,Chandigarh,Chandigarh,2,792,0.05,160.38,Cash
ORD03677,29-06-2025,Amit Kumar,Grocery,Atta,Bengaluru,Karnataka,6,6120,0.15,290.7,UPI
ORD03678,30-04-2026,Simran Kaur,Furniture,Desk Lamp,Kota,Rajasthan,3,63777,0.1,9247.66,Cash
ORD03679,08-04-2026,Vivek Gupta,Furniture,Desk Lamp,Jaipur,Rajasthan,3,60891,0.15,7763.6,Card
ORD03680,19-06-2025,Amit Gupta,Clothing,Jeans,Jaipur,Rajasthan,6,14472,0.15,2424.06,UPI
ORD03681,26-10-2025,Amit Yadav,Grocery,Tea,Noida,Uttar Pradesh,3,2835,0.08,204.12,UPI
ORD03682,10-03-2026,Riya Patel,Furniture,Table,Kota,Rajasthan,5,41645,0.08,6330.04,Wallet
ORD03683,27-06-2026,Anjali Yadav,Grocery,Spices,Mumbai,Maharashtra,1,1623,0,162.3,Net Banking
ORD03684,07-01-2026,Komal Gupta,Electronics,Printer,Lucknow,Uttar Pradesh,5,218380,0,28389.4,Wallet
ORD03685,05-02-2025,Komal Sharma,Grocery,Cooking Oil,Lucknow,Uttar Pradesh,3,7467,0.1,485.36,Card
ORD03686,16-02-2025,Mohit Kaur,Clothing,Kurta,Jaipur,Rajasthan,2,5240,0.15,877.7,Cash
ORD03687,03-08-2025,Arjun Gupta,Clothing,Jacket,Delhi,Delhi,5,24345,0.08,4674.24,Cash
ORD03688,22-04-2025,Rohit Kumar,Furniture,Bookshelf,Meerut,Uttar Pradesh,4,99752,0.1,14464.04,UPI
ORD03689,02-07-2026,Simran Mehta,Electronics,Smartphone,Kolkata,West Bengal,6,342390,0,44510.7,Net Banking
ORD03690,01-01-2026,Shivam Mehta,Clothing,Kurta,Ghaziabad,Uttar Pradesh,2,1850,0.02,394.05,UPI
ORD03691,23-07-2025,Simran Jain,Furniture,Office Chair,Ahmedabad,Gujarat,6,94050,0.15,11991.38,UPI
ORD03692,29-09-2025,Neha Yadav,Electronics,Keyboard,Meerut,Uttar Pradesh,6,341142,0.08,34796.48,Wallet
ORD03693,14-07-2026,Arjun Patel,Grocery,Atta,Delhi,Delhi,3,4317,0.05,356.15,Wallet
ORD03694,16-10-2025,Aditya Gupta,Grocery,Cooking Oil,Chandigarh,Chandigarh,5,3285,0,328.5,Wallet
ORD03695,28-06-2025,Shivam Verma,Clothing,Shoes,Lucknow,Uttar Pradesh,4,1360,0.05,275.4,Net Banking
ORD03696,01-05-2026,Arjun Kumar,Electronics,Printer,Chandigarh,Chandigarh,5,85595,0.15,6633.61,Cash
ORD03697,03-07-2026,Amit Gupta,Grocery,Cooking Oil,Kota,Rajasthan,2,4248,0.05,350.46,Cash
ORD03698,15-03-2026,Tanya Jain,Furniture,Desk Lamp,Ahmedabad,Gujarat,2,29374,0.08,4464.85,Wallet
ORD03699,04-12-2025,Komal Gupta,Grocery,Pulses,Kota,Rajasthan,3,3840,0.05,316.8,Net Banking
ORD03700,20-05-2025,Shivam Verma,Clothing,T-Shirt,Ghaziabad,Uttar Pradesh,3,1002,0,220.44,Net Banking
ORD03701,10-04-2026,Anjali Kumar,Electronics,Smartphone,Pune,Maharashtra,4,50108,0.15,3883.37,Wallet
ORD03702,28-01-2025,Rohit Singh,Furniture,Bookshelf,Jaipur,Rajasthan,2,35412,0.1,5134.74,Cash
ORD03703,24-12-2025,Nikhil Kumar,Clothing,Hoodie,Lucknow,Uttar Pradesh,4,9140,0.08,1754.88,UPI
ORD03704,16-05-2025,Karan Sharma,Clothing,Shoes,Mumbai,Maharashtra,4,5656,0.15,947.38,Net Banking
ORD03705,31-01-2025,Anjali Verma,Electronics,Tablet,Agra,Uttar Pradesh,5,85680,0.1,8139.6,UPI
ORD03706,03-11-2025,Karan Verma,Grocery,Rice,Meerut,Uttar Pradesh,6,3684,0.08,265.25,UPI
ORD03707,19-05-2026,Priya Jain,Furniture,Sofa,Bengaluru,Karnataka,2,44234,0.15,5639.84,Net Banking
ORD03708,12-07-2025,Priya Kumar,Furniture,Bookshelf,Lucknow,Uttar Pradesh,4,49356,0.08,7502.11,Card
ORD03709,12-07-2026,Arjun Jain,Electronics,Mouse,Mumbai,Maharashtra,6,9234,0.08,941.87,Net Banking
ORD03710,02-11-2025,Mohit Patel,Electronics,Tablet,Jaipur,Rajasthan,1,21502,0.15,1666.41,Wallet
ORD03711,20-03-2026,Anjali Gupta,Clothing,Kurta,Jaipur,Rajasthan,4,8788,0.05,1779.57,UPI
ORD03712,30-06-2025,Anjali Singh,Electronics,Keyboard,Bengaluru,Karnataka,5,226035,0.1,21473.33,UPI
ORD03713,20-03-2026,Shivam Sharma,Furniture,Filing Cabinet,Mumbai,Maharashtra,6,111024,0.08,16875.65,Cash
ORD03714,29-06-2025,Varun Jain,Clothing,Shoes,Pune,Maharashtra,6,27648,0.05,5598.72,Card
ORD03715,06-09-2025,Priya Verma,Clothing,Shoes,Delhi,Delhi,3,4686,0,1030.92,Card
ORD03716,13-06-2025,Rahul Verma,Grocery,Cooking Oil,Kolkata,West Bengal,6,4596,0.02,427.43,Net Banking
ORD03717,08-05-2026,Varun Mehta,Grocery,Spices,Lucknow,Uttar Pradesh,2,3784,0.15,179.74,Card
ORD03718,19-04-2026,Riya Sharma,Grocery,Biscuits,Meerut,Uttar Pradesh,4,2676,0.1,173.94,Card
ORD03719,20-08-2025,Simran Kaur,Furniture,Office Chair,Mumbai,Maharashtra,4,62028,0.1,8994.06,UPI
ORD03720,16-08-2025,Simran Yadav,Electronics,Tablet,Meerut,Uttar Pradesh,6,214734,0.02,26412.28,Cash
ORD03721,13-05-2025,Sneha Kaur,Grocery,Sugar,Agra,Uttar Pradesh,4,3160,0.02,293.88,UPI
ORD03722,01-01-2026,Shivam Kaur,Electronics,Headphones,Agra,Uttar Pradesh,2,45718,0.1,4343.21,Card
ORD03723,10-05-2025,Arjun Jain,Electronics,Keyboard,Kolkata,West Bengal,4,60232,0.15,4667.98,Cash
ORD03724,12-02-2025,Neha Yadav,Grocery,Rice,Lucknow,Uttar Pradesh,6,4488,0.05,370.26,Cash
ORD03725,06-04-2026,Sneha Sharma,Clothing,Jacket,Jaipur,Rajasthan,5,10630,0.1,1966.55,Cash
ORD03726,12-03-2025,Mohit Patel,Electronics,Monitor,Jaipur,Rajasthan,4,148652,0.1,14121.94,Net Banking
ORD03727,25-06-2026,Riya Yadav,Clothing,Shoes,Ahmedabad,Gujarat,6,24420,0.02,5201.46,Net Banking
ORD03728,18-03-2026,Aditya Verma,Electronics,Headphones,Lucknow,Uttar Pradesh,5,222935,0.05,25080.19,Card
ORD03729,16-06-2025,Vivek Jain,Furniture,Filing Cabinet,Meerut,Uttar Pradesh,5,15555,0.15,1983.26,Wallet
ORD03730,11-01-2025,Nikhil Singh,Clothing,Jacket,Mumbai,Maharashtra,4,15540,0,3418.8,Card
ORD03731,08-03-2026,Simran Sharma,Clothing,Jacket,Pune,Maharashtra,5,12925,0.02,2753.03,Net Banking
ORD03732,02-03-2025,Priya Singh,Grocery,Rice,Bengaluru,Karnataka,5,7015,0.02,652.39,UPI
ORD03733,01-05-2025,Karan Jain,Furniture,Table,Pune,Maharashtra,5,8740,0.15,1114.35,Net Banking
ORD03734,31-12-2025,Nikhil Jain,Electronics,Tablet,Meerut,Uttar Pradesh,5,76345,0.02,9390.43,Wallet
ORD03735,18-01-2025,Rohit Yadav,Electronics,Smartphone,Mumbai,Maharashtra,1,3102,0.1,294.69,Card
ORD03736,15-04-2026,Rahul Singh,Furniture,Sofa,Lucknow,Uttar Pradesh,2,22968,0.08,3491.14,Net Banking
ORD03737,26-01-2026,Mohit Patel,Grocery,Atta,Mumbai,Maharashtra,4,1480,0.05,122.1,Net Banking
ORD03738,22-05-2026,Anjali Patel,Clothing,Shoes,Chandigarh,Chandigarh,5,13615,0.05,2757.04,Cash
ORD03739,03-09-2025,Riya Singh,Clothing,Jacket,Delhi,Delhi,3,8865,0.15,1484.89,Wallet
ORD03740,21-10-2025,Priya Jain,Electronics,Printer,Noida,Uttar Pradesh,3,102843,0.05,11569.84,Card
ORD03741,11-01-2026,Neha Sharma,Clothing,Jeans,Chandigarh,Chandigarh,3,4119,0.15,689.93,Net Banking
ORD03742,10-03-2025,Tanya Singh,Furniture,Office Chair,Jaipur,Rajasthan,6,66402,0,11952.36,UPI
ORD03743,30-10-2025,Anjali Singh,Clothing,Hoodie,Agra,Uttar Pradesh,4,10876,0.15,1821.73,UPI
ORD03744,30-01-2026,Tanya Gupta,Furniture,Office Chair,Kolkata,West Bengal,6,31440,0.08,4778.88,Net Banking
ORD03745,04-11-2025,Amit Verma,Furniture,Office Chair,Mumbai,Maharashtra,6,112326,0.02,19432.4,Cash
ORD03746,19-10-2025,Vivek Sharma,Furniture,Table,Chandigarh,Chandigarh,1,6322,0.15,806.06,Card
ORD03747,13-08-2026,Simran Kumar,Furniture,Sofa,Ghaziabad,Uttar Pradesh,3,65706,0,11827.08,Card
ORD03748,18-06-2025,Mohit Kaur,Electronics,Laptop,Agra,Uttar Pradesh,6,330144,0.15,25586.16,Wallet
ORD03749,05-05-2026,Tanya Gupta,Clothing,Kurta,Pune,Maharashtra,1,520,0.05,105.3,UPI
ORD03750,21-02-2026,Rahul Kumar,Furniture,Filing Cabinet,Ghaziabad,Uttar Pradesh,2,22892,0.05,3719.95,Wallet
ORD03751,27-08-2025,Simran Jain,Electronics,Monitor,Ghaziabad,Uttar Pradesh,3,147489,0.15,11430.4,Cash
ORD03752,30-06-2025,Sneha Mehta,Grocery,Cooking Oil,Ghaziabad,Uttar Pradesh,2,3702,0.15,175.85,Wallet
ORD03753,12-05-2025,Rohit Kumar,Grocery,Cooking Oil,Meerut,Uttar Pradesh,4,4236,0.05,349.47,Card
ORD03754,28-07-2025,Komal Kumar,Electronics,Keyboard,Pune,Maharashtra,1,58458,0.15,4530.5,Card
ORD03755,28-07-2026,Amit Singh,Electronics,Monitor,Lucknow,Uttar Pradesh,5,284570,0.05,32014.12,Wallet
ORD03756,06-11-2025,Mohit Singh,Electronics,Monitor,Pune,Maharashtra,4,179980,0.08,18357.96,Card
ORD03757,06-02-2025,Komal Singh,Electronics,Monitor,Bengaluru,Karnataka,5,287705,0.1,27331.97,UPI
ORD03758,31-07-2025,Rohit Kaur,Furniture,Table,Agra,Uttar Pradesh,4,76808,0.15,9793.02,Card
ORD03759,25-02-2025,Vivek Kumar,Furniture,Sofa,Ahmedabad,Gujarat,6,83184,0.08,12643.97,Net Banking
ORD03760,16-07-2026,Shivam Kumar,Electronics,Laptop,Ahmedabad,Gujarat,6,89184,0.15,6911.76,Wallet
ORD03761,25-04-2025,Karan Verma,Electronics,Printer,Lucknow,Uttar Pradesh,1,21640,0,2813.2,Card
ORD03762,17-03-2026,Rahul Kaur,Electronics,Mouse,Lucknow,Uttar Pradesh,3,118275,0.05,13305.94,UPI
ORD03763,23-05-2026,Sneha Yadav,Clothing,Kurta,Kota,Rajasthan,4,12500,0,2750,Card
ORD03764,20-08-2025,Priya Mehta,Clothing,Dress,Ahmedabad,Gujarat,6,24372,0.02,5191.24,Card
ORD03765,31-05-2026,Priya Kumar,Electronics,Tablet,Delhi,Delhi,2,87986,0.08,8974.57,UPI
ORD03766,11-08-2026,Tanya Mehta,Clothing,Hoodie,Chandigarh,Chandigarh,4,2212,0.02,471.16,Card
ORD03767,20-12-2025,Tanya Patel,Electronics,Tablet,Jaipur,Rajasthan,4,8352,0,1085.76,Cash
ORD03768,21-05-2025,Karan Verma,Grocery,Spices,Jaipur,Rajasthan,6,6510,0.15,309.23,Net Banking
ORD03769,22-11-2025,Komal Sharma,Electronics,Laptop,Kota,Rajasthan,1,49240,0.15,3816.1,UPI
ORD03770,07-03-2026,Pooja Verma,Grocery,Cooking Oil,Lucknow,Uttar Pradesh,6,1668,0.1,108.42,Card
ORD03771,02-07-2026,Aditya Gupta,Furniture,Bookshelf,Ghaziabad,Uttar Pradesh,1,14111,0.05,2293.04,Cash
ORD03772,10-12-2025,Tanya Sharma,Furniture,Desk Lamp,Bengaluru,Karnataka,2,17550,0.08,2667.6,Wallet
ORD03773,25-05-2025,Mohit Jain,Grocery,Atta,Meerut,Uttar Pradesh,5,7055,0.1,458.57,Cash
ORD03774,28-04-2025,Shivam Mehta,Clothing,Jacket,Agra,Uttar Pradesh,1,2033,0.1,376.11,UPI
ORD03775,23-05-2026,Varun Jain,Furniture,Bookshelf,Mumbai,Maharashtra,2,17014,0.08,2586.13,Card
ORD03776,04-09-2025,Varun Sharma,Grocery,Sugar,Jaipur,Rajasthan,5,4340,0.02,403.62,UPI
ORD03777,08-01-2026,Komal Gupta,Clothing,Dress,Ghaziabad,Uttar Pradesh,4,9564,0.08,1836.29,Net Banking
ORD03778,30-09-2025,Rohit Mehta,Grocery,Tea,Mumbai,Maharashtra,4,8176,0.15,388.36,Card
ORD03779,19-04-2025,Sneha Yadav,Grocery,Cooking Oil,Meerut,Uttar Pradesh,1,1719,0.02,159.87,Cash
ORD03780,05-05-2025,Simran Yadav,Furniture,Desk Lamp,Kota,Rajasthan,4,55580,0,10004.4,Wallet
ORD03781,03-10-2025,Simran Kumar,Clothing,T-Shirt,Mumbai,Maharashtra,1,1208,0.15,202.34,Cash
ORD03782,08-08-2025,Riya Kumar,Grocery,Atta,Mumbai,Maharashtra,1,1356,0.15,64.41,UPI
ORD03783,01-02-2025,Pooja Mehta,Grocery,Spices,Noida,Uttar Pradesh,1,1337,0.08,96.26,UPI
ORD03784,07-12-2025,Anjali Yadav,Electronics,Keyboard,Jaipur,Rajasthan,6,297858,0,38721.54,Cash
ORD03785,10-09-2025,Riya Jain,Grocery,Biscuits,Lucknow,Uttar Pradesh,2,3422,0.1,222.43,Cash
ORD03786,23-07-2025,Vivek Gupta,Furniture,Sofa,Kota,Rajasthan,1,9546,0,1718.28,Cash
ORD03787,25-02-2026,Nikhil Sharma,Clothing,Jacket,Ahmedabad,Gujarat,5,16005,0.15,2680.84,UPI
ORD03788,28-02-2026,Neha Singh,Furniture,Office Chair,Ahmedabad,Gujarat,1,3838,0.1,556.51,Net Banking
ORD03789,01-10-2025,Neha Kumar,Furniture,Table,Mumbai,Maharashtra,4,80144,0.08,12181.89,Net Banking
ORD03790,12-01-2026,Amit Patel,Furniture,Sofa,Kolkata,West Bengal,5,41970,0.1,6085.65,Cash
ORD03791,31-01-2025,Tanya Patel,Grocery,Rice,Kolkata,West Bengal,5,4365,0.05,360.11,UPI
ORD03792,13-07-2025,Nikhil Gupta,Grocery,Biscuits,Delhi,Delhi,5,2720,0,272,UPI
ORD03793,30-07-2026,Simran Verma,Furniture,Bookshelf,Ahmedabad,Gujarat,5,106950,0.05,17379.38,Net Banking
ORD03794,14-05-2026,Shivam Yadav,Grocery,Rice,Delhi,Delhi,6,10800,0.02,1004.4,Wallet
ORD03795,30-12-2025,Simran Gupta,Clothing,Dress,Noida,Uttar Pradesh,3,5352,0.1,990.12,Wallet
ORD03796,28-03-2025,Aditya Yadav,Grocery,Spices,Pune,Maharashtra,3,3846,0.02,357.68,Net Banking
ORD03797,13-01-2025,Rohit Mehta,Furniture,Sofa,Agra,Uttar Pradesh,2,34400,0,6192,UPI
ORD03798,19-10-2025,Anjali Patel,Grocery,Sugar,Lucknow,Uttar Pradesh,3,5904,0.1,383.76,Card
ORD03799,06-08-2025,Varun Verma,Furniture,Bookshelf,Bengaluru,Karnataka,1,14211,0.15,1811.9,Card
ORD03800,04-04-2025,Amit Sharma,Grocery,Tea,Chandigarh,Chandigarh,5,10360,0.15,492.1,UPI
ORD03801,18-10-2025,Anjali Kaur,Grocery,Rice,Kota,Rajasthan,5,2515,0.02,233.9,Net Banking
ORD03802,05-11-2025,Varun Gupta,Electronics,Mouse,Delhi,Delhi,3,173625,0.1,16494.38,UPI
ORD03803,26-12-2025,Neha Jain,Clothing,Jeans,Bengaluru,Karnataka,6,13848,0.05,2804.22,Card
ORD03804,03-01-2026,Riya Kaur,Furniture,Sofa,Meerut,Uttar Pradesh,6,109956,0.08,16713.31,Wallet
ORD03805,23-01-2026,Simran Kaur,Electronics,Mouse,Delhi,Delhi,2,55536,0.05,6247.8,Net Banking
ORD03806,08-03-2025,Komal Kaur,Electronics,Monitor,Agra,Uttar Pradesh,5,186620,0.02,22954.26,UPI
ORD03807,14-08-2026,Rohit Kumar,Clothing,T-Shirt,Chandigarh,Chandigarh,1,4294,0.15,719.25,Net Banking
ORD03808,26-01-2026,Priya Kumar,Electronics,Monitor,Lucknow,Uttar Pradesh,4,69976,0.05,7872.3,Wallet
ORD03809,07-11-2025,Arjun Gupta,Furniture,Office Chair,Kolkata,West Bengal,5,78950,0.05,12829.38,Net Banking
ORD03810,11-12-2025,Arjun Verma,Furniture,Filing Cabinet,Ahmedabad,Gujarat,6,106284,0.1,15411.18,Net Banking
ORD03811,05-01-2025,Amit Kaur,Grocery,Tea,Mumbai,Maharashtra,6,12654,0.08,911.09,Wallet
ORD03812,08-04-2025,Arjun Kumar,Electronics,Keyboard,Agra,Uttar Pradesh,2,23820,0.05,2679.75,Wallet
ORD03813,09-08-2026,Shivam Sharma,Electronics,Keyboard,Kolkata,West Bengal,2,54438,0.08,5552.68,Wallet
ORD03814,09-07-2026,Nikhil Yadav,Grocery,Spices,Jaipur,Rajasthan,6,954,0.02,88.72,Card
ORD03815,24-02-2026,Vivek Mehta,Furniture,Desk Lamp,Bengaluru,Karnataka,3,47556,0,8560.08,Wallet
ORD03816,13-07-2025,Aditya Sharma,Furniture,Office Chair,Kolkata,West Bengal,6,5028,0,905.04,Wallet
ORD03817,04-03-2025,Komal Jain,Electronics,Printer,Delhi,Delhi,2,65086,0.1,6183.17,Net Banking
ORD03818,05-02-2025,Shivam Jain,Grocery,Sugar,Meerut,Uttar Pradesh,1,2122,0.15,100.8,Card
ORD03819,22-03-2026,Aditya Gupta,Clothing,Kurta,Lucknow,Uttar Pradesh,5,7830,0.15,1311.53,Wallet
ORD03820,02-03-2025,Aditya Gupta,Grocery,Spices,Bengaluru,Karnataka,2,3516,0.05,290.07,Cash
ORD03821,28-04-2026,Riya Yadav,Clothing,Shoes,Agra,Uttar Pradesh,4,5564,0.08,1068.29,Cash
ORD03822,05-10-2025,Aditya Kaur,Electronics,Keyboard,Mumbai,Maharashtra,1,29878,0.1,2838.41,Wallet
ORD03823,08-12-2025,Neha Singh,Clothing,T-Shirt,Ahmedabad,Gujarat,1,1887,0.05,382.12,UPI
ORD03824,01-03-2025,Pooja Singh,Furniture,Sofa,Meerut,Uttar Pradesh,4,83344,0.02,14418.51,Net Banking
ORD03825,05-09-2025,Rahul Patel,Clothing,Jacket,Meerut,Uttar Pradesh,3,11793,0.02,2511.91,UPI
ORD03826,10-12-2025,Priya Mehta,Grocery,Tea,Kolkata,West Bengal,1,1640,0.02,152.52,Wallet
ORD03827,14-02-2026,Aditya Yadav,Clothing,Jeans,Bengaluru,Karnataka,2,5052,0.08,969.98,UPI
ORD03828,12-08-2026,Shivam Sharma,Furniture,Bookshelf,Chandigarh,Chandigarh,5,36785,0.08,5591.32,UPI
ORD03829,22-02-2026,Tanya Verma,Clothing,Hoodie,Ahmedabad,Gujarat,2,7144,0.15,1196.62,Card
ORD03830,13-05-2025,Neha Jain,Furniture,Sofa,Jaipur,Rajasthan,2,15826,0.05,2571.72,Cash
ORD03831,24-05-2025,Karan Kaur,Grocery,Atta,Kolkata,West Bengal,5,5125,0.08,369,Card
ORD03832,06-02-2025,Karan Verma,Furniture,Bookshelf,Kolkata,West Bengal,5,38060,0,6850.8,Net Banking
ORD03833,26-05-2025,Pooja Gupta,Electronics,Laptop,Mumbai,Maharashtra,6,233262,0.05,26241.98,UPI
ORD03834,15-07-2025,Karan Verma,Furniture,Filing Cabinet,Kota,Rajasthan,1,9552,0.02,1652.5,UPI
ORD03835,26-03-2025,Neha Yadav,Furniture,Desk Lamp,Lucknow,Uttar Pradesh,3,41586,0.15,5302.22,Net Banking
ORD03836,30-08-2026,Komal Yadav,Electronics,Headphones,Kota,Rajasthan,2,58856,0,7651.28,UPI
ORD03837,17-01-2025,Riya Gupta,Grocery,Spices,Pune,Maharashtra,6,9954,0.1,647.01,Cash
ORD03838,12-01-2026,Aditya Jain,Clothing,Jacket,Lucknow,Uttar Pradesh,6,8880,0,1953.6,Card
ORD03839,31-07-2025,Neha Kaur,Grocery,Atta,Jaipur,Rajasthan,3,609,0.05,50.24,Card
ORD03840,16-05-2025,Komal Jain,Grocery,Biscuits,Pune,Maharashtra,2,2314,0.15,109.92,Card
ORD03841,25-04-2026,Komal Verma,Electronics,Mouse,Pune,Maharashtra,4,163252,0.1,15508.94,Card
ORD03842,07-06-2026,Mohit Patel,Electronics,Smartphone,Delhi,Delhi,2,22824,0,2967.12,Net Banking
ORD03843,06-12-2025,Rahul Mehta,Clothing,Hoodie,Agra,Uttar Pradesh,1,544,0.02,115.87,Net Banking
ORD03844,14-04-2026,Karan Gupta,Grocery,Spices,Bengaluru,Karnataka,6,1380,0.08,99.36,Net Banking
ORD03845,29-06-2026,Nikhil Verma,Grocery,Pulses,Noida,Uttar Pradesh,3,7221,0.1,469.37,Card
ORD03846,25-06-2026,Anjali Singh,Clothing,Dress,Pune,Maharashtra,1,307,0.02,65.39,Cash
ORD03847,30-11-2025,Mohit Patel,Furniture,Sofa,Jaipur,Rajasthan,2,11606,0,2089.08,Net Banking
ORD03848,01-03-2026,Karan Patel,Furniture,Filing Cabinet,Kota,Rajasthan,3,22638,0.1,3282.51,Wallet
ORD03849,25-07-2025,Varun Patel,Clothing,Kurta,Agra,Uttar Pradesh,5,13335,0,2933.7,Cash
ORD03850,22-03-2026,Mohit Verma,Clothing,Hoodie,Chandigarh,Chandigarh,3,11091,0.05,2245.93,UPI
ORD03851,24-02-2025,Neha Kumar,Grocery,Rice,Mumbai,Maharashtra,4,3876,0,387.6,UPI
ORD03852,21-01-2026,Karan Singh,Furniture,Filing Cabinet,Kolkata,West Bengal,4,29940,0.08,4550.88,Cash
ORD03853,29-07-2025,Vivek Jain,Grocery,Pulses,Ghaziabad,Uttar Pradesh,6,5046,0.02,469.28,Net Banking
ORD03854,05-02-2026,Rahul Kumar,Clothing,Kurta,Ghaziabad,Uttar Pradesh,5,4175,0.08,801.6,Wallet
ORD03855,16-06-2026,Nikhil Mehta,Electronics,Laptop,Pune,Maharashtra,1,20415,0.1,1939.42,UPI
ORD03856,13-11-2025,Vivek Kaur,Grocery,Sugar,Ahmedabad,Gujarat,6,4266,0.08,307.15,Wallet
ORD03857,07-01-2026,Simran Kumar,Furniture,Filing Cabinet,Kota,Rajasthan,5,62555,0.1,9070.47,Net Banking
ORD03858,22-07-2025,Aditya Kumar,Grocery,Rice,Kolkata,West Bengal,5,875,0.1,56.88,Net Banking
ORD03859,27-07-2026,Rohit Sharma,Clothing,Hoodie,Chandigarh,Chandigarh,6,19776,0.15,3312.48,Cash
ORD03860,22-03-2026,Shivam Gupta,Clothing,Hoodie,Kota,Rajasthan,2,5054,0.08,970.37,Cash
ORD03861,17-07-2026,Amit Yadav,Grocery,Sugar,Chandigarh,Chandigarh,2,4580,0.08,329.76,Card
ORD03862,21-07-2026,Pooja Kaur,Electronics,Smartphone,Jaipur,Rajasthan,4,92776,0,12060.88,Wallet
ORD03863,26-06-2026,Varun Jain,Clothing,Dress,Kota,Rajasthan,4,4164,0.1,770.34,Card
ORD03864,17-02-2026,Komal Yadav,Grocery,Tea,Ghaziabad,Uttar Pradesh,3,4599,0,459.9,Wallet
ORD03865,28-11-2025,Amit Singh,Furniture,Desk Lamp,Delhi,Delhi,4,23872,0.15,3043.68,Card
ORD03866,19-06-2025,Simran Verma,Electronics,Tablet,Lucknow,Uttar Pradesh,4,212692,0.1,20205.74,Cash
ORD03867,04-12-2025,Arjun Kumar,Furniture,Bookshelf,Lucknow,Uttar Pradesh,5,70465,0.1,10217.42,Card
ORD03868,01-06-2026,Sneha Kumar,Electronics,Smartphone,Jaipur,Rajasthan,1,54506,0.02,6704.24,UPI
ORD03869,25-10-2025,Riya Mehta,Electronics,Mouse,Agra,Uttar Pradesh,3,84297,0.1,8008.22,UPI
ORD03870,17-02-2026,Simran Kaur,Clothing,Kurta,Kolkata,West Bengal,1,2036,0.08,390.91,Cash
ORD03871,25-03-2025,Nikhil Kumar,Grocery,Spices,Chandigarh,Chandigarh,5,2905,0.15,137.99,Card
ORD03872,12-08-2026,Riya Yadav,Furniture,Office Chair,Kolkata,West Bengal,3,6750,0.02,1167.75,Cash
ORD03873,06-11-2025,Rohit Yadav,Grocery,Cooking Oil,Bengaluru,Karnataka,5,1305,0,130.5,Wallet
ORD03874,02-03-2026,Riya Sharma,Furniture,Table,Ghaziabad,Uttar Pradesh,3,15279,0.1,2215.45,UPI
ORD03875,21-06-2025,Shivam Yadav,Furniture,Desk Lamp,Agra,Uttar Pradesh,3,2430,0,437.4,Net Banking
ORD03876,08-07-2025,Vivek Yadav,Furniture,Desk Lamp,Delhi,Delhi,1,1821,0,327.78,Net Banking
ORD03877,03-04-2025,Tanya Gupta,Electronics,Monitor,Agra,Uttar Pradesh,5,20955,0.08,2137.41,Wallet
ORD03878,18-01-2026,Amit Yadav,Electronics,Mouse,Jaipur,Rajasthan,6,312042,0.15,24183.26,Cash
ORD03879,16-08-2025,Shivam Mehta,Electronics,Monitor,Bengaluru,Karnataka,6,322320,0.1,30620.4,Wallet
ORD03880,10-05-2026,Rahul Jain,Grocery,Cooking Oil,Mumbai,Maharashtra,4,8388,0,838.8,UPI
ORD03881,16-06-2025,Varun Yadav,Clothing,Kurta,Meerut,Uttar Pradesh,5,9855,0.15,1650.71,UPI
ORD03882,29-08-2026,Karan Verma,Grocery,Cooking Oil,Pune,Maharashtra,4,1688,0.02,156.98,Card
ORD03883,19-05-2025,Amit Patel,Electronics,Mouse,Lucknow,Uttar Pradesh,5,118675,0.02,14597.02,Cash
ORD03884,16-03-2025,Aditya Kaur,Electronics,Laptop,Ahmedabad,Gujarat,2,63852,0.15,4948.53,Cash
ORD03885,08-07-2026,Rahul Mehta,Clothing,Shoes,Meerut,Uttar Pradesh,6,23862,0.05,4832.06,Net Banking
ORD03886,15-05-2025,Amit Verma,Electronics,Monitor,Chandigarh,Chandigarh,2,119834,0.08,12223.07,UPI
ORD03887,06-04-2025,Arjun Kumar,Grocery,Biscuits,Noida,Uttar Pradesh,4,5528,0.08,398.02,UPI
ORD03888,25-03-2025,Rohit Singh,Grocery,Rice,Ahmedabad,Gujarat,6,2034,0.1,132.21,Card
ORD03889,21-08-2026,Komal Kaur,Furniture,Table,Delhi,Delhi,2,22868,0.05,3716.05,Wallet
ORD03890,19-10-2025,Anjali Patel,Furniture,Office Chair,Jaipur,Rajasthan,2,16094,0,2896.92,Net Banking
ORD03891,21-04-2025,Shivam Mehta,Electronics,Laptop,Pune,Maharashtra,6,155736,0.15,12069.54,Wallet
ORD03892,02-04-2025,Priya Singh,Electronics,Headphones,Agra,Uttar Pradesh,1,23129,0.02,2844.87,UPI
ORD03893,08-10-2025,Rohit Jain,Furniture,Sofa,Delhi,Delhi,5,24060,0.08,3657.12,UPI
ORD03894,19-03-2025,Tanya Kaur,Clothing,Jacket,Chandigarh,Chandigarh,4,2592,0.1,479.52,UPI
ORD03895,12-03-2026,Shivam Yadav,Clothing,T-Shirt,Kolkata,West Bengal,5,11170,0.05,2261.93,Cash
ORD03896,28-08-2026,Anjali Jain,Clothing,Kurta,Agra,Uttar Pradesh,1,3609,0,793.98,UPI
ORD03897,12-02-2026,Nikhil Patel,Grocery,Atta,Chandigarh,Chandigarh,4,4616,0.05,380.82,Wallet
ORD03898,09-08-2026,Amit Kaur,Furniture,Filing Cabinet,Pune,Maharashtra,6,112218,0.05,18235.42,Cash
ORD03899,17-01-2025,Vivek Patel,Furniture,Desk Lamp,Lucknow,Uttar Pradesh,1,10795,0.02,1867.53,Cash
ORD03900,01-07-2026,Vivek Kaur,Grocery,Pulses,Jaipur,Rajasthan,2,2750,0.02,255.75,Net Banking
ORD03901,09-04-2025,Riya Gupta,Grocery,Cooking Oil,Pune,Maharashtra,3,2637,0,263.7,Net Banking
ORD03902,28-10-2025,Riya Jain,Furniture,Desk Lamp,Bengaluru,Karnataka,4,19380,0.08,2945.76,Cash
ORD03903,02-04-2026,Riya Kumar,Electronics,Keyboard,Kolkata,West Bengal,6,155934,0.02,19179.88,UPI
ORD03904,22-03-2026,Rahul Verma,Grocery,Spices,Meerut,Uttar Pradesh,6,13752,0.08,990.14,Cash
ORD03905,27-02-2026,Aditya Sharma,Furniture,Bookshelf,Kolkata,West Bengal,4,75076,0.1,10886.02,UPI
ORD03906,18-05-2026,Vivek Sharma,Grocery,Biscuits,Jaipur,Rajasthan,2,4236,0.15,201.21,Card
ORD03907,30-03-2025,Neha Yadav,Electronics,Smartphone,Ahmedabad,Gujarat,4,37036,0.02,4555.43,Card
ORD03908,04-02-2026,Amit Sharma,Clothing,Jeans,Ghaziabad,Uttar Pradesh,3,4620,0.05,935.55,Wallet
ORD03909,04-02-2026,Priya Kaur,Clothing,Dress,Ahmedabad,Gujarat,5,14150,0.1,2617.75,Card
ORD03910,09-01-2025,Mohit Verma,Electronics,Smartphone,Ahmedabad,Gujarat,1,22848,0.02,2810.3,Cash
ORD03911,06-10-2025,Mohit Mehta,Furniture,Office Chair,Ghaziabad,Uttar Pradesh,6,28200,0.1,4089,UPI
ORD03912,02-06-2025,Karan Singh,Clothing,Kurta,Ahmedabad,Gujarat,5,10915,0.05,2210.29,Card
ORD03913,16-08-2026,Simran Gupta,Electronics,Laptop,Pune,Maharashtra,1,58480,0.02,7193.04,Card
ORD03914,15-10-2025,Rahul Jain,Electronics,Headphones,Chandigarh,Chandigarh,6,317694,0,41300.22,Net Banking
ORD03915,22-04-2026,Aditya Patel,Furniture,Bookshelf,Chandigarh,Chandigarh,2,46224,0.15,5893.56,Wallet
ORD03916,09-04-2025,Rohit Mehta,Furniture,Filing Cabinet,Ahmedabad,Gujarat,3,6834,0.02,1182.28,Wallet
ORD03917,03-08-2026,Komal Kumar,Furniture,Table,Noida,Uttar Pradesh,2,33848,0.1,4907.96,Wallet
ORD03918,04-06-2025,Vivek Singh,Electronics,Laptop,Delhi,Delhi,6,226494,0.08,23102.39,Net Banking
ORD03919,07-12-2025,Mohit Jain,Clothing,Shoes,Mumbai,Maharashtra,5,19325,0.02,4116.22,Net Banking
ORD03920,07-08-2025,Vivek Jain,Grocery,Tea,Kolkata,West Bengal,3,1806,0.08,130.03,Wallet
ORD03921,19-11-2025,Vivek Gupta,Furniture,Table,Chandigarh,Chandigarh,4,85312,0.02,14758.98,Card
ORD03922,11-03-2025,Sneha Jain,Furniture,Filing Cabinet,Agra,Uttar Pradesh,2,23026,0,4144.68,Wallet
ORD03923,15-09-2025,Anjali Yadav,Furniture,Desk Lamp,Delhi,Delhi,3,6927,0.02,1198.37,Card
ORD03924,28-03-2026,Riya Kaur,Furniture,Desk Lamp,Kota,Rajasthan,2,2066,0.05,335.73,Net Banking
ORD03925,08-07-2026,Varun Kaur,Grocery,Spices,Chandigarh,Chandigarh,1,2260,0.02,210.18,Cash
ORD03926,13-05-2025,Amit Kaur,Clothing,Dress,Chandigarh,Chandigarh,5,19795,0,4354.9,Cash
ORD03927,23-07-2026,Mohit Patel,Furniture,Office Chair,Bengaluru,Karnataka,2,48574,0.08,7383.25,Card
ORD03928,12-05-2025,Rohit Sharma,Electronics,Smartphone,Kolkata,West Bengal,6,57180,0.08,5832.36,Net Banking
ORD03929,04-01-2025,Rohit Sharma,Clothing,Dress,Noida,Uttar Pradesh,3,7371,0.02,1570.02,Net Banking
ORD03930,27-01-2026,Vivek Yadav,Electronics,Headphones,Lucknow,Uttar Pradesh,3,29784,0.1,2829.48,Net Banking
ORD03931,06-05-2026,Rohit Kumar,Clothing,Jacket,Ghaziabad,Uttar Pradesh,2,1732,0.1,320.42,Cash
ORD03932,07-04-2026,Arjun Patel,Furniture,Table,Ahmedabad,Gujarat,2,19728,0.1,2860.56,Net Banking
ORD03933,30-07-2025,Vivek Verma,Grocery,Rice,Noida,Uttar Pradesh,1,267,0.15,12.68,Cash
ORD03934,10-07-2026,Mohit Jain,Clothing,Kurta,Pune,Maharashtra,4,13136,0.15,2200.28,Net Banking
ORD03935,24-02-2025,Neha Kumar,Electronics,Monitor,Ahmedabad,Gujarat,4,136548,0.08,13927.9,Cash
ORD03936,24-03-2026,Karan Jain,Furniture,Sofa,Pune,Maharashtra,3,23766,0.08,3612.43,Card
ORD03937,01-05-2025,Arjun Singh,Grocery,Tea,Pune,Maharashtra,1,942,0.02,87.61,Card
ORD03938,26-03-2026,Rahul Gupta,Furniture,Desk Lamp,Agra,Uttar Pradesh,3,57129,0,10283.22,Net Banking
ORD03939,22-06-2026,Pooja Mehta,Furniture,Filing Cabinet,Noida,Uttar Pradesh,3,74340,0.15,9478.35,Wallet
ORD03940,07-01-2025,Sneha Sharma,Grocery,Tea,Kota,Rajasthan,4,8452,0.05,697.29,Card
ORD03941,04-01-2025,Sneha Mehta,Grocery,Spices,Jaipur,Rajasthan,3,5181,0,518.1,Card
ORD03942,06-07-2026,Neha Kumar,Furniture,Desk Lamp,Ahmedabad,Gujarat,2,9472,0.02,1638.66,Wallet
ORD03943,23-07-2026,Simran Kaur,Furniture,Desk Lamp,Jaipur,Rajasthan,5,31035,0.08,4717.32,Card
ORD03944,12-01-2025,Vivek Yadav,Grocery,Tea,Chandigarh,Chandigarh,2,1846,0.02,171.68,Wallet
ORD03945,11-02-2026,Amit Gupta,Grocery,Atta,Bengaluru,Karnataka,1,1727,0.08,124.34,Wallet
ORD03946,28-09-2025,Pooja Yadav,Clothing,Jeans,Noida,Uttar Pradesh,2,3914,0.05,792.59,Wallet
ORD03947,13-11-2025,Nikhil Yadav,Clothing,Kurta,Mumbai,Maharashtra,1,1221,0.1,225.88,UPI
ORD03948,29-08-2025,Sneha Jain,Furniture,Bookshelf,Meerut,Uttar Pradesh,1,1753,0.08,266.46,UPI
ORD03949,16-09-2025,Komal Kumar,Grocery,Rice,Lucknow,Uttar Pradesh,5,5015,0.08,361.08,UPI
ORD03950,20-07-2026,Mohit Patel,Grocery,Biscuits,Pune,Maharashtra,3,4680,0.15,222.3,Cash
ORD03951,22-07-2025,Rohit Verma,Furniture,Office Chair,Pune,Maharashtra,2,34344,0.1,4979.88,Net Banking
ORD03952,01-07-2025,Aditya Mehta,Furniture,Filing Cabinet,Jaipur,Rajasthan,3,59040,0.08,8974.08,Net Banking
ORD03953,03-08-2025,Mohit Jain,Grocery,Pulses,Kota,Rajasthan,4,6316,0.1,410.54,Net Banking
ORD03954,21-09-2025,Tanya Kumar,Electronics,Mouse,Ahmedabad,Gujarat,3,19356,0.08,1974.31,Wallet
ORD03955,12-07-2026,Vivek Singh,Clothing,Jeans,Kolkata,West Bengal,5,2460,0.1,455.1,Net Banking
ORD03956,17-05-2026,Riya Kumar,Grocery,Atta,Ghaziabad,Uttar Pradesh,2,266,0.15,12.64,Cash
ORD03957,19-04-2025,Anjali Gupta,Electronics,Laptop,Noida,Uttar Pradesh,1,5973,0.02,734.68,Wallet
ORD03958,27-02-2026,Simran Kaur,Electronics,Headphones,Lucknow,Uttar Pradesh,2,99422,0.02,12228.91,Wallet
ORD03959,31-03-2025,Rahul Jain,Furniture,Office Chair,Lucknow,Uttar Pradesh,5,102910,0,18523.8,Net Banking
ORD03960,19-01-2025,Vivek Patel,Electronics,Tablet,Kolkata,West Bengal,3,164103,0.08,16738.51,Wallet
ORD03961,28-01-2025,Riya Kaur,Electronics,Smartphone,Kota,Rajasthan,2,70708,0.15,5479.87,Wallet
ORD03962,05-07-2025,Amit Patel,Grocery,Pulses,Bengaluru,Karnataka,2,3330,0.08,239.76,Net Banking
ORD03963,15-04-2026,Arjun Mehta,Electronics,Laptop,Kolkata,West Bengal,2,101034,0.02,12427.18,Cash
ORD03964,01-02-2026,Shivam Patel,Furniture,Filing Cabinet,Meerut,Uttar Pradesh,1,12722,0.1,1844.69,Net Banking
ORD03965,08-01-2026,Mohit Kaur,Furniture,Bookshelf,Agra,Uttar Pradesh,5,80835,0,14550.3,Wallet
ORD03966,02-05-2025,Rohit Yadav,Furniture,Table,Kolkata,West Bengal,4,64396,0,11591.28,Cash
ORD03967,07-07-2025,Nikhil Sharma,Electronics,Printer,Bengaluru,Karnataka,4,56296,0.15,4362.94,Wallet
ORD03968,03-07-2026,Varun Mehta,Grocery,Biscuits,Jaipur,Rajasthan,5,11700,0.15,555.75,UPI
ORD03969,22-12-2025,Komal Mehta,Electronics,Smartphone,Bengaluru,Karnataka,5,158410,0.02,19484.43,Net Banking
ORD03970,08-10-2025,Simran Kaur,Clothing,Hoodie,Ghaziabad,Uttar Pradesh,6,11358,0.08,2180.74,UPI
ORD03971,20-05-2026,Nikhil Yadav,Furniture,Sofa,Ghaziabad,Uttar Pradesh,2,33712,0.08,5124.22,Wallet
ORD03972,01-02-2026,Riya Patel,Grocery,Tea,Chandigarh,Chandigarh,3,6606,0.08,475.63,Cash
ORD03973,02-09-2025,Simran Kaur,Clothing,Shoes,Chandigarh,Chandigarh,1,3157,0.05,639.29,Cash
ORD03974,25-01-2025,Mohit Verma,Clothing,Dress,Delhi,Delhi,6,8172,0.05,1654.83,Net Banking
ORD03975,07-10-2025,Komal Patel,Grocery,Atta,Pune,Maharashtra,6,612,0.1,39.78,Net Banking
ORD03976,28-01-2025,Karan Kaur,Clothing,Jeans,Bengaluru,Karnataka,5,12095,0.05,2449.24,Cash
ORD03977,08-01-2025,Mohit Verma,Clothing,Kurta,Ahmedabad,Gujarat,1,4248,0.1,785.88,Wallet
ORD03978,18-08-2026,Pooja Singh,Furniture,Table,Chandigarh,Chandigarh,5,64925,0.08,9868.6,Wallet
ORD03979,22-06-2026,Amit Gupta,Electronics,Mouse,Jaipur,Rajasthan,5,127440,0.05,14337,UPI
ORD03980,31-03-2025,Mohit Sharma,Grocery,Sugar,Kota,Rajasthan,2,612,0.05,50.49,Net Banking
ORD03981,18-11-2025,Rohit Sharma,Furniture,Table,Kolkata,West Bengal,6,55434,0,9978.12,Card
ORD03982,19-08-2026,Nikhil Verma,Grocery,Biscuits,Mumbai,Maharashtra,2,4526,0.08,325.87,Card
ORD03983,08-02-2026,Nikhil Sharma,Clothing,Shoes,Kota,Rajasthan,3,11394,0.05,2307.29,Card
ORD03984,01-05-2026,Simran Kumar,Furniture,Table,Kota,Rajasthan,2,38980,0.1,5652.1,Cash
ORD03985,24-02-2025,Priya Sharma,Furniture,Office Chair,Chandigarh,Chandigarh,5,50475,0,9085.5,Card
ORD03986,02-12-2025,Rohit Mehta,Grocery,Spices,Delhi,Delhi,4,9056,0,905.6,Cash
ORD03987,26-04-2026,Pooja Jain,Clothing,Kurta,Kota,Rajasthan,4,19736,0.15,3305.78,Card
ORD03988,09-08-2025,Anjali Kaur,Furniture,Office Chair,Jaipur,Rajasthan,1,9437,0.05,1533.51,Cash
ORD03989,24-01-2025,Mohit Singh,Clothing,Dress,Kota,Rajasthan,5,10115,0.05,2048.29,Net Banking
ORD03990,18-02-2026,Komal Kaur,Electronics,Keyboard,Kolkata,West Bengal,4,10000,0.15,775,Cash
ORD03991,09-07-2026,Rohit Singh,Grocery,Pulses,Delhi,Delhi,4,1712,0.15,81.32,Wallet
ORD03992,07-08-2026,Rohit Singh,Furniture,Table,Chandigarh,Chandigarh,4,15632,0.02,2704.34,Card
ORD03993,01-11-2025,Rohit Verma,Grocery,Pulses,Lucknow,Uttar Pradesh,3,7467,0.1,485.36,Card
ORD03994,02-06-2026,Rahul Kaur,Grocery,Spices,Mumbai,Maharashtra,4,464,0.05,38.28,Wallet
ORD03995,08-01-2026,Rohit Sharma,Electronics,Laptop,Bengaluru,Karnataka,4,223916,0.15,17353.49,Net Banking
ORD03996,29-07-2025,Varun Gupta,Clothing,T-Shirt,Kota,Rajasthan,1,4027,0.1,745,Net Banking
ORD03997,14-06-2026,Mohit Kaur,Clothing,Kurta,Ghaziabad,Uttar Pradesh,1,2167,0.05,438.82,Card
ORD03998,26-09-2025,Tanya Singh,Grocery,Biscuits,Bengaluru,Karnataka,3,327,0.05,26.98,Net Banking
ORD03999,01-05-2025,Sneha Jain,Furniture,Desk Lamp,Delhi,Delhi,5,5620,0.02,972.26,Wallet
ORD04000,26-03-2025,Nikhil Kaur,Furniture,Filing Cabinet,Kolkata,West Bengal,4,36796,0.02,6365.71,Wallet
ORD04001,01-10-2025,Amit Jain,Clothing,Dress,Pune,Maharashtra,5,12435,0.05,2518.09,Wallet
ORD04002,10-07-2025,Amit Kaur,Clothing,Dress,Pune,Maharashtra,2,992,0.02,211.3,Cash
ORD04003,10-03-2026,Tanya Patel,Grocery,Rice,Ahmedabad,Gujarat,6,8886,0.02,826.4,UPI
ORD04004,08-02-2025,Neha Patel,Electronics,Smartphone,Meerut,Uttar Pradesh,2,110436,0.15,8558.79,Wallet
ORD04005,19-06-2025,Karan Yadav,Grocery,Spices,Ghaziabad,Uttar Pradesh,2,334,0.1,21.71,Net Banking
ORD04006,31-08-2026,Rohit Yadav,Clothing,Jacket,Delhi,Delhi,2,1080,0.08,207.36,Cash
ORD04007,27-01-2025,Rohit Singh,Electronics,Keyboard,Bengaluru,Karnataka,4,57048,0.02,7016.9,Wallet
ORD04008,23-01-2025,Vivek Singh,Clothing,Jeans,Noida,Uttar Pradesh,5,14865,0,3270.3,Card
ORD04009,29-01-2026,Komal Singh,Electronics,Keyboard,Chandigarh,Chandigarh,1,50280,0.15,3896.7,UPI
ORD04010,01-09-2025,Amit Yadav,Clothing,Kurta,Ahmedabad,Gujarat,1,566,0.1,104.71,Cash
ORD04011,31-03-2026,Aditya Patel,Clothing,Dress,Kota,Rajasthan,2,9056,0.05,1833.84,Net Banking
ORD04012,04-12-2025,Anjali Verma,Furniture,Desk Lamp,Kolkata,West Bengal,5,28635,0.05,4653.19,Wallet
ORD04013,13-05-2026,Neha Verma,Electronics,Smartphone,Ahmedabad,Gujarat,1,35713,0.02,4392.7,Wallet
ORD04014,11-04-2025,Komal Yadav,Furniture,Sofa,Lucknow,Uttar Pradesh,2,40060,0.05,6509.75,Card
ORD04015,23-06-2026,Priya Yadav,Clothing,Jacket,Bengaluru,Karnataka,4,14920,0.1,2760.2,Cash
ORD04016,10-03-2026,Tanya Yadav,Electronics,Mouse,Delhi,Delhi,5,43610,0.1,4142.95,Cash
ORD04017,13-12-2025,Rahul Gupta,Clothing,Dress,Mumbai,Maharashtra,4,13900,0,3058,Wallet
ORD04018,01-02-2025,Komal Patel,Clothing,Kurta,Chandigarh,Chandigarh,1,2965,0.15,496.64,Card
ORD04019,01-09-2025,Anjali Sharma,Clothing,Jacket,Jaipur,Rajasthan,6,16074,0,3536.28,Net Banking
ORD04020,07-12-2025,Komal Jain,Grocery,Biscuits,Agra,Uttar Pradesh,3,2823,0.05,232.9,UPI
ORD04021,04-12-2025,Vivek Kaur,Electronics,Keyboard,Bengaluru,Karnataka,2,59740,0.08,6093.48,Net Banking
ORD04022,14-01-2026,Vivek Kumar,Grocery,Pulses,Lucknow,Uttar Pradesh,3,7296,0.02,678.53,Card
ORD04023,24-08-2026,Karan Kaur,Furniture,Desk Lamp,Kota,Rajasthan,2,20504,0.15,2614.26,Wallet
ORD04024,19-10-2025,Anjali Yadav,Grocery,Rice,Delhi,Delhi,4,1336,0.15,63.46,Wallet
ORD04025,03-03-2026,Sneha Gupta,Clothing,Kurta,Ahmedabad,Gujarat,3,14886,0.15,2493.41,UPI
ORD04026,08-03-2026,Aditya Kumar,Grocery,Spices,Meerut,Uttar Pradesh,2,4776,0.05,394.02,Card
ORD04027,22-06-2025,Sneha Mehta,Clothing,Jacket,Pune,Maharashtra,2,6228,0,1370.16,Net Banking
ORD04028,07-05-2025,Neha Singh,Clothing,Kurta,Chandigarh,Chandigarh,1,3376,0.05,683.64,Net Banking
ORD04029,06-03-2025,Vivek Yadav,Furniture,Filing Cabinet,Kota,Rajasthan,4,50444,0.02,8726.81,UPI
ORD04030,27-02-2025,Anjali Gupta,Furniture,Bookshelf,Noida,Uttar Pradesh,4,86688,0,15603.84,Cash
ORD04031,11-12-2025,Mohit Mehta,Clothing,Kurta,Ghaziabad,Uttar Pradesh,3,9579,0.05,1939.75,Card
ORD04032,17-01-2026,Aditya Mehta,Electronics,Tablet,Mumbai,Maharashtra,6,88014,0.02,10825.72,Net Banking
ORD04033,18-08-2026,Priya Sharma,Electronics,Smartphone,Kolkata,West Bengal,1,20360,0.15,1577.9,Wallet
ORD04034,01-04-2025,Mohit Yadav,Grocery,Rice,Lucknow,Uttar Pradesh,2,810,0.08,58.32,Net Banking
ORD04035,26-08-2025,Karan Mehta,Clothing,Hoodie,Meerut,Uttar Pradesh,1,4042,0.1,747.77,Wallet
ORD04036,07-03-2026,Amit Jain,Grocery,Rice,Kolkata,West Bengal,5,5365,0,536.5,Wallet
ORD04037,13-01-2026,Mohit Jain,Clothing,Dress,Bengaluru,Karnataka,1,1020,0,224.4,Card
ORD04038,27-06-2025,Amit Singh,Electronics,Monitor,Noida,Uttar Pradesh,3,167190,0.02,20564.37,Net Banking
ORD04039,01-09-2025,Pooja Patel,Clothing,T-Shirt,Delhi,Delhi,5,9275,0.15,1553.56,Net Banking
ORD04040,30-08-2025,Varun Jain,Furniture,Sofa,Pune,Maharashtra,1,6860,0,1234.8,Net Banking
ORD04041,05-08-2025,Komal Gupta,Furniture,Filing Cabinet,Noida,Uttar Pradesh,5,91210,0.1,13225.45,Cash
ORD04042,18-02-2026,Karan Gupta,Grocery,Cooking Oil,Kolkata,West Bengal,4,7736,0.08,556.99,Card
ORD04043,10-07-2025,Vivek Singh,Electronics,Mouse,Lucknow,Uttar Pradesh,5,232165,0,30181.45,Net Banking
ORD04044,27-02-2026,Vivek Gupta,Grocery,Tea,Kota,Rajasthan,3,2067,0.15,98.18,UPI
ORD04045,20-06-2025,Aditya Patel,Clothing,Shoes,Bengaluru,Karnataka,5,9450,0.15,1582.88,Net Banking
ORD04046,06-04-2025,Varun Kaur,Grocery,Sugar,Kota,Rajasthan,5,7100,0.1,461.5,Net Banking
ORD04047,02-02-2026,Komal Kaur,Clothing,Jacket,Pune,Maharashtra,5,8410,0.05,1703.03,UPI
ORD04048,09-12-2025,Karan Kumar,Clothing,Jacket,Jaipur,Rajasthan,5,10395,0.1,1923.08,Cash
ORD04049,28-05-2025,Pooja Patel,Clothing,Hoodie,Jaipur,Rajasthan,4,11388,0.15,1907.49,Cash
ORD04050,12-01-2025,Varun Patel,Electronics,Keyboard,Bengaluru,Karnataka,4,210080,0.1,19957.6,Net Banking
ORD04051,16-06-2026,Priya Kumar,Clothing,Hoodie,Pune,Maharashtra,4,13992,0.08,2686.46,Wallet
ORD04052,20-05-2025,Simran Mehta,Furniture,Table,Pune,Maharashtra,2,17524,0.15,2234.31,Wallet
ORD04053,01-08-2025,Karan Kaur,Grocery,Atta,Meerut,Uttar Pradesh,1,1007,0.08,72.5,Wallet
ORD04054,12-06-2026,Nikhil Kaur,Clothing,T-Shirt,Jaipur,Rajasthan,6,4956,0.02,1055.63,Cash
ORD04055,04-12-2025,Anjali Patel,Clothing,Shoes,Mumbai,Maharashtra,2,1442,0.05,292,Net Banking
ORD04056,16-01-2026,Sneha Jain,Clothing,Dress,Kolkata,West Bengal,4,14284,0.15,2392.57,Net Banking
ORD04057,15-05-2025,Riya Kaur,Electronics,Laptop,Agra,Uttar Pradesh,3,14991,0.15,1161.8,Net Banking
ORD04058,01-03-2026,Karan Singh,Clothing,Dress,Lucknow,Uttar Pradesh,5,12310,0.02,2622.03,Net Banking
ORD04059,30-12-2025,Pooja Gupta,Electronics,Smartphone,Jaipur,Rajasthan,1,17335,0.08,1768.17,Cash
ORD04060,07-06-2026,Nikhil Kaur,Furniture,Office Chair,Delhi,Delhi,3,17235,0,3102.3,Cash
ORD04061,13-09-2025,Anjali Kumar,Grocery,Cooking Oil,Ahmedabad,Gujarat,3,1926,0,192.6,Wallet
ORD04062,23-02-2026,Mohit Kumar,Electronics,Smartphone,Bengaluru,Karnataka,6,12132,0.05,1364.85,Card
ORD04063,11-07-2026,Priya Gupta,Furniture,Bookshelf,Ahmedabad,Gujarat,5,56345,0,10142.1,Card
ORD04064,10-03-2026,Nikhil Verma,Furniture,Table,Chandigarh,Chandigarh,5,86035,0.08,13077.32,Card
ORD04065,29-07-2025,Varun Kumar,Grocery,Rice,Kolkata,West Bengal,3,1821,0.02,169.35,UPI
ORD04066,18-05-2026,Amit Sharma,Grocery,Rice,Chandigarh,Chandigarh,5,1985,0.15,94.29,Cash
ORD04067,24-12-2025,Sneha Gupta,Furniture,Table,Pune,Maharashtra,1,18125,0.05,2945.31,Wallet
ORD04068,16-05-2025,Aditya Sharma,Grocery,Biscuits,Pune,Maharashtra,5,825,0.05,68.06,Card
ORD04069,24-10-2025,Pooja Yadav,Clothing,Kurta,Pune,Maharashtra,4,4332,0,953.04,Wallet
ORD04070,06-05-2026,Mohit Kumar,Furniture,Office Chair,Lucknow,Uttar Pradesh,1,21362,0.08,3247.02,Card
ORD04071,24-05-2025,Rohit Mehta,Electronics,Tablet,Noida,Uttar Pradesh,1,39616,0.02,4872.77,Wallet
ORD04072,17-10-2025,Sneha Verma,Grocery,Tea,Agra,Uttar Pradesh,2,3926,0,392.6,Card
ORD04073,31-03-2026,Vivek Verma,Electronics,Headphones,Ghaziabad,Uttar Pradesh,1,40550,0.02,4987.65,UPI
ORD04074,14-02-2025,Arjun Verma,Furniture,Sofa,Jaipur,Rajasthan,4,49256,0.08,7486.91,Card
ORD04075,23-01-2025,Nikhil Singh,Grocery,Cooking Oil,Jaipur,Rajasthan,3,4413,0.1,286.85,Cash
ORD04076,13-04-2026,Neha Sharma,Grocery,Biscuits,Agra,Uttar Pradesh,3,2079,0.08,149.69,Card
ORD04077,18-11-2025,Rohit Sharma,Grocery,Pulses,Chandigarh,Chandigarh,1,669,0.08,48.17,UPI
ORD04078,15-05-2026,Amit Mehta,Clothing,Dress,Ahmedabad,Gujarat,6,23256,0.1,4302.36,Wallet
ORD04079,02-07-2025,Priya Jain,Electronics,Smartphone,Kota,Rajasthan,1,51233,0,6660.29,UPI
ORD04080,04-09-2025,Mohit Verma,Grocery,Pulses,Ahmedabad,Gujarat,6,5454,0.02,507.22,Wallet
ORD04081,07-10-2025,Komal Gupta,Furniture,Filing Cabinet,Ghaziabad,Uttar Pradesh,1,21432,0.05,3482.7,Wallet
ORD04082,27-02-2025,Sneha Patel,Clothing,T-Shirt,Ahmedabad,Gujarat,4,12040,0.08,2311.68,Cash
ORD04083,21-08-2025,Amit Singh,Furniture,Table,Ahmedabad,Gujarat,1,23942,0.1,3471.59,Cash
ORD04084,26-06-2026,Anjali Yadav,Furniture,Sofa,Bengaluru,Karnataka,3,42927,0.15,5473.19,UPI
ORD04085,08-03-2025,Anjali Gupta,Electronics,Keyboard,Chandigarh,Chandigarh,1,20561,0,2672.93,Wallet
ORD04086,14-07-2025,Vivek Mehta,Electronics,Smartphone,Noida,Uttar Pradesh,1,40366,0.02,4965.02,Cash
ORD04087,20-11-2025,Aditya Yadav,Furniture,Table,Jaipur,Rajasthan,2,17204,0,3096.72,Cash
ORD04088,08-07-2026,Vivek Kumar,Furniture,Sofa,Chandigarh,Chandigarh,1,894,0.1,129.63,Net Banking
ORD04089,31-05-2025,Rohit Kaur,Clothing,Jeans,Kota,Rajasthan,4,2280,0.15,381.9,UPI
ORD04090,23-06-2025,Varun Verma,Clothing,Shoes,Delhi,Delhi,1,1806,0.05,365.72,Card
ORD04091,25-01-2026,Komal Kumar,Grocery,Cooking Oil,Kota,Rajasthan,6,13728,0.05,1132.56,Net Banking
ORD04092,07-04-2025,Aditya Verma,Grocery,Pulses,Agra,Uttar Pradesh,1,1532,0.1,99.58,Wallet
ORD04093,22-12-2025,Mohit Patel,Furniture,Office Chair,Kolkata,West Bengal,6,18402,0,3312.36,UPI
ORD04094,26-08-2026,Pooja Mehta,Grocery,Sugar,Ghaziabad,Uttar Pradesh,6,2286,0.08,164.59,Cash
ORD04095,04-11-2025,Amit Mehta,Grocery,Rice,Mumbai,Maharashtra,5,5675,0.15,269.56,Cash
ORD04096,27-07-2025,Mohit Kaur,Clothing,Hoodie,Agra,Uttar Pradesh,2,6072,0.1,1123.32,UPI
ORD04097,25-09-2025,Riya Singh,Grocery,Spices,Ahmedabad,Gujarat,3,321,0.1,20.87,UPI
ORD04098,24-04-2025,Shivam Singh,Grocery,Biscuits,Jaipur,Rajasthan,2,1652,0.08,118.94,Net Banking
ORD04099,08-03-2025,Rohit Jain,Electronics,Keyboard,Ahmedabad,Gujarat,6,262194,0.08,26743.79,Net Banking
ORD04100,23-03-2026,Rahul Patel,Electronics,Monitor,Delhi,Delhi,5,293370,0.02,36084.51,UPI
ORD04101,24-04-2026,Amit Sharma,Clothing,Hoodie,Pune,Maharashtra,1,4852,0,1067.44,Card
ORD04102,25-06-2026,Rahul Yadav,Furniture,Sofa,Chandigarh,Chandigarh,4,90592,0.02,15672.42,Wallet
ORD04103,28-03-2025,Simran Patel,Grocery,Pulses,Ahmedabad,Gujarat,4,8440,0,844,Net Banking
ORD04104,18-04-2025,Shivam Yadav,Furniture,Filing Cabinet,Jaipur,Rajasthan,5,25205,0,4536.9,Net Banking
ORD04105,27-07-2025,Anjali Patel,Grocery,Tea,Jaipur,Rajasthan,1,2090,0.08,150.48,Cash
ORD04106,29-12-2025,Rohit Verma,Grocery,Cooking Oil,Pune,Maharashtra,2,1382,0,138.2,Cash
ORD04107,16-04-2026,Vivek Jain,Grocery,Sugar,Ahmedabad,Gujarat,6,14460,0.15,686.85,Wallet
ORD04108,19-04-2025,Nikhil Kaur,Furniture,Bookshelf,Delhi,Delhi,1,17052,0.05,2770.95,Cash
ORD04109,19-07-2026,Neha Kumar,Grocery,Pulses,Ghaziabad,Uttar Pradesh,3,6891,0,689.1,Net Banking
ORD04110,07-04-2026,Tanya Verma,Grocery,Tea,Mumbai,Maharashtra,4,4940,0.08,355.68,Cash
ORD04111,29-08-2025,Mohit Mehta,Clothing,Dress,Mumbai,Maharashtra,3,6210,0.1,1148.85,Wallet
ORD04112,24-03-2025,Tanya Verma,Grocery,Cooking Oil,Meerut,Uttar Pradesh,3,2016,0,201.6,UPI
ORD04113,02-06-2025,Riya Kaur,Grocery,Tea,Jaipur,Rajasthan,6,14682,0,1468.2,UPI
ORD04114,14-01-2026,Karan Sharma,Electronics,Tablet,Pune,Maharashtra,5,64980,0.02,7992.54,Card
ORD04115,10-08-2025,Amit Yadav,Electronics,Mouse,Kolkata,West Bengal,5,159755,0.1,15176.73,Net Banking
ORD04116,18-01-2026,Karan Verma,Furniture,Desk Lamp,Kolkata,West Bengal,6,147084,0.08,22356.77,Cash
ORD04117,20-05-2025,Tanya Gupta,Clothing,Jeans,Jaipur,Rajasthan,6,10236,0,2251.92,Wallet
ORD04118,10-07-2025,Varun Singh,Grocery,Tea,Kota,Rajasthan,5,2935,0,293.5,Net Banking
ORD04119,25-08-2025,Shivam Singh,Furniture,Bookshelf,Chandigarh,Chandigarh,3,14412,0.08,2190.62,Card
ORD04120,17-04-2026,Komal Mehta,Furniture,Desk Lamp,Ghaziabad,Uttar Pradesh,1,15234,0.15,1942.34,Cash
ORD04121,26-03-2026,Mohit Sharma,Electronics,Mouse,Pune,Maharashtra,6,112482,0.15,8717.36,Cash
ORD04122,10-05-2026,Shivam Kumar,Clothing,Shoes,Chandigarh,Chandigarh,6,26124,0.15,4375.77,Net Banking
ORD04123,06-11-2025,Anjali Verma,Clothing,Jeans,Noida,Uttar Pradesh,2,5534,0.02,1178.74,Cash
ORD04124,05-12-2025,Aditya Yadav,Furniture,Desk Lamp,Chandigarh,Chandigarh,1,3051,0.15,389,UPI
ORD04125,12-06-2026,Amit Verma,Furniture,Sofa,Meerut,Uttar Pradesh,1,21080,0.05,3425.5,Net Banking
ORD04126,20-09-2025,Pooja Verma,Clothing,Shoes,Bengaluru,Karnataka,3,11163,0.02,2377.72,Wallet
ORD04127,05-01-2025,Komal Jain,Electronics,Tablet,Mumbai,Maharashtra,4,235684,0.08,24039.77,Cash
ORD04128,17-08-2026,Simran Gupta,Clothing,T-Shirt,Jaipur,Rajasthan,5,12650,0.02,2694.45,UPI
ORD04129,31-08-2026,Aditya Gupta,Electronics,Monitor,Delhi,Delhi,3,30486,0.08,3109.57,Wallet
ORD04130,02-01-2025,Rohit Jain,Furniture,Bookshelf,Lucknow,Uttar Pradesh,5,28615,0,5150.7,UPI
ORD04131,14-01-2026,Sneha Yadav,Grocery,Cooking Oil,Ghaziabad,Uttar Pradesh,2,4962,0.02,461.47,Card
ORD04132,02-04-2025,Anjali Kaur,Clothing,Hoodie,Mumbai,Maharashtra,6,5610,0,1234.2,UPI
ORD04133,05-04-2025,Nikhil Gupta,Furniture,Bookshelf,Kota,Rajasthan,3,41289,0,7432.02,Card
ORD04134,03-03-2026,Arjun Sharma,Grocery,Atta,Lucknow,Uttar Pradesh,3,4212,0.05,347.49,Card
ORD04135,23-06-2025,Neha Verma,Electronics,Mouse,Agra,Uttar Pradesh,6,102162,0.08,10420.52,Wallet
ORD04136,30-10-2025,Karan Gupta,Clothing,T-Shirt,Kota,Rajasthan,1,3943,0.02,839.86,Net Banking
ORD04137,29-04-2026,Amit Sharma,Grocery,Rice,Kolkata,West Bengal,5,7370,0.05,608.02,Net Banking
ORD04138,22-02-2025,Sneha Patel,Electronics,Mouse,Pune,Maharashtra,5,282585,0,36736.05,Cash
ORD04139,23-09-2025,Priya Singh,Electronics,Tablet,Ghaziabad,Uttar Pradesh,3,28038,0,3644.94,UPI
ORD04140,13-12-2025,Riya Kumar,Furniture,Table,Lucknow,Uttar Pradesh,6,25776,0.08,3917.95,Net Banking
ORD04141,26-06-2026,Anjali Gupta,Electronics,Smartphone,Jaipur,Rajasthan,3,132435,0,17216.55,UPI
ORD04142,04-01-2026,Rahul Singh,Furniture,Table,Bengaluru,Karnataka,2,30090,0.08,4573.68,Wallet
ORD04143,24-11-2025,Varun Kumar,Clothing,Kurta,Kolkata,West Bengal,1,2993,0.08,574.66,Net Banking
ORD04144,03-08-2026,Amit Yadav,Electronics,Smartphone,Chandigarh,Chandigarh,4,146264,0.02,17990.47,Card
ORD04145,29-04-2025,Rohit Gupta,Clothing,Kurta,Meerut,Uttar Pradesh,2,2002,0.1,370.37,Card
ORD04146,08-01-2025,Priya Verma,Clothing,Kurta,Noida,Uttar Pradesh,3,3606,0.05,730.22,Wallet
ORD04147,04-05-2025,Vivek Singh,Clothing,Dress,Chandigarh,Chandigarh,4,7408,0.1,1370.48,Net Banking
ORD04148,01-02-2025,Rohit Kaur,Clothing,Jeans,Delhi,Delhi,1,1629,0.15,272.86,Cash
ORD04149,06-11-2025,Vivek Mehta,Electronics,Keyboard,Delhi,Delhi,5,298620,0.1,28368.9,Wallet
ORD04150,17-03-2025,Varun Singh,Grocery,Spices,Agra,Uttar Pradesh,5,6485,0.1,421.53,Net Banking
ORD04151,14-04-2026,Anjali Patel,Furniture,Desk Lamp,Noida,Uttar Pradesh,2,44988,0.08,6838.18,UPI
ORD04152,17-11-2025,Pooja Singh,Grocery,Tea,Lucknow,Uttar Pradesh,6,14652,0,1465.2,UPI
ORD04153,19-11-2025,Neha Verma,Electronics,Monitor,Noida,Uttar Pradesh,2,9278,0.1,881.41,UPI
ORD04154,24-10-2025,Arjun Jain,Clothing,Shoes,Ahmedabad,Gujarat,5,8495,0.02,1809.43,Cash
ORD04155,15-09-2025,Riya Singh,Electronics,Keyboard,Meerut,Uttar Pradesh,6,348342,0.15,26996.51,Net Banking
ORD04156,23-05-2025,Anjali Verma,Grocery,Cooking Oil,Bengaluru,Karnataka,2,1454,0,145.4,Cash
ORD04157,04-04-2026,Aditya Mehta,Furniture,Table,Mumbai,Maharashtra,4,61004,0,10980.72,UPI
ORD04158,28-08-2026,Varun Kaur,Clothing,Hoodie,Meerut,Uttar Pradesh,5,9605,0.15,1608.84,Net Banking
ORD04159,27-05-2026,Aditya Singh,Grocery,Pulses,Lucknow,Uttar Pradesh,1,2288,0.15,108.68,UPI
ORD04160,23-02-2025,Rahul Verma,Electronics,Printer,Bengaluru,Karnataka,3,36888,0.05,4149.9,Card
ORD04161,20-05-2026,Neha Gupta,Electronics,Smartphone,Ahmedabad,Gujarat,1,1823,0.15,141.28,Net Banking
ORD04162,24-10-2025,Priya Mehta,Furniture,Bookshelf,Lucknow,Uttar Pradesh,2,29928,0.05,4863.3,Wallet
ORD04163,28-08-2025,Shivam Jain,Furniture,Desk Lamp,Meerut,Uttar Pradesh,4,60136,0.15,7667.34,Cash
ORD04164,23-06-2025,Komal Patel,Furniture,Table,Mumbai,Maharashtra,6,25128,0.1,3643.56,Card
ORD04165,17-07-2026,Nikhil Jain,Grocery,Sugar,Bengaluru,Karnataka,6,4566,0.08,328.75,UPI
ORD04166,13-04-2026,Karan Kumar,Grocery,Rice,Lucknow,Uttar Pradesh,2,2062,0.05,170.12,Wallet
ORD04167,13-03-2026,Shivam Patel,Clothing,Kurta,Ghaziabad,Uttar Pradesh,1,960,0.15,160.8,Card
ORD04168,24-04-2026,Amit Yadav,Electronics,Mouse,Agra,Uttar Pradesh,2,42154,0.15,3266.94,UPI
ORD04169,26-07-2026,Varun Gupta,Grocery,Rice,Kota,Rajasthan,4,6460,0,646,Wallet
ORD04170,21-12-2025,Sneha Mehta,Clothing,Dress,Pune,Maharashtra,5,17860,0.02,3804.18,Wallet
ORD04171,12-01-2025,Anjali Patel,Grocery,Spices,Meerut,Uttar Pradesh,1,1053,0.1,68.45,Cash
ORD04172,12-10-2025,Arjun Singh,Electronics,Headphones,Mumbai,Maharashtra,3,147258,0.05,16566.53,Cash
ORD04173,05-02-2025,Anjali Patel,Clothing,Jacket,Noida,Uttar Pradesh,2,3694,0.15,618.75,UPI
ORD04174,29-12-2025,Rohit Kumar,Clothing,Jacket,Noida,Uttar Pradesh,5,18435,0.02,3926.65,UPI
ORD04175,24-08-2025,Nikhil Verma,Grocery,Pulses,Lucknow,Uttar Pradesh,3,1557,0.15,73.96,Net Banking
ORD04176,01-02-2025,Simran Kumar,Clothing,Dress,Pune,Maharashtra,1,3045,0.15,510.04,Net Banking
ORD04177,18-05-2025,Nikhil Kaur,Furniture,Sofa,Meerut,Uttar Pradesh,2,17148,0.05,2786.55,Wallet
ORD04178,13-07-2026,Rohit Singh,Grocery,Rice,Chandigarh,Chandigarh,2,1572,0.02,146.2,Wallet
ORD04179,07-08-2026,Karan Yadav,Electronics,Printer,Noida,Uttar Pradesh,5,270385,0.1,25686.58,Cash
ORD04180,28-03-2026,Anjali Patel,Grocery,Biscuits,Meerut,Uttar Pradesh,1,369,0.02,34.32,Net Banking
ORD04181,10-11-2025,Tanya Verma,Furniture,Sofa,Ahmedabad,Gujarat,2,6208,0,1117.44,Card
ORD04182,04-09-2025,Amit Mehta,Electronics,Laptop,Mumbai,Maharashtra,5,134970,0.02,16601.31,Cash
ORD04183,30-06-2026,Rohit Jain,Clothing,Dress,Ahmedabad,Gujarat,1,519,0.02,110.55,UPI
ORD04184,05-04-2025,Amit Sharma,Furniture,Filing Cabinet,Jaipur,Rajasthan,3,56184,0.05,9129.9,Card
ORD04185,25-01-2025,Varun Kumar,Electronics,Keyboard,Lucknow,Uttar Pradesh,1,46896,0.05,5275.8,Net Banking
ORD04186,11-03-2026,Varun Kaur,Electronics,Keyboard,Mumbai,Maharashtra,3,84897,0,11036.61,Wallet
ORD04187,11-08-2026,Aditya Sharma,Grocery,Sugar,Meerut,Uttar Pradesh,1,1233,0.1,80.14,Card
ORD04188,23-05-2026,Simran Verma,Furniture,Office Chair,Lucknow,Uttar Pradesh,2,43820,0.05,7120.75,Card
ORD04189,05-01-2026,Priya Sharma,Clothing,Jacket,Meerut,Uttar Pradesh,1,655,0.08,125.76,UPI
ORD04190,27-10-2025,Rohit Verma,Clothing,Hoodie,Jaipur,Rajasthan,1,837,0,184.14,UPI
ORD04191,07-11-2025,Neha Sharma,Furniture,Bookshelf,Agra,Uttar Pradesh,3,47148,0.1,6836.46,Net Banking
ORD04192,01-01-2026,Nikhil Kaur,Furniture,Filing Cabinet,Bengaluru,Karnataka,2,46098,0.02,7974.95,Card
ORD04193,27-07-2026,Shivam Jain,Electronics,Printer,Jaipur,Rajasthan,1,47181,0.1,4482.19,Net Banking
ORD04194,07-03-2025,Pooja Jain,Grocery,Pulses,Jaipur,Rajasthan,4,7492,0.05,618.09,Net Banking
ORD04195,30-06-2026,Shivam Verma,Grocery,Cooking Oil,Meerut,Uttar Pradesh,2,4558,0,455.8,Wallet
ORD04196,19-08-2025,Amit Gupta,Grocery,Atta,Delhi,Delhi,3,6465,0.08,465.48,Cash
ORD04197,24-02-2026,Komal Kumar,Electronics,Headphones,Agra,Uttar Pradesh,3,147144,0.1,13978.68,Net Banking
ORD04198,01-02-2025,Aditya Patel,Furniture,Bookshelf,Noida,Uttar Pradesh,5,95015,0.15,12114.41,Net Banking
ORD04199,20-04-2025,Mohit Kaur,Clothing,Dress,Bengaluru,Karnataka,1,2331,0.15,390.44,Cash
ORD04200,30-11-2025,Karan Mehta,Clothing,Kurta,Ghaziabad,Uttar Pradesh,5,5840,0.1,1080.4,Card
ORD04201,30-08-2025,Shivam Singh,Electronics,Smartphone,Lucknow,Uttar Pradesh,3,119949,0.02,14753.73,Net Banking
ORD04202,13-06-2026,Anjali Mehta,Electronics,Smartphone,Lucknow,Uttar Pradesh,1,27507,0.02,3383.36,Net Banking
ORD04203,18-03-2025,Mohit Verma,Electronics,Keyboard,Delhi,Delhi,6,187722,0.15,14548.46,Net Banking
ORD04204,23-12-2025,Anjali Verma,Clothing,Jeans,Delhi,Delhi,6,18822,0.05,3811.46,Cash
ORD04205,31-08-2026,Nikhil Kaur,Clothing,Jacket,Kolkata,West Bengal,1,3987,0.1,737.6,Net Banking
ORD04206,02-02-2025,Amit Kaur,Furniture,Filing Cabinet,Chandigarh,Chandigarh,6,31422,0,5655.96,Card
ORD04207,11-03-2025,Rohit Singh,Electronics,Headphones,Delhi,Delhi,5,104695,0.08,10678.89,Cash
ORD04208,19-05-2026,Varun Sharma,Grocery,Cooking Oil,Chandigarh,Chandigarh,4,6332,0.15,300.77,Cash
ORD04209,23-02-2026,Aditya Kumar,Electronics,Laptop,Chandigarh,Chandigarh,3,110316,0.08,11252.23,Wallet
ORD04210,27-10-2025,Vivek Kaur,Grocery,Tea,Lucknow,Uttar Pradesh,2,3710,0.02,345.03,UPI
ORD04211,28-04-2025,Rahul Kumar,Clothing,Kurta,Mumbai,Maharashtra,4,16600,0,3652,Wallet
ORD04212,10-06-2025,Anjali Kaur,Grocery,Pulses,Kolkata,West Bengal,1,1025,0.02,95.33,UPI
ORD04213,08-09-2025,Neha Gupta,Clothing,Dress,Lucknow,Uttar Pradesh,2,1076,0.08,206.59,Net Banking
ORD04214,28-02-2025,Simran Verma,Grocery,Pulses,Bengaluru,Karnataka,3,975,0.02,90.67,Wallet
ORD04215,28-05-2026,Shivam Patel,Electronics,Printer,Kota,Rajasthan,5,197900,0.15,15337.25,Card
ORD04216,24-04-2026,Rahul Gupta,Clothing,Shoes,Ahmedabad,Gujarat,5,8085,0.05,1637.21,Wallet
ORD04217,08-06-2026,Nikhil Gupta,Electronics,Monitor,Bengaluru,Karnataka,2,8956,0,1164.28,Card
ORD04218,24-01-2026,Mohit Kumar,Furniture,Table,Noida,Uttar Pradesh,3,37521,0.15,4783.93,Wallet
ORD04219,02-05-2026,Amit Sharma,Electronics,Keyboard,Kota,Rajasthan,3,118716,0,15433.08,Card
ORD04220,08-06-2025,Mohit Mehta,Clothing,Jeans,Kolkata,West Bengal,4,10072,0.02,2145.34,Net Banking
ORD04221,25-01-2026,Neha Yadav,Clothing,T-Shirt,Ahmedabad,Gujarat,6,18048,0.02,3844.22,UPI
ORD04222,22-04-2025,Priya Kumar,Furniture,Table,Noida,Uttar Pradesh,1,11828,0.05,1922.05,Wallet
ORD04223,15-04-2025,Karan Mehta,Electronics,Keyboard,Delhi,Delhi,4,5432,0.08,554.06,Wallet
ORD04224,30-06-2025,Priya Gupta,Furniture,Office Chair,Kolkata,West Bengal,1,12612,0.02,2181.88,Cash
ORD04225,08-09-2025,Mohit Verma,Furniture,Filing Cabinet,Ahmedabad,Gujarat,4,60572,0.15,7722.93,Wallet
ORD04226,07-05-2025,Nikhil Kumar,Clothing,Dress,Meerut,Uttar Pradesh,3,11328,0,2492.16,Cash
ORD04227,29-03-2025,Varun Gupta,Clothing,Jacket,Chandigarh,Chandigarh,2,7368,0.15,1234.14,Cash
ORD04228,16-02-2026,Komal Singh,Clothing,Jeans,Kota,Rajasthan,3,14055,0.02,2993.72,Wallet
ORD04229,18-08-2026,Vivek Sharma,Clothing,T-Shirt,Mumbai,Maharashtra,1,2509,0.1,464.17,Card
ORD04230,31-08-2026,Karan Yadav,Furniture,Table,Ghaziabad,Uttar Pradesh,3,56973,0.05,9258.11,Wallet
ORD04231,25-06-2025,Komal Jain,Electronics,Mouse,Bengaluru,Karnataka,6,250764,0.05,28210.95,UPI
ORD04232,25-05-2026,Komal Kumar,Clothing,T-Shirt,Kolkata,West Bengal,4,11556,0,2542.32,Wallet
ORD04233,02-01-2026,Arjun Gupta,Grocery,Sugar,Agra,Uttar Pradesh,3,3861,0.02,359.07,Net Banking
ORD04234,03-08-2026,Riya Gupta,Grocery,Pulses,Kota,Rajasthan,3,3744,0.05,308.88,Wallet
ORD04235,19-02-2025,Nikhil Sharma,Furniture,Office Chair,Lucknow,Uttar Pradesh,4,40200,0,7236,Net Banking
ORD04236,14-04-2026,Mohit Yadav,Furniture,Sofa,Lucknow,Uttar Pradesh,5,75170,0.02,13004.41,Card
ORD04237,25-10-2025,Riya Sharma,Grocery,Pulses,Pune,Maharashtra,2,4766,0.05,393.19,Wallet
ORD04238,25-01-2025,Sneha Singh,Electronics,Keyboard,Noida,Uttar Pradesh,1,58661,0.05,6599.36,Cash
ORD04239,22-03-2026,Amit Kumar,Clothing,Hoodie,Agra,Uttar Pradesh,6,11532,0.1,2133.42,Net Banking
ORD04240,25-04-2026,Rahul Kaur,Electronics,Mouse,Meerut,Uttar Pradesh,6,295824,0.05,33280.2,Wallet
ORD04241,04-05-2026,Vivek Verma,Furniture,Sofa,Meerut,Uttar Pradesh,3,68109,0,12259.62,UPI
ORD04242,25-08-2025,Shivam Gupta,Grocery,Rice,Ghaziabad,Uttar Pradesh,2,3204,0,320.4,Card
ORD04243,02-01-2026,Neha Verma,Clothing,Jacket,Meerut,Uttar Pradesh,4,19444,0.1,3597.14,Net Banking
ORD04244,26-09-2025,Anjali Gupta,Electronics,Printer,Pune,Maharashtra,3,113847,0.08,11612.39,Wallet
ORD04245,04-06-2026,Rohit Singh,Clothing,Dress,Pune,Maharashtra,3,12114,0.15,2029.1,Net Banking
ORD04246,28-05-2025,Sneha Kumar,Furniture,Filing Cabinet,Noida,Uttar Pradesh,4,96212,0.05,15634.45,Wallet
ORD04247,25-01-2025,Arjun Verma,Furniture,Table,Ahmedabad,Gujarat,2,46346,0.05,7531.23,Wallet
ORD04248,01-02-2026,Rohit Kaur,Furniture,Sofa,Ahmedabad,Gujarat,6,30228,0.08,4594.66,Net Banking
ORD04249,12-10-2025,Riya Yadav,Clothing,Dress,Delhi,Delhi,6,15402,0,3388.44,Cash
ORD04250,01-06-2026,Priya Kumar,Electronics,Monitor,Meerut,Uttar Pradesh,5,126785,0.02,15594.56,UPI
ORD04251,15-06-2025,Amit Kaur,Clothing,T-Shirt,Meerut,Uttar Pradesh,6,8250,0.1,1526.25,Cash
ORD04252,19-05-2025,Sneha Mehta,Clothing,Kurta,Agra,Uttar Pradesh,2,9216,0.15,1543.68,Net Banking
ORD04253,29-09-2025,Pooja Verma,Grocery,Tea,Meerut,Uttar Pradesh,2,1880,0.05,155.1,Net Banking
ORD04254,17-06-2026,Pooja Patel,Furniture,Filing Cabinet,Kolkata,West Bengal,2,48486,0.08,7369.87,Net Banking
ORD04255,13-01-2025,Neha Mehta,Furniture,Office Chair,Ahmedabad,Gujarat,3,14166,0,2549.88,UPI
ORD04256,18-07-2025,Simran Jain,Grocery,Pulses,Kolkata,West Bengal,2,714,0.05,58.91,Net Banking
ORD04257,01-01-2026,Aditya Verma,Grocery,Biscuits,Ghaziabad,Uttar Pradesh,4,1436,0.05,118.47,UPI
ORD04258,27-07-2026,Pooja Kumar,Electronics,Smartphone,Meerut,Uttar Pradesh,1,37320,0.1,3545.4,Wallet
ORD04259,22-02-2025,Aditya Patel,Grocery,Sugar,Delhi,Delhi,6,14442,0.05,1191.47,Card
ORD04260,03-05-2026,Pooja Gupta,Furniture,Sofa,Kota,Rajasthan,2,8510,0.02,1472.23,UPI
ORD04261,10-04-2026,Mohit Patel,Clothing,Kurta,Agra,Uttar Pradesh,1,1609,0.15,269.51,UPI
ORD04262,02-03-2025,Aditya Singh,Furniture,Sofa,Mumbai,Maharashtra,6,8442,0,1519.56,Card
ORD04263,19-06-2026,Shivam Gupta,Electronics,Printer,Noida,Uttar Pradesh,2,99920,0,12989.6,Cash
ORD04264,07-08-2026,Nikhil Sharma,Furniture,Table,Pune,Maharashtra,6,142356,0.05,23132.85,Card
ORD04265,13-06-2026,Sneha Yadav,Furniture,Table,Noida,Uttar Pradesh,3,63414,0.1,9195.03,UPI
ORD04266,21-06-2025,Pooja Sharma,Grocery,Biscuits,Kota,Rajasthan,5,1005,0.02,93.47,Wallet
ORD04267,17-10-2025,Priya Kaur,Electronics,Tablet,Ahmedabad,Gujarat,1,58664,0.1,5573.08,Cash
ORD04268,15-08-2025,Rahul Sharma,Electronics,Keyboard,Kolkata,West Bengal,6,113568,0,14763.84,Net Banking
ORD04269,12-05-2026,Anjali Yadav,Grocery,Pulses,Bengaluru,Karnataka,3,6576,0.15,312.36,Wallet
ORD04270,10-12-2025,Amit Gupta,Clothing,T-Shirt,Pune,Maharashtra,3,3282,0.05,664.61,Wallet
ORD04271,26-10-2025,Riya Singh,Grocery,Atta,Ghaziabad,Uttar Pradesh,4,7072,0.1,459.68,Net Banking
ORD04272,08-05-2025,Vivek Singh,Furniture,Desk Lamp,Jaipur,Rajasthan,3,12660,0.1,1835.7,UPI
ORD04273,28-11-2025,Amit Gupta,Clothing,Hoodie,Ghaziabad,Uttar Pradesh,6,28998,0.05,5872.1,Net Banking
ORD04274,18-07-2025,Vivek Patel,Furniture,Office Chair,Kota,Rajasthan,4,37380,0.15,4765.95,Card
ORD04275,20-09-2025,Amit Kaur,Clothing,T-Shirt,Jaipur,Rajasthan,6,20358,0.08,3908.74,Wallet
ORD04276,19-03-2025,Priya Sharma,Grocery,Biscuits,Mumbai,Maharashtra,3,5724,0.05,472.23,Net Banking
ORD04277,04-04-2025,Komal Kaur,Grocery,Pulses,Bengaluru,Karnataka,2,3672,0.05,302.94,Wallet
ORD04278,21-11-2025,Pooja Kaur,Furniture,Filing Cabinet,Pune,Maharashtra,4,73712,0.1,10688.24,Net Banking
ORD04279,23-04-2025,Nikhil Gupta,Electronics,Monitor,Meerut,Uttar Pradesh,3,114846,0.02,14126.06,Cash
ORD04280,04-10-2025,Sneha Sharma,Furniture,Bookshelf,Ghaziabad,Uttar Pradesh,4,74840,0,13471.2,Cash
ORD04281,19-12-2025,Priya Jain,Electronics,Printer,Bengaluru,Karnataka,5,68830,0.08,7020.66,Net Banking
ORD04282,27-08-2026,Neha Sharma,Clothing,Shoes,Kolkata,West Bengal,5,8805,0.08,1690.56,Card
ORD04283,25-05-2025,Mohit Mehta,Furniture,Sofa,Ghaziabad,Uttar Pradesh,3,51189,0,9214.02,Net Banking
ORD04284,20-07-2026,Anjali Kaur,Furniture,Office Chair,Meerut,Uttar Pradesh,2,1918,0,345.24,Wallet
ORD04285,26-05-2025,Vivek Singh,Clothing,Hoodie,Pune,Maharashtra,1,3309,0.02,704.82,Cash
ORD04286,01-01-2025,Anjali Kaur,Grocery,Spices,Delhi,Delhi,1,2457,0.1,159.71,Wallet
ORD04287,30-07-2025,Rahul Verma,Furniture,Sofa,Bengaluru,Karnataka,5,11565,0.15,1474.54,Cash
ORD04288,13-07-2025,Neha Patel,Electronics,Mouse,Ahmedabad,Gujarat,6,163110,0.05,18349.88,Wallet
ORD04289,31-03-2026,Sneha Sharma,Clothing,Shoes,Chandigarh,Chandigarh,5,12430,0.1,2299.55,Net Banking
ORD04290,22-01-2026,Rohit Gupta,Electronics,Tablet,Delhi,Delhi,1,33284,0.05,3744.45,Card
ORD04291,29-08-2026,Priya Kaur,Furniture,Sofa,Delhi,Delhi,1,9902,0.15,1262.51,Cash
ORD04292,26-01-2026,Karan Jain,Clothing,Jeans,Jaipur,Rajasthan,5,19425,0,4273.5,Net Banking
ORD04293,17-05-2026,Vivek Sharma,Grocery,Atta,Ahmedabad,Gujarat,1,1545,0.08,111.24,Cash
ORD04294,05-05-2025,Komal Singh,Clothing,Jacket,Ahmedabad,Gujarat,5,19400,0.08,3724.8,Cash
ORD04295,03-06-2026,Mohit Verma,Grocery,Tea,Noida,Uttar Pradesh,3,2331,0.08,167.83,UPI
ORD04296,27-04-2026,Arjun Mehta,Clothing,T-Shirt,Chandigarh,Chandigarh,6,26526,0.1,4907.31,Card
ORD04297,14-06-2025,Neha Verma,Clothing,Dress,Pune,Maharashtra,2,1946,0.15,325.96,Card
ORD04298,18-04-2026,Rohit Verma,Furniture,Office Chair,Agra,Uttar Pradesh,5,7900,0,1422,Card
ORD04299,26-12-2025,Nikhil Kaur,Electronics,Headphones,Chandigarh,Chandigarh,3,102354,0.05,11514.83,Net Banking
ORD04300,21-04-2026,Riya Mehta,Electronics,Smartphone,Ahmedabad,Gujarat,6,108162,0,14061.06,UPI
ORD04301,28-03-2025,Rohit Mehta,Clothing,Jacket,Jaipur,Rajasthan,5,10945,0.1,2024.83,Cash
ORD04302,06-04-2026,Riya Yadav,Clothing,Shoes,Bengaluru,Karnataka,4,17304,0.15,2898.42,Net Banking
ORD04303,17-02-2025,Varun Yadav,Grocery,Spices,Jaipur,Rajasthan,3,6144,0.08,442.37,Card
ORD04304,23-03-2026,Vivek Yadav,Electronics,Smartphone,Ahmedabad,Gujarat,6,58518,0.1,5559.21,Cash
ORD04305,10-08-2026,Tanya Jain,Furniture,Office Chair,Kota,Rajasthan,3,8496,0.05,1380.6,Wallet
ORD04306,28-05-2025,Sneha Yadav,Grocery,Atta,Pune,Maharashtra,5,10665,0.08,767.88,Cash
ORD04307,22-07-2026,Mohit Sharma,Clothing,Jeans,Meerut,Uttar Pradesh,1,3831,0,842.82,Net Banking
ORD04308,26-08-2025,Komal Mehta,Furniture,Desk Lamp,Ahmedabad,Gujarat,5,80580,0.15,10273.95,Cash
ORD04309,01-03-2026,Nikhil Verma,Electronics,Laptop,Jaipur,Rajasthan,4,39016,0.05,4389.3,Wallet
ORD04310,26-02-2025,Pooja Kumar,Electronics,Mouse,Meerut,Uttar Pradesh,1,17439,0.02,2145,Wallet
ORD04311,22-03-2025,Rohit Kumar,Furniture,Desk Lamp,Ahmedabad,Gujarat,2,17446,0,3140.28,Wallet
ORD04312,29-05-2026,Varun Yadav,Clothing,Dress,Delhi,Delhi,4,12788,0.05,2589.57,Cash
ORD04313,07-06-2025,Shivam Mehta,Grocery,Biscuits,Agra,Uttar Pradesh,2,2530,0.05,208.73,UPI
ORD04314,14-04-2026,Simran Yadav,Clothing,T-Shirt,Lucknow,Uttar Pradesh,2,7350,0.1,1359.75,Net Banking
ORD04315,24-07-2025,Komal Kaur,Furniture,Bookshelf,Noida,Uttar Pradesh,4,78156,0.1,11332.62,UPI
ORD04316,19-03-2026,Karan Verma,Furniture,Bookshelf,Agra,Uttar Pradesh,4,58800,0.1,8526,Wallet
ORD04317,14-09-2025,Priya Kaur,Clothing,Dress,Chandigarh,Chandigarh,5,19410,0.15,3251.18,Wallet
ORD04318,06-05-2025,Tanya Patel,Furniture,Bookshelf,Bengaluru,Karnataka,4,9216,0.15,1175.04,Wallet
ORD04319,10-11-2025,Aditya Mehta,Electronics,Tablet,Meerut,Uttar Pradesh,3,171021,0.08,17444.14,Card
ORD04320,21-05-2025,Nikhil Jain,Furniture,Sofa,Kolkata,West Bengal,6,110310,0.05,17925.38,Cash
ORD04321,08-05-2026,Shivam Patel,Electronics,Printer,Pune,Maharashtra,4,52532,0.08,5358.26,UPI
ORD04322,20-03-2025,Tanya Sharma,Electronics,Laptop,Meerut,Uttar Pradesh,6,324756,0.08,33125.11,Wallet
ORD04323,12-07-2025,Varun Kaur,Clothing,Hoodie,Chandigarh,Chandigarh,6,8052,0,1771.44,Card
ORD04324,09-08-2026,Amit Gupta,Electronics,Keyboard,Noida,Uttar Pradesh,3,127026,0,16513.38,Cash
ORD04325,07-07-2025,Neha Sharma,Grocery,Atta,Ahmedabad,Gujarat,3,3564,0.08,256.61,UPI
ORD04326,30-08-2025,Tanya Verma,Grocery,Biscuits,Jaipur,Rajasthan,4,3876,0.15,184.11,Cash
ORD04327,28-01-2026,Neha Yadav,Electronics,Keyboard,Lucknow,Uttar Pradesh,2,97116,0.02,11945.27,Card
ORD04328,22-05-2026,Anjali Yadav,Electronics,Headphones,Delhi,Delhi,2,8232,0.15,637.98,Wallet
ORD04329,25-05-2025,Vivek Jain,Clothing,T-Shirt,Bengaluru,Karnataka,3,4821,0,1060.62,Cash
ORD04330,15-01-2025,Tanya Verma,Furniture,Bookshelf,Delhi,Delhi,4,39900,0.05,6483.75,Card
ORD04331,22-04-2026,Rahul Singh,Furniture,Desk Lamp,Delhi,Delhi,5,108800,0.1,15776,Cash
ORD04332,13-01-2025,Sneha Kaur,Clothing,T-Shirt,Lucknow,Uttar Pradesh,2,2008,0,441.76,UPI
ORD04333,05-09-2025,Neha Kaur,Furniture,Table,Bengaluru,Karnataka,3,71466,0.15,9111.92,Net Banking
ORD04334,28-03-2026,Riya Kumar,Furniture,Sofa,Jaipur,Rajasthan,3,36132,0.05,5871.45,Net Banking
ORD04335,25-11-2025,Vivek Jain,Furniture,Sofa,Agra,Uttar Pradesh,4,32720,0.05,5317,UPI
ORD04336,15-03-2026,Rohit Yadav,Clothing,Shoes,Noida,Uttar Pradesh,2,6982,0.08,1340.54,Card
ORD04337,03-07-2025,Sneha Sharma,Furniture,Desk Lamp,Chandigarh,Chandigarh,2,41394,0.05,6726.53,Card
ORD04338,18-09-2025,Karan Verma,Electronics,Smartphone,Delhi,Delhi,6,42222,0.02,5193.31,Wallet
ORD04339,07-07-2026,Tanya Yadav,Electronics,Tablet,Meerut,Uttar Pradesh,4,164596,0.15,12756.19,Wallet
ORD04340,09-08-2025,Shivam Kumar,Furniture,Bookshelf,Kolkata,West Bengal,4,65216,0.02,11282.37,Card
ORD04341,23-04-2025,Neha Kaur,Electronics,Mouse,Kota,Rajasthan,1,45731,0.1,4344.44,Cash
ORD04342,31-03-2025,Vivek Singh,Furniture,Desk Lamp,Chandigarh,Chandigarh,3,33369,0.08,5072.09,UPI
ORD04343,05-02-2026,Anjali Patel,Electronics,Tablet,Bengaluru,Karnataka,2,24434,0,3176.42,UPI
ORD04344,14-07-2025,Riya Gupta,Electronics,Laptop,Chandigarh,Chandigarh,3,165801,0.05,18652.61,Card
ORD04345,31-07-2026,Nikhil Patel,Grocery,Tea,Lucknow,Uttar Pradesh,3,2823,0.02,262.54,UPI
ORD04346,27-02-2025,Sneha Singh,Clothing,Jeans,Meerut,Uttar Pradesh,6,2166,0.15,362.81,Card
ORD04347,10-06-2025,Sneha Jain,Grocery,Spices,Chandigarh,Chandigarh,5,5290,0.05,436.43,UPI
ORD04348,12-08-2025,Pooja Jain,Grocery,Biscuits,Bengaluru,Karnataka,4,2060,0,206,Cash
ORD04349,03-03-2025,Nikhil Verma,Furniture,Office Chair,Delhi,Delhi,1,20067,0,3612.06,Card
ORD04350,05-12-2025,Vivek Mehta,Clothing,Kurta,Chandigarh,Chandigarh,4,16792,0.08,3224.06,Cash
ORD04351,13-11-2025,Sneha Sharma,Grocery,Cooking Oil,Kota,Rajasthan,2,4688,0.15,222.68,Card
ORD04352,08-07-2025,Vivek Mehta,Clothing,Jacket,Kolkata,West Bengal,4,8296,0.02,1767.05,Cash
ORD04353,25-02-2026,Pooja Yadav,Grocery,Tea,Ahmedabad,Gujarat,1,1448,0.05,119.46,UPI
ORD04354,12-06-2026,Mohit Kumar,Grocery,Biscuits,Kota,Rajasthan,2,2728,0,272.8,Net Banking
ORD04355,17-08-2026,Nikhil Yadav,Grocery,Spices,Agra,Uttar Pradesh,6,14394,0.05,1187.51,Net Banking
ORD04356,13-08-2025,Sneha Yadav,Electronics,Laptop,Kolkata,West Bengal,6,306030,0.02,37641.69,Card
ORD04357,13-06-2026,Simran Singh,Furniture,Desk Lamp,Ahmedabad,Gujarat,4,99768,0.05,16212.3,UPI
ORD04358,29-09-2025,Anjali Yadav,Electronics,Keyboard,Meerut,Uttar Pradesh,2,43938,0,5711.94,Net Banking
ORD04359,14-05-2025,Karan Kaur,Clothing,Hoodie,Chandigarh,Chandigarh,2,8024,0.15,1344.02,Net Banking
ORD04360,16-03-2026,Vivek Verma,Grocery,Rice,Lucknow,Uttar Pradesh,1,1246,0.02,115.88,UPI
ORD04361,21-03-2025,Karan Kaur,Furniture,Desk Lamp,Ahmedabad,Gujarat,4,9260,0.1,1342.7,Card
ORD04362,25-07-2025,Mohit Singh,Furniture,Desk Lamp,Mumbai,Maharashtra,2,9586,0,1725.48,Cash
ORD04363,14-01-2026,Amit Kumar,Furniture,Desk Lamp,Meerut,Uttar Pradesh,2,41402,0.15,5278.76,Cash
ORD04364,19-03-2026,Shivam Yadav,Grocery,Atta,Mumbai,Maharashtra,3,552,0.08,39.74,Card
ORD04365,29-10-2025,Aditya Mehta,Electronics,Printer,Mumbai,Maharashtra,2,87606,0.15,6789.47,Net Banking
ORD04366,07-11-2025,Riya Mehta,Electronics,Laptop,Kota,Rajasthan,5,54060,0.05,6081.75,Net Banking
ORD04367,05-01-2025,Shivam Gupta,Grocery,Tea,Chandigarh,Chandigarh,5,4945,0.08,356.04,Card
ORD04368,17-01-2025,Komal Yadav,Grocery,Atta,Bengaluru,Karnataka,6,9228,0.15,438.33,Cash
ORD04369,08-08-2026,Aditya Singh,Furniture,Bookshelf,Kolkata,West Bengal,6,88782,0.02,15359.29,Net Banking
ORD04370,12-06-2025,Aditya Verma,Grocery,Atta,Ghaziabad,Uttar Pradesh,2,2842,0.08,204.62,Cash
ORD04371,01-07-2025,Pooja Verma,Grocery,Atta,Kota,Rajasthan,1,1187,0.08,85.46,Cash
ORD04372,28-12-2025,Rohit Gupta,Clothing,Shoes,Jaipur,Rajasthan,4,4652,0,1023.44,Wallet
ORD04373,10-02-2026,Arjun Jain,Grocery,Cooking Oil,Mumbai,Maharashtra,1,1630,0.1,105.95,Wallet
ORD04374,18-09-2025,Rahul Verma,Grocery,Pulses,Pune,Maharashtra,2,2386,0.05,196.84,Wallet
ORD04375,30-03-2025,Karan Gupta,Clothing,T-Shirt,Mumbai,Maharashtra,4,11816,0.08,2268.67,Cash
ORD04376,12-07-2026,Karan Jain,Electronics,Mouse,Chandigarh,Chandigarh,6,96132,0,12497.16,UPI
ORD04377,26-04-2026,Nikhil Patel,Electronics,Tablet,Pune,Maharashtra,6,78552,0.05,8837.1,UPI
ORD04378,11-09-2025,Tanya Jain,Furniture,Filing Cabinet,Ahmedabad,Gujarat,2,33972,0.08,5163.74,UPI
ORD04379,09-08-2025,Rohit Jain,Electronics,Keyboard,Meerut,Uttar Pradesh,1,5631,0.08,574.36,Cash
ORD04380,17-08-2026,Rohit Yadav,Furniture,Office Chair,Delhi,Delhi,6,34932,0.02,6043.24,Card
ORD04381,11-08-2025,Priya Gupta,Furniture,Office Chair,Ghaziabad,Uttar Pradesh,2,27484,0.15,3504.21,UPI
ORD04382,08-09-2025,Rohit Jain,Furniture,Office Chair,Meerut,Uttar Pradesh,4,9160,0.02,1584.68,Wallet
ORD04383,23-12-2025,Tanya Sharma,Grocery,Pulses,Meerut,Uttar Pradesh,1,540,0.02,50.22,Card
ORD04384,13-08-2026,Rahul Sharma,Electronics,Printer,Kota,Rajasthan,6,129504,0.08,13209.41,UPI
ORD04385,06-08-2025,Arjun Gupta,Electronics,Monitor,Kota,Rajasthan,4,230152,0.05,25892.1,Cash
ORD04386,17-01-2026,Priya Yadav,Furniture,Bookshelf,Ghaziabad,Uttar Pradesh,5,82800,0,14904,Cash
ORD04387,22-04-2026,Amit Jain,Grocery,Tea,Jaipur,Rajasthan,5,2760,0,276,Net Banking
ORD04388,03-02-2025,Simran Sharma,Electronics,Keyboard,Kota,Rajasthan,2,71066,0.02,8741.12,UPI
ORD04389,13-07-2026,Pooja Gupta,Furniture,Filing Cabinet,Chandigarh,Chandigarh,6,106968,0,19254.24,Wallet
ORD04390,25-01-2026,Rahul Sharma,Electronics,Keyboard,Ahmedabad,Gujarat,2,23184,0,3013.92,Cash
ORD04391,28-08-2025,Neha Yadav,Furniture,Table,Lucknow,Uttar Pradesh,6,19752,0.1,2864.04,Card
ORD04392,13-02-2025,Arjun Kumar,Grocery,Spices,Meerut,Uttar Pradesh,3,2052,0.15,97.47,Card
ORD04393,25-10-2025,Arjun Jain,Electronics,Monitor,Jaipur,Rajasthan,4,150248,0.05,16902.9,Card
ORD04394,27-03-2025,Riya Kaur,Furniture,Sofa,Kota,Rajasthan,6,10020,0,1803.6,Wallet
ORD04395,04-07-2026,Nikhil Singh,Electronics,Monitor,Kolkata,West Bengal,4,125156,0.15,9699.59,Wallet
ORD04396,04-06-2026,Riya Gupta,Electronics,Keyboard,Agra,Uttar Pradesh,1,22429,0.02,2758.77,Card
ORD04397,11-02-2025,Tanya Patel,Grocery,Pulses,Ghaziabad,Uttar Pradesh,1,778,0.02,72.35,Cash
ORD04398,24-01-2025,Vivek Sharma,Electronics,Printer,Bengaluru,Karnataka,3,42834,0.15,3319.64,Cash
ORD04399,04-03-2025,Anjali Sharma,Furniture,Office Chair,Pune,Maharashtra,5,50040,0,9007.2,Net Banking
ORD04400,29-05-2026,Anjali Singh,Clothing,Hoodie,Agra,Uttar Pradesh,1,4622,0.05,935.96,Wallet
ORD04401,24-05-2026,Komal Gupta,Clothing,Shoes,Kota,Rajasthan,4,3240,0.02,690.12,Net Banking
ORD04402,21-08-2025,Rahul Kaur,Grocery,Pulses,Delhi,Delhi,6,648,0.1,42.12,Net Banking
ORD04403,26-08-2025,Anjali Yadav,Clothing,Dress,Lucknow,Uttar Pradesh,1,3083,0.1,570.36,UPI
ORD04404,30-03-2026,Karan Singh,Electronics,Printer,Meerut,Uttar Pradesh,4,46176,0.08,4709.95,Wallet
ORD04405,30-08-2025,Neha Sharma,Furniture,Desk Lamp,Delhi,Delhi,1,23396,0.1,3392.42,Cash
ORD04406,19-09-2025,Rahul Mehta,Electronics,Monitor,Kolkata,West Bengal,2,9484,0.02,1166.53,Card
ORD04407,31-01-2025,Arjun Gupta,Grocery,Rice,Noida,Uttar Pradesh,5,1205,0.05,99.41,UPI
ORD04408,07-10-2025,Aditya Kumar,Grocery,Biscuits,Noida,Uttar Pradesh,1,2001,0.15,95.05,UPI
ORD04409,27-12-2025,Sneha Patel,Grocery,Rice,Bengaluru,Karnataka,4,4768,0.1,309.92,Net Banking
ORD04410,18-09-2025,Amit Kaur,Grocery,Sugar,Bengaluru,Karnataka,6,2676,0.02,248.87,Wallet
ORD04411,24-03-2025,Karan Jain,Electronics,Headphones,Bengaluru,Karnataka,3,108561,0.15,8413.48,Wallet
ORD04412,10-12-2025,Nikhil Kaur,Electronics,Laptop,Noida,Uttar Pradesh,1,49952,0.05,5619.6,Net Banking
ORD04413,13-05-2025,Simran Patel,Grocery,Pulses,Jaipur,Rajasthan,1,2473,0.05,204.02,Net Banking
ORD04414,07-04-2025,Sneha Mehta,Electronics,Monitor,Kota,Rajasthan,1,37840,0.02,4654.32,Cash
ORD04415,06-06-2025,Pooja Jain,Clothing,T-Shirt,Kota,Rajasthan,4,2512,0.02,535.06,UPI
ORD04416,01-06-2026,Arjun Kaur,Clothing,Dress,Agra,Uttar Pradesh,2,5602,0.08,1075.58,Net Banking
ORD04417,02-03-2025,Tanya Yadav,Furniture,Bookshelf,Ahmedabad,Gujarat,2,49344,0.02,8536.51,Wallet
ORD04418,01-05-2026,Karan Yadav,Furniture,Desk Lamp,Lucknow,Uttar Pradesh,5,96410,0.1,13979.45,Wallet
ORD04419,14-12-2025,Aditya Sharma,Grocery,Atta,Kota,Rajasthan,2,1716,0.02,159.59,Card
ORD04420,31-05-2026,Riya Mehta,Clothing,T-Shirt,Ahmedabad,Gujarat,5,11440,0.1,2116.4,Card
ORD04421,30-09-2025,Neha Kaur,Clothing,Hoodie,Jaipur,Rajasthan,3,14016,0.05,2838.24,Card
ORD04422,15-05-2025,Karan Patel,Furniture,Bookshelf,Chandigarh,Chandigarh,4,91940,0.05,14940.25,UPI
ORD04423,12-09-2025,Anjali Verma,Grocery,Pulses,Jaipur,Rajasthan,2,1434,0.08,103.25,Card
ORD04424,17-04-2025,Nikhil Mehta,Clothing,T-Shirt,Jaipur,Rajasthan,6,9564,0,2104.08,Card
ORD04425,17-05-2025,Priya Yadav,Furniture,Bookshelf,Kolkata,West Bengal,1,4623,0.05,751.24,Net Banking
ORD04426,05-08-2025,Riya Singh,Furniture,Bookshelf,Chandigarh,Chandigarh,3,19803,0.08,3010.06,Wallet
ORD04427,02-02-2025,Vivek Gupta,Grocery,Atta,Ghaziabad,Uttar Pradesh,2,3144,0.08,226.37,Cash
ORD04428,10-11-2025,Pooja Gupta,Clothing,Jacket,Kolkata,West Bengal,6,7560,0.15,1266.3,Cash
ORD04429,29-09-2025,Shivam Gupta,Furniture,Office Chair,Noida,Uttar Pradesh,1,16108,0.05,2617.55,Cash
ORD04430,22-07-2026,Varun Gupta,Clothing,Shoes,Bengaluru,Karnataka,3,4995,0,1098.9,Card
ORD04431,18-03-2025,Arjun Patel,Clothing,Shoes,Ghaziabad,Uttar Pradesh,5,5990,0.05,1212.98,UPI
ORD04432,27-06-2025,Simran Mehta,Electronics,Tablet,Lucknow,Uttar Pradesh,4,170612,0.1,16208.14,Cash
ORD04433,17-09-2025,Sneha Verma,Furniture,Desk Lamp,Pune,Maharashtra,5,76440,0.02,13224.12,Cash
ORD04434,19-01-2026,Shivam Kumar,Furniture,Filing Cabinet,Pune,Maharashtra,5,90555,0.08,13764.36,Cash
ORD04435,25-09-2025,Mohit Kumar,Furniture,Office Chair,Delhi,Delhi,4,44628,0,8033.04,Wallet
ORD04436,29-08-2025,Amit Yadav,Furniture,Bookshelf,Kota,Rajasthan,5,33065,0.15,4215.79,Net Banking
ORD04437,27-01-2025,Komal Kumar,Furniture,Bookshelf,Agra,Uttar Pradesh,6,43446,0,7820.28,Card
ORD04438,29-01-2026,Arjun Gupta,Clothing,Shoes,Lucknow,Uttar Pradesh,2,8438,0.1,1561.03,Card
ORD04439,12-03-2026,Nikhil Patel,Electronics,Monitor,Lucknow,Uttar Pradesh,6,167082,0,21720.66,Net Banking
ORD04440,06-09-2025,Sneha Gupta,Electronics,Laptop,Jaipur,Rajasthan,5,208340,0.08,21250.68,Wallet
ORD04441,07-02-2025,Riya Yadav,Electronics,Keyboard,Kolkata,West Bengal,1,34604,0.08,3529.61,UPI
ORD04442,25-12-2025,Shivam Sharma,Grocery,Cooking Oil,Ahmedabad,Gujarat,3,5619,0,561.9,UPI
ORD04443,15-07-2025,Priya Mehta,Electronics,Keyboard,Agra,Uttar Pradesh,1,9695,0.15,751.36,UPI
ORD04444,19-06-2025,Varun Patel,Electronics,Headphones,Kolkata,West Bengal,1,12871,0.08,1312.84,Wallet
ORD04445,03-03-2025,Varun Mehta,Grocery,Sugar,Bengaluru,Karnataka,2,1084,0.02,100.81,UPI
ORD04446,25-05-2025,Mohit Sharma,Clothing,Dress,Chandigarh,Chandigarh,5,23945,0.05,4848.86,Net Banking
ORD04447,25-09-2025,Arjun Sharma,Grocery,Spices,Pune,Maharashtra,5,9670,0.1,628.55,UPI
ORD04448,20-05-2025,Simran Mehta,Electronics,Headphones,Noida,Uttar Pradesh,3,166584,0.05,18740.7,UPI
ORD04449,01-07-2026,Nikhil Kumar,Grocery,Sugar,Ahmedabad,Gujarat,4,3096,0.02,287.93,Cash
ORD04450,07-10-2025,Sneha Yadav,Clothing,Jeans,Mumbai,Maharashtra,6,17628,0.15,2952.69,Net Banking
ORD04451,31-08-2026,Karan Sharma,Grocery,Sugar,Kolkata,West Bengal,4,8572,0.02,797.2,Cash
ORD04452,02-07-2026,Pooja Mehta,Clothing,Shoes,Kota,Rajasthan,5,20715,0.15,3469.76,Net Banking
ORD04453,13-01-2026,Shivam Verma,Grocery,Rice,Kota,Rajasthan,3,1464,0,146.4,Wallet
ORD04454,05-01-2025,Simran Verma,Clothing,Dress,Bengaluru,Karnataka,5,5730,0.05,1160.33,Wallet
ORD04455,17-05-2025,Komal Yadav,Electronics,Mouse,Agra,Uttar Pradesh,4,196928,0,25600.64,Wallet
ORD04456,06-03-2026,Pooja Yadav,Grocery,Spices,Jaipur,Rajasthan,6,846,0.1,54.99,Cash
ORD04457,25-06-2025,Priya Sharma,Grocery,Spices,Delhi,Delhi,4,5668,0,566.8,UPI
ORD04458,15-11-2025,Vivek Kumar,Clothing,Jeans,Jaipur,Rajasthan,2,2840,0.08,545.28,Wallet
ORD04459,28-10-2025,Amit Jain,Electronics,Keyboard,Ahmedabad,Gujarat,3,69675,0.1,6619.12,Cash
ORD04460,11-06-2025,Simran Verma,Furniture,Bookshelf,Jaipur,Rajasthan,3,26031,0.05,4230.04,Net Banking
ORD04461,07-01-2026,Anjali Kaur,Grocery,Biscuits,Delhi,Delhi,4,7156,0.15,339.91,Card
ORD04462,08-06-2025,Anjali Kumar,Grocery,Tea,Mumbai,Maharashtra,6,9144,0.15,434.34,Card
ORD04463,06-03-2026,Sneha Patel,Furniture,Bookshelf,Ahmedabad,Gujarat,6,113088,0.05,18376.8,UPI
ORD04464,11-06-2025,Aditya Patel,Electronics,Printer,Kolkata,West Bengal,3,153750,0.02,18911.25,Card
ORD04465,03-08-2025,Tanya Mehta,Clothing,Kurta,Bengaluru,Karnataka,4,11936,0.02,2542.37,Net Banking
ORD04466,24-02-2025,Neha Sharma,Clothing,Dress,Ahmedabad,Gujarat,5,24590,0.1,4549.15,Card
ORD04467,28-07-2026,Simran Kumar,Clothing,Jacket,Delhi,Delhi,4,1228,0,270.16,Cash
ORD04468,24-11-2025,Aditya Yadav,Electronics,Keyboard,Lucknow,Uttar Pradesh,2,55574,0.1,5279.53,Card
ORD04469,11-09-2025,Anjali Singh,Clothing,T-Shirt,Chandigarh,Chandigarh,2,8498,0.08,1631.62,Wallet
ORD04470,21-03-2026,Arjun Sharma,Clothing,Shoes,Noida,Uttar Pradesh,3,4113,0.15,688.93,Cash
ORD04471,29-07-2025,Simran Mehta,Electronics,Smartphone,Meerut,Uttar Pradesh,1,26674,0.02,3280.9,UPI
ORD04472,28-05-2025,Komal Singh,Electronics,Printer,Mumbai,Maharashtra,4,51904,0.08,5294.21,Net Banking
ORD04473,04-06-2026,Amit Gupta,Clothing,Kurta,Ahmedabad,Gujarat,2,4180,0.15,700.15,UPI
ORD04474,27-07-2025,Karan Sharma,Electronics,Printer,Noida,Uttar Pradesh,4,15052,0.02,1851.4,Wallet
ORD04475,05-11-2025,Karan Mehta,Clothing,Jacket,Lucknow,Uttar Pradesh,1,4634,0.15,776.2,Net Banking
ORD04476,23-07-2025,Priya Verma,Electronics,Keyboard,Bengaluru,Karnataka,1,41917,0.1,3982.12,Net Banking
ORD04477,04-09-2025,Nikhil Kaur,Electronics,Keyboard,Bengaluru,Karnataka,1,2658,0.1,252.51,Net Banking
ORD04478,03-03-2026,Anjali Kaur,Grocery,Pulses,Kolkata,West Bengal,4,7772,0.02,722.8,Net Banking
ORD04479,01-03-2025,Pooja Gupta,Clothing,Jacket,Agra,Uttar Pradesh,3,9030,0.1,1670.55,Wallet
ORD04480,02-01-2026,Rohit Kumar,Electronics,Smartphone,Kolkata,West Bengal,6,101946,0.02,12539.36,UPI
ORD04481,16-01-2026,Pooja Verma,Furniture,Sofa,Pune,Maharashtra,2,39230,0.05,6374.88,UPI
ORD04482,26-03-2025,Pooja Yadav,Furniture,Table,Chandigarh,Chandigarh,2,13958,0.15,1779.64,UPI
ORD04483,30-01-2025,Sneha Sharma,Clothing,Dress,Mumbai,Maharashtra,3,9165,0.15,1535.14,Card
ORD04484,15-01-2025,Riya Kaur,Grocery,Tea,Delhi,Delhi,4,2588,0.08,186.34,Cash
ORD04485,10-11-2025,Komal Kaur,Electronics,Smartphone,Bengaluru,Karnataka,1,49512,0.05,5570.1,Net Banking
ORD04486,19-09-2025,Neha Kaur,Furniture,Office Chair,Jaipur,Rajasthan,3,57693,0.02,9980.89,Wallet
ORD04487,24-02-2025,Nikhil Patel,Grocery,Sugar,Delhi,Delhi,2,4936,0.05,407.22,Cash
ORD04488,23-08-2025,Mohit Jain,Grocery,Atta,Agra,Uttar Pradesh,2,434,0.02,40.36,Wallet
ORD04489,14-07-2026,Arjun Jain,Furniture,Sofa,Kota,Rajasthan,1,6069,0.05,986.21,Cash
ORD04490,29-01-2026,Anjali Patel,Electronics,Headphones,Ahmedabad,Gujarat,5,120385,0,15650.05,Wallet
ORD04491,02-11-2025,Nikhil Gupta,Electronics,Headphones,Agra,Uttar Pradesh,4,174576,0.05,19639.8,Cash
ORD04492,22-09-2025,Priya Yadav,Furniture,Table,Ahmedabad,Gujarat,5,4965,0,893.7,Card
ORD04493,23-05-2026,Varun Yadav,Clothing,Hoodie,Meerut,Uttar Pradesh,6,27666,0.08,5311.87,Cash
ORD04494,27-04-2026,Aditya Patel,Clothing,Shoes,Delhi,Delhi,1,4413,0.1,816.4,Cash
ORD04495,14-02-2025,Tanya Verma,Electronics,Monitor,Bengaluru,Karnataka,3,75675,0.08,7718.85,Net Banking
ORD04496,12-05-2025,Komal Sharma,Grocery,Atta,Kolkata,West Bengal,6,8922,0,892.2,UPI
ORD04497,03-02-2025,Aditya Verma,Clothing,Dress,Noida,Uttar Pradesh,4,17044,0.15,2854.87,Cash
ORD04498,11-04-2025,Karan Gupta,Grocery,Rice,Bengaluru,Karnataka,2,1026,0.08,73.87,UPI
ORD04499,02-10-2025,Mohit Kaur,Grocery,Atta,Kolkata,West Bengal,6,2634,0.08,189.65,Cash
ORD04500,30-05-2026,Pooja Singh,Furniture,Sofa,Agra,Uttar Pradesh,3,66060,0.02,11428.38,Wallet
ORD04501,30-12-2025,Amit Mehta,Grocery,Pulses,Bengaluru,Karnataka,5,7330,0,733,Net Banking
ORD04502,29-11-2025,Mohit Mehta,Electronics,Smartphone,Agra,Uttar Pradesh,6,187662,0,24396.06,Net Banking
ORD04503,14-02-2025,Shivam Verma,Electronics,Tablet,Jaipur,Rajasthan,5,193795,0.05,21801.94,Net Banking
ORD04504,16-12-2025,Shivam Yadav,Furniture,Sofa,Lucknow,Uttar Pradesh,4,86984,0,15657.12,Cash
ORD04505,25-08-2026,Anjali Mehta,Electronics,Tablet,Noida,Uttar Pradesh,1,14957,0.02,1839.71,Card
ORD04506,02-06-2025,Mohit Mehta,Furniture,Table,Lucknow,Uttar Pradesh,3,9735,0.1,1411.57,Wallet
ORD04507,16-03-2026,Shivam Kaur,Grocery,Cooking Oil,Pune,Maharashtra,2,826,0.02,76.82,Cash
ORD04508,08-08-2026,Komal Patel,Grocery,Pulses,Mumbai,Maharashtra,3,6696,0.08,482.11,Net Banking
ORD04509,22-12-2025,Arjun Kaur,Furniture,Office Chair,Pune,Maharashtra,4,32620,0,5871.6,UPI
ORD04510,04-07-2025,Mohit Patel,Clothing,Dress,Ghaziabad,Uttar Pradesh,4,19900,0.02,4238.7,UPI
ORD04511,18-05-2025,Aditya Gupta,Grocery,Tea,Meerut,Uttar Pradesh,2,194,0,19.4,Net Banking
ORD04512,03-04-2025,Shivam Jain,Electronics,Monitor,Kota,Rajasthan,4,55824,0,7257.12,Net Banking
ORD04513,07-01-2026,Mohit Verma,Furniture,Sofa,Bengaluru,Karnataka,6,8136,0.1,1179.72,Net Banking
ORD04514,13-01-2025,Nikhil Verma,Electronics,Tablet,Kolkata,West Bengal,2,23976,0.02,2949.05,Cash
ORD04515,11-04-2026,Mohit Mehta,Grocery,Pulses,Ghaziabad,Uttar Pradesh,6,9150,0.08,658.8,Wallet
ORD04516,08-03-2025,Rahul Gupta,Clothing,Jeans,Kolkata,West Bengal,5,22830,0.05,4623.08,UPI
ORD04517,28-07-2025,Rahul Verma,Electronics,Mouse,Ahmedabad,Gujarat,6,66252,0.08,6757.7,Card
ORD04518,26-01-2026,Pooja Yadav,Clothing,Hoodie,Mumbai,Maharashtra,2,7882,0.05,1596.11,Card
ORD04519,25-07-2026,Komal Singh,Furniture,Bookshelf,Ahmedabad,Gujarat,4,13796,0,2483.28,UPI
ORD04520,20-08-2026,Anjali Jain,Furniture,Desk Lamp,Delhi,Delhi,6,89196,0.15,11372.49,Net Banking
ORD04521,07-03-2025,Rohit Kumar,Furniture,Filing Cabinet,Noida,Uttar Pradesh,5,58860,0.02,10182.78,Card
ORD04522,05-02-2026,Nikhil Mehta,Electronics,Printer,Kota,Rajasthan,5,12835,0.02,1578.7,Net Banking
ORD04523,07-05-2026,Arjun Jain,Furniture,Sofa,Bengaluru,Karnataka,6,126042,0.05,20481.83,UPI
ORD04524,14-10-2025,Anjali Sharma,Furniture,Table,Jaipur,Rajasthan,3,59565,0.1,8636.92,Card
ORD04525,27-06-2025,Tanya Gupta,Furniture,Filing Cabinet,Kota,Rajasthan,5,12065,0.15,1538.29,UPI
ORD04526,22-07-2025,Rohit Verma,Furniture,Sofa,Agra,Uttar Pradesh,2,24212,0.15,3087.03,Card
ORD04527,04-12-2025,Nikhil Kaur,Clothing,Dress,Agra,Uttar Pradesh,2,7942,0.15,1330.29,UPI
ORD04528,14-01-2026,Riya Jain,Clothing,T-Shirt,Ahmedabad,Gujarat,6,14064,0,3094.08,Net Banking
ORD04529,12-02-2026,Anjali Singh,Electronics,Printer,Kolkata,West Bengal,1,8844,0.15,685.41,Cash
ORD04530,31-12-2025,Arjun Patel,Clothing,Hoodie,Mumbai,Maharashtra,5,4455,0.1,824.17,Wallet
ORD04531,17-03-2025,Anjali Kumar,Furniture,Desk Lamp,Mumbai,Maharashtra,2,1860,0.15,237.15,Cash
ORD04532,02-04-2025,Karan Mehta,Grocery,Pulses,Kota,Rajasthan,4,4712,0.1,306.28,UPI
ORD04533,05-06-2026,Arjun Singh,Grocery,Biscuits,Kota,Rajasthan,4,5992,0.02,557.26,Net Banking
ORD04534,25-01-2025,Neha Patel,Electronics,Smartphone,Bengaluru,Karnataka,3,141081,0.1,13402.69,Cash
ORD04535,20-09-2025,Anjali Kaur,Clothing,Kurta,Kolkata,West Bengal,3,5562,0.15,931.64,Net Banking
ORD04536,03-07-2026,Nikhil Yadav,Grocery,Spices,Noida,Uttar Pradesh,6,6318,0.1,410.67,Cash
ORD04537,12-01-2026,Tanya Yadav,Electronics,Laptop,Chandigarh,Chandigarh,5,281795,0,36633.35,Net Banking
ORD04538,09-01-2026,Shivam Verma,Grocery,Sugar,Meerut,Uttar Pradesh,2,4782,0.15,227.15,Net Banking
ORD04539,16-04-2026,Rahul Mehta,Electronics,Monitor,Pune,Maharashtra,3,18897,0.02,2324.33,Net Banking
ORD04540,28-06-2026,Aditya Jain,Electronics,Smartphone,Bengaluru,Karnataka,2,54908,0,7138.04,UPI
ORD04541,17-08-2025,Pooja Jain,Grocery,Atta,Delhi,Delhi,6,3912,0,391.2,Wallet
ORD04542,14-03-2026,Riya Kaur,Electronics,Monitor,Meerut,Uttar Pradesh,1,50299,0.1,4778.4,Net Banking
ORD04543,31-03-2026,Karan Gupta,Furniture,Sofa,Meerut,Uttar Pradesh,1,7332,0.15,934.83,Cash
ORD04544,17-04-2026,Rohit Patel,Furniture,Sofa,Agra,Uttar Pradesh,4,66508,0,11971.44,UPI
ORD04545,18-07-2025,Shivam Mehta,Clothing,Shoes,Bengaluru,Karnataka,3,12951,0.05,2622.58,Net Banking
ORD04546,26-07-2025,Tanya Verma,Grocery,Rice,Agra,Uttar Pradesh,3,5043,0.08,363.1,UPI
ORD04547,16-12-2025,Simran Mehta,Grocery,Tea,Chandigarh,Chandigarh,5,515,0.1,33.48,Wallet
ORD04548,14-06-2026,Komal Mehta,Grocery,Sugar,Chandigarh,Chandigarh,6,1710,0.05,141.08,Wallet
ORD04549,07-04-2025,Neha Patel,Electronics,Laptop,Ahmedabad,Gujarat,2,44520,0.02,5475.96,Card
ORD04550,05-06-2026,Amit Sharma,Grocery,Spices,Meerut,Uttar Pradesh,3,3582,0.08,257.9,Wallet
ORD04551,28-10-2025,Riya Kumar,Clothing,Kurta,Delhi,Delhi,3,1245,0,273.9,Cash
ORD04552,26-02-2025,Amit Kaur,Grocery,Rice,Delhi,Delhi,1,368,0.1,23.92,Card
ORD04553,13-11-2025,Aditya Gupta,Clothing,Jacket,Jaipur,Rajasthan,4,8792,0.15,1472.66,Card
ORD04554,10-10-2025,Rohit Verma,Grocery,Sugar,Ahmedabad,Gujarat,5,1060,0.1,68.9,UPI
ORD04555,13-08-2025,Neha Kumar,Clothing,Kurta,Jaipur,Rajasthan,4,3416,0.1,631.96,Card
ORD04556,17-09-2025,Arjun Yadav,Electronics,Smartphone,Lucknow,Uttar Pradesh,2,87746,0.1,8335.87,UPI
ORD04557,28-12-2025,Tanya Gupta,Electronics,Monitor,Pune,Maharashtra,6,20052,0.02,2466.4,UPI
ORD04558,05-07-2025,Anjali Patel,Clothing,Jeans,Bengaluru,Karnataka,5,13075,0,2876.5,Net Banking
ORD04559,10-07-2026,Sneha Mehta,Electronics,Mouse,Kolkata,West Bengal,2,33562,0.1,3188.39,Net Banking
ORD04560,21-06-2026,Shivam Yadav,Grocery,Spices,Delhi,Delhi,6,9996,0.02,929.63,UPI
ORD04561,27-04-2026,Varun Verma,Furniture,Bookshelf,Delhi,Delhi,6,46566,0.1,6752.07,Wallet
ORD04562,25-06-2026,Rohit Jain,Grocery,Tea,Lucknow,Uttar Pradesh,6,5256,0,525.6,Card
ORD04563,29-07-2025,Tanya Kaur,Grocery,Sugar,Meerut,Uttar Pradesh,6,14448,0.15,686.28,UPI
ORD04564,20-06-2025,Rahul Kaur,Furniture,Sofa,Kolkata,West Bengal,4,34964,0.1,5069.78,UPI
ORD04565,01-05-2025,Karan Verma,Clothing,Jacket,Mumbai,Maharashtra,1,4813,0.05,974.63,UPI
ORD04566,25-03-2026,Sneha Mehta,Electronics,Printer,Mumbai,Maharashtra,4,17204,0.05,1935.45,Net Banking
ORD04567,19-05-2025,Amit Verma,Grocery,Cooking Oil,Pune,Maharashtra,2,4736,0.1,307.84,UPI
ORD04568,04-02-2025,Mohit Jain,Furniture,Desk Lamp,Kota,Rajasthan,3,45441,0.05,7384.16,Wallet
ORD04569,14-01-2025,Riya Kaur,Furniture,Table,Bengaluru,Karnataka,1,7655,0.08,1163.56,Net Banking
ORD04570,29-04-2026,Arjun Mehta,Grocery,Cooking Oil,Pune,Maharashtra,6,4650,0.05,383.62,Cash
ORD04571,16-10-2025,Shivam Mehta,Clothing,Hoodie,Kota,Rajasthan,1,1851,0.08,355.39,Net Banking
ORD04572,23-08-2025,Sneha Yadav,Clothing,Dress,Agra,Uttar Pradesh,1,2832,0.05,573.48,Card
ORD04573,15-06-2026,Varun Singh,Clothing,Shoes,Chandigarh,Chandigarh,3,8202,0.15,1373.84,Cash
ORD04574,19-02-2025,Rohit Jain,Furniture,Filing Cabinet,Jaipur,Rajasthan,6,123456,0.1,17901.12,Cash
ORD04575,20-03-2026,Aditya Verma,Electronics,Monitor,Ahmedabad,Gujarat,1,21222,0.15,1644.71,Card
ORD04576,07-03-2026,Aditya Sharma,Clothing,T-Shirt,Agra,Uttar Pradesh,4,15216,0.05,3081.24,Cash
ORD04577,12-07-2026,Pooja Jain,Electronics,Tablet,Kolkata,West Bengal,5,6025,0.1,572.38,Card
ORD04578,03-03-2025,Arjun Kaur,Electronics,Mouse,Lucknow,Uttar Pradesh,4,87232,0.15,6760.48,Cash
ORD04579,19-12-2025,Riya Verma,Grocery,Rice,Ghaziabad,Uttar Pradesh,6,7830,0.15,371.93,Card
ORD04580,04-01-2026,Neha Gupta,Furniture,Desk Lamp,Pune,Maharashtra,2,17604,0.05,2860.65,Cash
ORD04581,27-04-2026,Komal Singh,Grocery,Rice,Agra,Uttar Pradesh,1,1377,0.05,113.6,Net Banking
ORD04582,20-06-2025,Simran Singh,Furniture,Desk Lamp,Mumbai,Maharashtra,1,21766,0.02,3765.52,Net Banking
ORD04583,04-02-2026,Arjun Jain,Electronics,Tablet,Noida,Uttar Pradesh,6,210168,0.15,16288.02,Net Banking
ORD04584,26-04-2026,Rahul Verma,Grocery,Tea,Kota,Rajasthan,4,3264,0.02,303.55,Wallet
ORD04585,09-07-2025,Nikhil Jain,Clothing,Dress,Lucknow,Uttar Pradesh,4,19556,0.08,3754.75,UPI
ORD04586,09-08-2026,Simran Kumar,Furniture,Office Chair,Kolkata,West Bengal,5,29395,0.02,5085.34,Card
ORD04587,09-07-2025,Mohit Verma,Furniture,Table,Mumbai,Maharashtra,6,4986,0.08,757.87,Wallet
ORD04588,09-10-2025,Anjali Yadav,Clothing,Hoodie,Chandigarh,Chandigarh,1,4410,0.05,893.03,Cash
ORD04589,02-09-2025,Priya Gupta,Electronics,Keyboard,Agra,Uttar Pradesh,5,297105,0.1,28224.97,UPI
ORD04590,27-07-2025,Arjun Jain,Electronics,Mouse,Agra,Uttar Pradesh,4,61292,0,7967.96,Card
ORD04591,10-01-2025,Vivek Kaur,Grocery,Pulses,Ghaziabad,Uttar Pradesh,3,3960,0.1,257.4,Wallet
ORD04592,22-08-2026,Nikhil Singh,Grocery,Biscuits,Kota,Rajasthan,1,1827,0.1,118.76,UPI
ORD04593,22-06-2026,Nikhil Singh,Furniture,Table,Kolkata,West Bengal,6,76890,0,13840.2,Wallet
ORD04594,25-03-2026,Riya Sharma,Grocery,Biscuits,Jaipur,Rajasthan,3,2823,0.05,232.9,Wallet
ORD04595,12-07-2026,Sneha Singh,Furniture,Table,Delhi,Delhi,5,31850,0.05,5175.62,Wallet
ORD04596,03-08-2025,Priya Mehta,Clothing,Shoes,Kota,Rajasthan,6,12288,0.08,2359.3,Card
ORD04597,12-02-2025,Rohit Kaur,Furniture,Office Chair,Ahmedabad,Gujarat,5,52085,0.08,7916.92,Card
ORD04598,19-02-2026,Vivek Patel,Grocery,Atta,Mumbai,Maharashtra,1,1045,0.02,97.19,UPI
ORD04599,24-03-2025,Priya Mehta,Clothing,Hoodie,Bengaluru,Karnataka,4,10416,0.1,1926.96,Card
ORD04600,05-02-2025,Karan Kumar,Clothing,Hoodie,Bengaluru,Karnataka,6,12738,0.15,2133.62,UPI
ORD04601,18-03-2026,Arjun Singh,Electronics,Tablet,Jaipur,Rajasthan,2,101942,0.08,10398.08,Wallet
ORD04602,25-10-2025,Rahul Jain,Clothing,Jacket,Ahmedabad,Gujarat,3,8418,0,1851.96,Cash
ORD04603,19-03-2025,Rohit Sharma,Grocery,Spices,Meerut,Uttar Pradesh,2,4868,0.05,401.61,Wallet
ORD04604,01-03-2026,Amit Sharma,Clothing,Kurta,Jaipur,Rajasthan,1,598,0.08,114.82,Card
ORD04605,17-04-2025,Sneha Gupta,Grocery,Rice,Lucknow,Uttar Pradesh,4,608,0.15,28.88,Wallet
ORD04606,24-01-2026,Neha Gupta,Clothing,Jeans,Mumbai,Maharashtra,6,7002,0.15,1172.84,Cash
ORD04607,13-07-2026,Varun Gupta,Electronics,Laptop,Jaipur,Rajasthan,4,166628,0.08,16996.06,Cash
ORD04608,24-12-2025,Amit Singh,Grocery,Sugar,Ahmedabad,Gujarat,2,782,0.08,56.3,Cash
ORD04609,21-12-2025,Simran Gupta,Furniture,Table,Kolkata,West Bengal,5,97755,0.02,16911.61,UPI
ORD04610,21-04-2026,Arjun Patel,Grocery,Cooking Oil,Kolkata,West Bengal,1,142,0.15,6.75,Wallet
ORD04611,01-02-2025,Nikhil Mehta,Clothing,T-Shirt,Meerut,Uttar Pradesh,2,1018,0.05,206.15,Net Banking
ORD04612,23-07-2025,Rohit Kaur,Electronics,Headphones,Mumbai,Maharashtra,3,47802,0.02,5879.65,UPI
ORD04613,09-03-2025,Arjun Patel,Clothing,Shoes,Pune,Maharashtra,3,9669,0.05,1957.97,Wallet
ORD04614,06-01-2025,Arjun Jain,Furniture,Bookshelf,Kolkata,West Bengal,5,33125,0.02,5730.62,Wallet
ORD04615,06-06-2026,Shivam Yadav,Electronics,Smartphone,Kolkata,West Bengal,6,74766,0,9719.58,Card
ORD04616,04-05-2025,Arjun Mehta,Electronics,Printer,Ahmedabad,Gujarat,4,145932,0,18971.16,Wallet
ORD04617,04-05-2026,Karan Singh,Grocery,Atta,Agra,Uttar Pradesh,1,1421,0,142.1,Cash
ORD04618,10-09-2025,Arjun Yadav,Electronics,Mouse,Pune,Maharashtra,3,48711,0,6332.43,UPI
ORD04619,03-09-2025,Varun Verma,Furniture,Sofa,Lucknow,Uttar Pradesh,5,69115,0.02,11956.89,Wallet
ORD04620,07-02-2026,Mohit Gupta,Clothing,Jacket,Delhi,Delhi,6,13200,0.08,2534.4,Card
ORD04621,22-06-2026,Rahul Verma,Clothing,Jeans,Ahmedabad,Gujarat,6,29430,0.05,5959.58,Card
ORD04622,22-10-2025,Varun Mehta,Electronics,Tablet,Bengaluru,Karnataka,3,163239,0,21221.07,Card
ORD04623,21-01-2025,Anjali Sharma,Furniture,Desk Lamp,Bengaluru,Karnataka,1,17686,0.05,2873.97,Cash
ORD04624,01-05-2025,Varun Singh,Grocery,Cooking Oil,Agra,Uttar Pradesh,5,965,0.05,79.61,Card
ORD04625,23-02-2025,Aditya Gupta,Grocery,Pulses,Meerut,Uttar Pradesh,1,323,0.1,21,Cash
ORD04626,20-04-2025,Priya Kaur,Clothing,Shoes,Pune,Maharashtra,6,13176,0.1,2437.56,UPI
ORD04627,25-07-2025,Simran Yadav,Grocery,Tea,Ahmedabad,Gujarat,6,720,0,72,Net Banking
ORD04628,06-05-2026,Vivek Gupta,Clothing,Kurta,Jaipur,Rajasthan,3,12861,0.02,2739.39,Wallet
ORD04629,13-08-2025,Riya Mehta,Grocery,Spices,Jaipur,Rajasthan,1,1892,0.02,175.96,UPI
ORD04630,01-06-2025,Rahul Jain,Clothing,Hoodie,Kolkata,West Bengal,4,9828,0,2162.16,UPI
ORD04631,29-05-2026,Neha Yadav,Electronics,Mouse,Jaipur,Rajasthan,5,197710,0.02,24318.33,Card
ORD04632,30-04-2025,Riya Sharma,Clothing,T-Shirt,Lucknow,Uttar Pradesh,2,4646,0.05,940.82,Card
ORD04633,17-03-2026,Nikhil Jain,Grocery,Biscuits,Kota,Rajasthan,4,6436,0.02,598.55,Cash
ORD04634,21-07-2025,Riya Kaur,Electronics,Mouse,Bengaluru,Karnataka,6,42384,0.08,4323.17,Wallet
ORD04635,21-07-2026,Priya Verma,Electronics,Printer,Agra,Uttar Pradesh,2,35490,0.15,2750.48,Cash
ORD04636,12-06-2026,Karan Patel,Furniture,Sofa,Jaipur,Rajasthan,3,17805,0.1,2581.72,Card
ORD04637,11-01-2026,Neha Mehta,Electronics,Mouse,Pune,Maharashtra,3,49050,0.1,4659.75,UPI
ORD04638,31-08-2025,Vivek Sharma,Clothing,Jeans,Meerut,Uttar Pradesh,5,24390,0.08,4682.88,UPI
ORD04639,08-11-2025,Sneha Yadav,Electronics,Headphones,Pune,Maharashtra,5,163180,0.15,12646.45,Cash
ORD04640,07-02-2025,Simran Patel,Grocery,Sugar,Bengaluru,Karnataka,6,11526,0.08,829.87,Wallet
ORD04641,14-11-2025,Mohit Mehta,Electronics,Tablet,Kota,Rajasthan,5,25230,0.1,2396.85,Cash
ORD04642,02-02-2025,Pooja Gupta,Grocery,Pulses,Ghaziabad,Uttar Pradesh,5,8280,0,828,UPI
ORD04643,18-08-2026,Rohit Sharma,Clothing,Shoes,Ghaziabad,Uttar Pradesh,4,18940,0.15,3172.45,Wallet
ORD04644,24-05-2026,Anjali Mehta,Electronics,Headphones,Kolkata,West Bengal,1,46852,0.15,3631.03,Wallet
ORD04645,30-05-2026,Komal Kaur,Clothing,Jeans,Delhi,Delhi,4,6492,0,1428.24,Net Banking
ORD04646,24-11-2025,Komal Kaur,Electronics,Tablet,Pune,Maharashtra,5,36050,0.08,3677.1,Card
ORD04647,02-02-2025,Simran Jain,Furniture,Sofa,Ghaziabad,Uttar Pradesh,3,9294,0,1672.92,Cash
ORD04648,02-12-2025,Aditya Singh,Grocery,Spices,Kota,Rajasthan,1,675,0.08,48.6,Wallet
ORD04649,20-06-2025,Aditya Jain,Electronics,Keyboard,Ahmedabad,Gujarat,5,278270,0,36175.1,Wallet
ORD04650,19-02-2026,Rahul Jain,Clothing,Dress,Meerut,Uttar Pradesh,3,2472,0.1,457.32,Cash
ORD04651,12-01-2026,Pooja Kaur,Electronics,Smartphone,Bengaluru,Karnataka,5,258060,0.05,29031.75,Card
ORD04652,28-07-2025,Rohit Jain,Electronics,Headphones,Ghaziabad,Uttar Pradesh,4,238120,0.08,24288.24,Cash
ORD04653,07-05-2025,Nikhil Patel,Clothing,Kurta,Jaipur,Rajasthan,4,1912,0.08,367.1,Cash
ORD04654,09-11-2025,Rahul Sharma,Clothing,Kurta,Chandigarh,Chandigarh,1,2519,0.15,421.93,UPI
ORD04655,16-02-2025,Neha Verma,Clothing,T-Shirt,Kolkata,West Bengal,4,13308,0.08,2555.14,UPI
ORD04656,13-05-2026,Arjun Patel,Electronics,Tablet,Lucknow,Uttar Pradesh,1,29732,0.1,2824.54,Net Banking
ORD04657,05-12-2025,Vivek Singh,Furniture,Table,Chandigarh,Chandigarh,5,86460,0.15,11023.65,Net Banking
ORD04658,13-05-2026,Shivam Patel,Furniture,Filing Cabinet,Lucknow,Uttar Pradesh,3,60270,0.15,7684.43,Card
ORD04659,19-07-2025,Nikhil Mehta,Clothing,T-Shirt,Kolkata,West Bengal,6,25410,0.15,4256.18,Cash
ORD04660,28-07-2026,Karan Kaur,Clothing,Shoes,Chandigarh,Chandigarh,3,13401,0.08,2572.99,UPI
ORD04661,27-05-2025,Mohit Patel,Electronics,Smartphone,Ghaziabad,Uttar Pradesh,5,247070,0.15,19147.93,UPI
ORD04662,19-07-2025,Riya Sharma,Grocery,Pulses,Kota,Rajasthan,1,2366,0.05,195.2,UPI
ORD04663,04-03-2025,Arjun Yadav,Grocery,Tea,Ghaziabad,Uttar Pradesh,6,972,0.05,80.19,Net Banking
ORD04664,23-02-2026,Riya Kaur,Electronics,Laptop,Lucknow,Uttar Pradesh,1,13771,0,1790.23,Net Banking
ORD04665,09-06-2025,Sneha Patel,Clothing,Jeans,Kota,Rajasthan,1,3886,0,854.92,Net Banking
ORD04666,10-01-2025,Nikhil Gupta,Electronics,Printer,Jaipur,Rajasthan,2,98362,0.05,11065.73,Card
ORD04667,29-10-2025,Pooja Jain,Grocery,Atta,Pune,Maharashtra,6,1056,0.15,50.16,Wallet
ORD04668,19-05-2025,Arjun Kaur,Electronics,Printer,Chandigarh,Chandigarh,4,123472,0.08,12594.14,UPI
ORD04669,10-02-2026,Karan Patel,Furniture,Filing Cabinet,Agra,Uttar Pradesh,3,26637,0,4794.66,UPI
ORD04670,10-05-2025,Anjali Mehta,Clothing,Kurta,Lucknow,Uttar Pradesh,4,10136,0.08,1946.11,UPI
ORD04671,15-02-2025,Pooja Mehta,Clothing,Shoes,Kolkata,West Bengal,4,17988,0.02,3831.44,Wallet
ORD04672,26-12-2025,Amit Singh,Electronics,Tablet,Chandigarh,Chandigarh,1,21589,0.15,1673.15,Net Banking
ORD04673,28-04-2026,Karan Kumar,Electronics,Mouse,Lucknow,Uttar Pradesh,1,46578,0.1,4424.91,Card
ORD04674,26-03-2026,Nikhil Mehta,Furniture,Filing Cabinet,Delhi,Delhi,6,89724,0.08,13638.05,Cash
ORD04675,03-07-2025,Simran Singh,Clothing,Dress,Delhi,Delhi,3,6657,0.15,1115.05,UPI
ORD04676,20-06-2025,Komal Mehta,Grocery,Tea,Ghaziabad,Uttar Pradesh,3,2988,0.15,141.93,UPI
ORD04677,16-06-2026,Amit Yadav,Grocery,Rice,Agra,Uttar Pradesh,5,1785,0.02,166,Net Banking
ORD04678,26-07-2026,Varun Mehta,Furniture,Table,Noida,Uttar Pradesh,2,26382,0.08,4010.06,Cash
ORD04679,23-04-2025,Anjali Kumar,Clothing,Jacket,Ahmedabad,Gujarat,3,4176,0.08,801.79,UPI
ORD04680,09-01-2025,Mohit Singh,Grocery,Rice,Chandigarh,Chandigarh,3,4728,0.08,340.42,Wallet
ORD04681,01-10-2025,Vivek Kumar,Clothing,T-Shirt,Mumbai,Maharashtra,4,18616,0.08,3574.27,Card
ORD04682,14-07-2026,Shivam Mehta,Furniture,Bookshelf,Bengaluru,Karnataka,5,99440,0.15,12678.6,Card
ORD04683,10-09-2025,Anjali Mehta,Clothing,Kurta,Jaipur,Rajasthan,5,7660,0.08,1470.72,UPI
ORD04684,21-12-2025,Priya Yadav,Electronics,Tablet,Bengaluru,Karnataka,2,45072,0.15,3493.08,UPI
ORD04685,25-07-2025,Aditya Jain,Grocery,Pulses,Chandigarh,Chandigarh,3,1167,0.1,75.86,Cash
ORD04686,01-10-2025,Simran Yadav,Clothing,Jeans,Noida,Uttar Pradesh,2,8042,0.02,1712.95,Wallet
ORD04687,13-06-2025,Rohit Verma,Electronics,Monitor,Pune,Maharashtra,4,113312,0.15,8781.68,Cash
ORD04688,24-11-2025,Neha Mehta,Grocery,Cooking Oil,Jaipur,Rajasthan,3,4866,0,486.6,Cash
ORD04689,25-09-2025,Sneha Sharma,Furniture,Table,Kolkata,West Bengal,2,9956,0.15,1269.39,Wallet
ORD04690,21-04-2025,Arjun Patel,Electronics,Laptop,Noida,Uttar Pradesh,3,105612,0.15,8184.93,Net Banking
ORD04691,15-09-2025,Karan Kaur,Electronics,Headphones,Delhi,Delhi,5,199965,0.15,15497.29,Cash
ORD04692,13-09-2025,Rahul Sharma,Electronics,Keyboard,Jaipur,Rajasthan,5,39030,0.08,3981.06,Wallet
ORD04693,13-01-2025,Anjali Jain,Electronics,Smartphone,Mumbai,Maharashtra,5,267250,0.1,25388.75,UPI
ORD04694,26-01-2025,Anjali Sharma,Electronics,Headphones,Delhi,Delhi,2,29594,0.05,3329.33,Wallet
ORD04695,16-12-2025,Komal Mehta,Electronics,Laptop,Agra,Uttar Pradesh,4,188572,0.02,23194.36,Wallet
ORD04696,25-02-2026,Nikhil Patel,Electronics,Keyboard,Noida,Uttar Pradesh,2,10176,0,1322.88,Cash
ORD04697,25-10-2025,Nikhil Kaur,Grocery,Rice,Meerut,Uttar Pradesh,6,2322,0.02,215.95,Net Banking
ORD04698,22-12-2025,Shivam Jain,Clothing,Jeans,Mumbai,Maharashtra,1,1520,0.15,254.6,Card
ORD04699,06-06-2026,Varun Gupta,Grocery,Atta,Delhi,Delhi,4,4700,0.1,305.5,Wallet
ORD04700,16-08-2026,Neha Sharma,Clothing,Kurta,Noida,Uttar Pradesh,2,6968,0,1532.96,Card
ORD04701,04-03-2026,Mohit Kaur,Furniture,Office Chair,Chandigarh,Chandigarh,3,44937,0.05,7302.26,UPI
ORD04702,09-04-2025,Pooja Sharma,Grocery,Spices,Agra,Uttar Pradesh,4,8712,0.15,413.82,Cash
ORD04703,07-08-2026,Riya Gupta,Clothing,Hoodie,Delhi,Delhi,3,6678,0.1,1235.43,UPI
ORD04704,28-05-2025,Shivam Yadav,Grocery,Tea,Agra,Uttar Pradesh,1,2244,0.08,161.57,Card
ORD04705,01-06-2025,Simran Jain,Furniture,Table,Ahmedabad,Gujarat,2,3104,0.08,471.81,Net Banking
ORD04706,11-08-2025,Shivam Yadav,Grocery,Tea,Noida,Uttar Pradesh,2,3544,0,354.4,Cash
ORD04707,01-06-2026,Rahul Yadav,Grocery,Tea,Agra,Uttar Pradesh,5,8525,0,852.5,Wallet
ORD04708,13-08-2025,Mohit Gupta,Furniture,Desk Lamp,Ghaziabad,Uttar Pradesh,3,5952,0.1,863.04,Cash
ORD04709,28-12-2025,Shivam Jain,Furniture,Filing Cabinet,Bengaluru,Karnataka,4,70696,0.1,10250.92,Wallet
ORD04710,17-01-2026,Riya Patel,Electronics,Keyboard,Delhi,Delhi,4,162808,0.08,16606.42,Card
ORD04711,15-04-2026,Nikhil Singh,Furniture,Bookshelf,Bengaluru,Karnataka,5,71955,0.02,12448.21,Card
ORD04712,27-04-2026,Anjali Verma,Furniture,Sofa,Mumbai,Maharashtra,2,7032,0.02,1216.54,Cash
ORD04713,19-12-2025,Anjali Kaur,Electronics,Mouse,Pune,Maharashtra,6,242412,0.15,18786.93,Wallet
ORD04714,19-01-2025,Priya Kaur,Electronics,Keyboard,Kolkata,West Bengal,2,118380,0.1,11246.1,Net Banking
ORD04715,07-01-2026,Rahul Singh,Electronics,Laptop,Jaipur,Rajasthan,2,75128,0.05,8451.9,Net Banking
ORD04716,07-08-2025,Simran Kumar,Clothing,Jacket,Kota,Rajasthan,2,6576,0.15,1101.48,Cash
ORD04717,02-09-2025,Rohit Jain,Furniture,Desk Lamp,Noida,Uttar Pradesh,1,7909,0.02,1368.26,Net Banking
ORD04718,09-03-2026,Aditya Gupta,Grocery,Pulses,Ahmedabad,Gujarat,5,1420,0.08,102.24,Net Banking
ORD04719,04-03-2025,Vivek Sharma,Grocery,Atta,Kolkata,West Bengal,1,479,0,47.9,Wallet
ORD04720,27-06-2025,Riya Sharma,Furniture,Desk Lamp,Lucknow,Uttar Pradesh,2,32288,0.1,4681.76,UPI
ORD04721,16-08-2025,Pooja Gupta,Grocery,Pulses,Chandigarh,Chandigarh,4,5984,0.15,284.24,Card
ORD04722,13-05-2025,Neha Gupta,Furniture,Bookshelf,Ghaziabad,Uttar Pradesh,5,41020,0.1,5947.9,Card
ORD04723,12-04-2026,Sneha Gupta,Clothing,Hoodie,Kota,Rajasthan,4,15976,0.02,3402.89,Cash
ORD04724,18-06-2026,Komal Yadav,Grocery,Biscuits,Delhi,Delhi,2,1032,0.15,49.02,Card
ORD04725,05-02-2025,Karan Mehta,Electronics,Monitor,Lucknow,Uttar Pradesh,5,104255,0.08,10634.01,Card
ORD04726,16-05-2026,Varun Jain,Furniture,Desk Lamp,Ahmedabad,Gujarat,4,96456,0.1,13986.12,Cash
ORD04727,19-04-2026,Anjali Patel,Furniture,Office Chair,Kolkata,West Bengal,6,135966,0.05,22094.48,Wallet
ORD04728,03-04-2026,Aditya Sharma,Furniture,Bookshelf,Bengaluru,Karnataka,5,101330,0.05,16466.12,Net Banking
ORD04729,05-09-2025,Neha Sharma,Furniture,Filing Cabinet,Pune,Maharashtra,2,36086,0.05,5863.98,Card
ORD04730,01-05-2026,Shivam Gupta,Clothing,Jacket,Jaipur,Rajasthan,1,3738,0.15,626.12,Net Banking
ORD04731,07-08-2026,Komal Mehta,Grocery,Pulses,Mumbai,Maharashtra,6,2154,0.1,140.01,Card
ORD04732,25-10-2025,Anjali Patel,Grocery,Cooking Oil,Ahmedabad,Gujarat,2,4862,0.05,401.12,Card
ORD04733,25-03-2026,Arjun Verma,Electronics,Monitor,Chandigarh,Chandigarh,5,112875,0.15,8747.81,Cash
ORD04734,22-05-2026,Aditya Patel,Electronics,Monitor,Pune,Maharashtra,3,92361,0.02,11360.4,Net Banking
ORD04735,24-01-2026,Mohit Gupta,Furniture,Sofa,Bengaluru,Karnataka,2,34706,0.1,5032.37,Wallet
ORD04736,07-06-2025,Neha Sharma,Grocery,Pulses,Pune,Maharashtra,1,2040,0.1,132.6,UPI
ORD04737,19-09-2025,Arjun Jain,Electronics,Laptop,Kolkata,West Bengal,1,6984,0.15,541.26,Net Banking
ORD04738,26-11-2025,Aditya Yadav,Grocery,Rice,Jaipur,Rajasthan,2,2778,0,277.8,Wallet
ORD04739,12-02-2026,Sneha Kumar,Clothing,T-Shirt,Lucknow,Uttar Pradesh,5,3250,0.1,601.25,UPI
ORD04740,12-06-2026,Aditya Singh,Electronics,Laptop,Chandigarh,Chandigarh,3,125889,0.05,14162.51,Cash
ORD04741,28-10-2025,Shivam Mehta,Furniture,Filing Cabinet,Meerut,Uttar Pradesh,4,91460,0.15,11661.15,Net Banking
ORD04742,23-07-2025,Amit Yadav,Clothing,Dress,Bengaluru,Karnataka,2,5472,0.1,1012.32,UPI
ORD04743,06-12-2025,Priya Singh,Grocery,Cooking Oil,Pune,Maharashtra,4,2864,0.15,136.04,Card
ORD04744,19-03-2026,Sneha Yadav,Clothing,Jeans,Kolkata,West Bengal,2,5966,0.02,1270.76,Net Banking
ORD04745,14-05-2025,Riya Yadav,Grocery,Pulses,Kota,Rajasthan,2,2212,0.15,105.07,Wallet
ORD04746,03-11-2025,Shivam Kaur,Grocery,Biscuits,Delhi,Delhi,2,730,0,73,Wallet
ORD04747,06-07-2025,Komal Sharma,Electronics,Headphones,Delhi,Delhi,4,127540,0,16580.2,Net Banking
ORD04748,27-02-2026,Tanya Kaur,Electronics,Laptop,Kota,Rajasthan,3,79326,0.08,8091.25,Cash
ORD04749,03-05-2025,Arjun Gupta,Grocery,Atta,Kolkata,West Bengal,6,2694,0.08,193.97,Card
ORD04750,21-02-2025,Pooja Singh,Clothing,Shoes,Jaipur,Rajasthan,5,11530,0.15,1931.28,Cash
ORD04751,28-05-2025,Mohit Yadav,Furniture,Sofa,Ahmedabad,Gujarat,5,64900,0.15,8274.75,Wallet
ORD04752,11-01-2025,Aditya Jain,Grocery,Spices,Kota,Rajasthan,2,2782,0.15,132.15,UPI
ORD04753,01-11-2025,Sneha Mehta,Electronics,Printer,Meerut,Uttar Pradesh,5,228630,0.02,28121.49,Cash
ORD04754,24-09-2025,Tanya Patel,Grocery,Cooking Oil,Meerut,Uttar Pradesh,6,9786,0,978.6,Card
ORD04755,28-03-2026,Anjali Mehta,Grocery,Sugar,Noida,Uttar Pradesh,5,8485,0.02,789.11,Cash
ORD04756,11-12-2025,Riya Mehta,Clothing,Jeans,Pune,Maharashtra,1,2908,0,639.76,Card
ORD04757,29-05-2025,Rohit Sharma,Electronics,Laptop,Bengaluru,Karnataka,4,55052,0.08,5615.3,Cash
ORD04758,19-04-2026,Amit Gupta,Electronics,Tablet,Lucknow,Uttar Pradesh,1,29785,0.1,2829.57,Wallet
ORD04759,20-07-2025,Aditya Verma,Electronics,Monitor,Ghaziabad,Uttar Pradesh,6,260772,0.05,29336.85,Wallet
ORD04760,21-11-2025,Shivam Jain,Grocery,Biscuits,Meerut,Uttar Pradesh,4,2992,0.1,194.48,Net Banking
ORD04761,05-01-2026,Vivek Jain,Grocery,Pulses,Kota,Rajasthan,6,1980,0.05,163.35,Wallet
ORD04762,29-01-2026,Tanya Patel,Electronics,Printer,Noida,Uttar Pradesh,2,92084,0.1,8747.98,UPI
ORD04763,10-01-2025,Amit Singh,Clothing,Jacket,Chandigarh,Chandigarh,5,8995,0.08,1727.04,Wallet
ORD04764,12-05-2025,Riya Jain,Furniture,Table,Kolkata,West Bengal,6,25416,0.02,4396.97,Wallet
ORD04765,10-06-2025,Priya Verma,Furniture,Sofa,Ahmedabad,Gujarat,3,43755,0,7875.9,Net Banking
ORD04766,19-05-2025,Tanya Kumar,Clothing,T-Shirt,Agra,Uttar Pradesh,4,16992,0,3738.24,Wallet
ORD04767,28-08-2026,Mohit Mehta,Clothing,Jeans,Chandigarh,Chandigarh,6,20202,0,4444.44,UPI
ORD04768,10-06-2025,Neha Verma,Grocery,Spices,Bengaluru,Karnataka,3,4368,0.1,283.92,Cash
ORD04769,18-05-2026,Rahul Mehta,Clothing,Jeans,Chandigarh,Chandigarh,5,14735,0.1,2725.97,Card
ORD04770,01-07-2025,Tanya Verma,Electronics,Keyboard,Kolkata,West Bengal,2,72888,0.15,5648.82,Card
ORD04771,25-05-2026,Rohit Yadav,Clothing,Jeans,Mumbai,Maharashtra,4,18472,0.1,3417.32,Card
ORD04772,12-05-2026,Arjun Mehta,Clothing,Hoodie,Pune,Maharashtra,6,21948,0.05,4444.47,Wallet
ORD04773,11-10-2025,Mohit Yadav,Clothing,Hoodie,Chandigarh,Chandigarh,4,9916,0.08,1903.87,UPI
ORD04774,06-05-2025,Varun Yadav,Grocery,Atta,Mumbai,Maharashtra,2,1000,0,100,UPI
ORD04775,26-12-2025,Rahul Yadav,Electronics,Printer,Agra,Uttar Pradesh,4,196392,0.05,22094.1,Wallet
ORD04776,02-01-2025,Varun Jain,Electronics,Laptop,Agra,Uttar Pradesh,5,6450,0,838.5,Net Banking
ORD04777,22-03-2026,Priya Patel,Grocery,Pulses,Kolkata,West Bengal,3,3354,0.08,241.49,Card
ORD04778,30-10-2025,Riya Yadav,Grocery,Spices,Jaipur,Rajasthan,2,3306,0.15,157.04,Card
ORD04779,11-08-2026,Nikhil Verma,Furniture,Table,Lucknow,Uttar Pradesh,4,61220,0.05,9948.25,Card
ORD04780,30-05-2026,Rohit Patel,Grocery,Atta,Meerut,Uttar Pradesh,6,11052,0.02,1027.84,UPI
ORD04781,31-07-2025,Varun Kaur,Clothing,T-Shirt,Meerut,Uttar Pradesh,2,8544,0.05,1730.16,Card
ORD04782,24-10-2025,Rahul Yadav,Clothing,Jacket,Delhi,Delhi,3,4944,0,1087.68,UPI
ORD04783,05-05-2026,Shivam Mehta,Clothing,Shoes,Meerut,Uttar Pradesh,4,2064,0.1,381.84,Card
ORD04784,30-08-2025,Nikhil Mehta,Electronics,Headphones,Agra,Uttar Pradesh,5,162515,0.08,16576.53,UPI
ORD04785,26-03-2026,Vivek Kaur,Clothing,Kurta,Noida,Uttar Pradesh,5,24300,0,5346,Card
ORD04786,26-06-2026,Komal Yadav,Grocery,Spices,Agra,Uttar Pradesh,2,3774,0.15,179.27,Wallet
ORD04787,06-01-2026,Sneha Kumar,Grocery,Tea,Mumbai,Maharashtra,6,8988,0.15,426.93,Card
ORD04788,04-02-2026,Priya Mehta,Electronics,Headphones,Lucknow,Uttar Pradesh,3,157638,0.15,12216.95,Card
ORD04789,04-05-2026,Aditya Gupta,Clothing,Jeans,Agra,Uttar Pradesh,4,9420,0.08,1808.64,Card
ORD04790,08-10-2025,Komal Kaur,Grocery,Atta,Noida,Uttar Pradesh,2,1980,0.1,128.7,Net Banking
ORD04791,31-07-2026,Komal Kaur,Clothing,Shoes,Ahmedabad,Gujarat,1,966,0.1,178.71,Cash
ORD04792,10-05-2025,Arjun Patel,Clothing,Shoes,Pune,Maharashtra,6,28236,0.02,6014.27,UPI
ORD04793,21-10-2025,Mohit Kumar,Electronics,Laptop,Agra,Uttar Pradesh,5,7025,0.05,790.31,Net Banking
ORD04794,03-02-2025,Anjali Patel,Furniture,Sofa,Agra,Uttar Pradesh,5,63690,0.05,10349.62,UPI
ORD04795,09-05-2025,Aditya Kumar,Furniture,Bookshelf,Lucknow,Uttar Pradesh,2,20634,0.08,3136.37,Card
ORD04796,11-12-2025,Karan Verma,Furniture,Desk Lamp,Ghaziabad,Uttar Pradesh,2,5224,0.08,794.05,Cash
ORD04797,23-08-2026,Varun Sharma,Furniture,Filing Cabinet,Agra,Uttar Pradesh,5,81380,0.05,13224.25,Wallet
ORD04798,18-02-2026,Rahul Jain,Grocery,Atta,Mumbai,Maharashtra,2,1142,0.1,74.23,Net Banking
ORD04799,20-07-2026,Neha Kaur,Grocery,Biscuits,Bengaluru,Karnataka,4,8580,0.15,407.55,Card
ORD04800,12-04-2026,Karan Patel,Grocery,Spices,Ghaziabad,Uttar Pradesh,1,2488,0.08,179.14,Wallet
ORD04801,06-08-2026,Aditya Patel,Furniture,Sofa,Ahmedabad,Gujarat,4,57188,0,10293.84,Net Banking
ORD04802,08-01-2026,Amit Kaur,Clothing,Jacket,Delhi,Delhi,1,2694,0.05,545.54,Card
ORD04803,25-03-2025,Rahul Kaur,Grocery,Atta,Pune,Maharashtra,6,1146,0.15,54.44,Wallet
ORD04804,31-12-2025,Neha Kaur,Furniture,Filing Cabinet,Meerut,Uttar Pradesh,6,33810,0.08,5139.12,Wallet
ORD04805,07-12-2025,Tanya Gupta,Furniture,Bookshelf,Lucknow,Uttar Pradesh,4,34340,0,6181.2,UPI
ORD04806,29-03-2026,Anjali Verma,Clothing,Shoes,Kota,Rajasthan,1,854,0.08,163.97,Wallet
ORD04807,03-04-2025,Shivam Jain,Grocery,Atta,Lucknow,Uttar Pradesh,6,8238,0.1,535.47,Net Banking
ORD04808,19-11-2025,Pooja Jain,Electronics,Headphones,Delhi,Delhi,4,88732,0.15,6876.73,UPI
ORD04809,04-05-2026,Neha Mehta,Clothing,Jeans,Chandigarh,Chandigarh,4,12296,0.1,2274.76,Wallet
ORD04810,25-01-2025,Mohit Kumar,Furniture,Desk Lamp,Agra,Uttar Pradesh,1,15658,0.15,1996.39,Card
ORD04811,08-03-2025,Neha Jain,Electronics,Tablet,Pune,Maharashtra,4,119952,0.02,14754.1,UPI
ORD04812,29-01-2025,Arjun Kaur,Clothing,Shoes,Mumbai,Maharashtra,2,9656,0.08,1853.95,Wallet
ORD04813,25-04-2025,Vivek Patel,Clothing,Jeans,Kota,Rajasthan,5,24300,0.02,5175.9,Card
ORD04814,05-09-2025,Rahul Mehta,Clothing,T-Shirt,Ghaziabad,Uttar Pradesh,4,4588,0.08,880.9,Card
ORD04815,27-07-2026,Simran Jain,Electronics,Smartphone,Mumbai,Maharashtra,2,5568,0.08,567.94,Card
ORD04816,03-07-2026,Riya Mehta,Grocery,Cooking Oil,Jaipur,Rajasthan,4,2972,0.02,276.4,Cash
ORD04817,25-12-2025,Shivam Yadav,Grocery,Rice,Jaipur,Rajasthan,4,8196,0.05,676.17,Net Banking
ORD04818,04-01-2025,Anjali Kaur,Furniture,Filing Cabinet,Kolkata,West Bengal,3,30966,0,5573.88,Net Banking
ORD04819,03-12-2025,Varun Patel,Furniture,Bookshelf,Delhi,Delhi,3,6243,0.02,1080.04,Wallet
ORD04820,26-06-2026,Sneha Singh,Electronics,Laptop,Bengaluru,Karnataka,5,107905,0.05,12139.31,Card
ORD04821,02-06-2025,Amit Jain,Clothing,Shoes,Mumbai,Maharashtra,3,9741,0.08,1870.27,UPI
ORD04822,14-01-2026,Amit Kaur,Furniture,Bookshelf,Noida,Uttar Pradesh,1,10180,0,1832.4,Cash
ORD04823,02-05-2025,Nikhil Kumar,Furniture,Office Chair,Jaipur,Rajasthan,4,5004,0.1,725.58,UPI
ORD04824,02-04-2025,Karan Gupta,Clothing,Dress,Agra,Uttar Pradesh,6,20592,0.08,3953.66,UPI
ORD04825,13-02-2025,Amit Gupta,Clothing,Shoes,Bengaluru,Karnataka,6,19308,0,4247.76,Cash
ORD04826,05-05-2026,Rahul Mehta,Clothing,T-Shirt,Bengaluru,Karnataka,5,7140,0.02,1520.82,Wallet
ORD04827,05-09-2025,Anjali Mehta,Electronics,Tablet,Lucknow,Uttar Pradesh,5,261745,0.05,29446.31,Cash
ORD04828,30-07-2026,Pooja Mehta,Electronics,Mouse,Kolkata,West Bengal,6,158424,0.02,19486.15,Cash
ORD04829,30-11-2025,Komal Kumar,Grocery,Atta,Ahmedabad,Gujarat,2,2652,0.05,218.79,Net Banking
ORD04830,08-07-2025,Simran Gupta,Electronics,Mouse,Ghaziabad,Uttar Pradesh,3,14505,0.05,1631.81,Wallet
ORD04831,05-02-2025,Simran Yadav,Grocery,Spices,Chandigarh,Chandigarh,2,448,0,44.8,Card
ORD04832,04-03-2026,Aditya Singh,Electronics,Headphones,Chandigarh,Chandigarh,6,219918,0.1,20892.21,Cash
ORD04833,23-04-2025,Sneha Sharma,Electronics,Headphones,Delhi,Delhi,6,229836,0.08,23443.27,Wallet
ORD04834,29-05-2026,Rohit Mehta,Grocery,Sugar,Noida,Uttar Pradesh,4,544,0.1,35.36,Net Banking
ORD04835,13-07-2026,Vivek Mehta,Electronics,Mouse,Delhi,Delhi,2,113650,0.15,8807.88,Wallet
ORD04836,14-04-2025,Riya Gupta,Electronics,Keyboard,Mumbai,Maharashtra,1,24509,0,3186.17,Cash
ORD04837,26-08-2025,Rohit Singh,Clothing,Shoes,Jaipur,Rajasthan,2,6656,0.08,1277.95,Cash
ORD04838,31-08-2026,Komal Kaur,Furniture,Sofa,Noida,Uttar Pradesh,2,30524,0.08,4639.65,Net Banking
ORD04839,22-08-2026,Vivek Kaur,Furniture,Table,Kolkata,West Bengal,5,62105,0.08,9439.96,Cash
ORD04840,02-06-2026,Tanya Kaur,Clothing,T-Shirt,Mumbai,Maharashtra,1,4920,0.15,824.1,UPI
ORD04841,23-05-2026,Rohit Mehta,Grocery,Sugar,Bengaluru,Karnataka,2,892,0.05,73.59,UPI
ORD04842,04-04-2026,Priya Mehta,Clothing,Jeans,Jaipur,Rajasthan,1,2471,0.05,500.38,Cash
ORD04843,17-03-2026,Simran Gupta,Electronics,Headphones,Lucknow,Uttar Pradesh,1,24846,0.02,3056.06,Cash
ORD04844,20-10-2025,Mohit Gupta,Furniture,Desk Lamp,Kolkata,West Bengal,4,100000,0.1,14500,UPI
ORD04845,18-09-2025,Tanya Jain,Electronics,Mouse,Chandigarh,Chandigarh,4,148596,0,19317.48,Net Banking
ORD04846,16-07-2025,Sneha Verma,Grocery,Atta,Delhi,Delhi,5,4275,0.1,277.88,Wallet
ORD04847,02-05-2026,Nikhil Sharma,Grocery,Biscuits,Chandigarh,Chandigarh,2,2718,0.02,252.77,Net Banking
ORD04848,25-09-2025,Simran Sharma,Clothing,Dress,Bengaluru,Karnataka,1,2847,0.08,546.62,Card
ORD04849,08-06-2025,Anjali Yadav,Grocery,Cooking Oil,Ghaziabad,Uttar Pradesh,3,2589,0.05,213.59,Cash
ORD04850,06-06-2025,Priya Verma,Grocery,Cooking Oil,Mumbai,Maharashtra,2,1334,0.08,96.05,Wallet
ORD04851,16-03-2025,Rahul Patel,Clothing,T-Shirt,Ahmedabad,Gujarat,6,19494,0.05,3947.54,Cash
ORD04852,08-05-2026,Anjali Sharma,Clothing,Jeans,Ahmedabad,Gujarat,6,19590,0.02,4172.67,Cash
ORD04853,14-01-2025,Sneha Singh,Grocery,Rice,Mumbai,Maharashtra,3,6696,0.02,622.73,Net Banking
ORD04854,03-02-2025,Arjun Patel,Electronics,Keyboard,Jaipur,Rajasthan,2,28138,0.05,3165.53,Card
ORD04855,27-04-2026,Arjun Kaur,Grocery,Cooking Oil,Chandigarh,Chandigarh,2,1400,0.08,100.8,Card
ORD04856,16-03-2026,Sneha Gupta,Furniture,Table,Jaipur,Rajasthan,2,31014,0.08,4714.13,Net Banking
ORD04857,27-10-2025,Riya Jain,Clothing,Kurta,Kolkata,West Bengal,5,6560,0.1,1213.6,Net Banking
ORD04858,24-10-2025,Simran Patel,Grocery,Tea,Pune,Maharashtra,6,4188,0.1,272.22,Wallet
ORD04859,22-05-2026,Arjun Mehta,Furniture,Office Chair,Ghaziabad,Uttar Pradesh,4,67292,0.05,10934.95,Net Banking
ORD04860,05-12-2025,Karan Mehta,Clothing,Dress,Ahmedabad,Gujarat,5,1685,0.15,282.24,Net Banking
ORD04861,19-03-2025,Riya Kumar,Grocery,Sugar,Kolkata,West Bengal,2,420,0.02,39.06,Card
ORD04862,07-09-2025,Vivek Sharma,Electronics,Printer,Kota,Rajasthan,5,7850,0.05,883.12,Card
ORD04863,09-04-2025,Komal Sharma,Furniture,Table,Ghaziabad,Uttar Pradesh,1,22236,0.05,3613.35,UPI
ORD04864,13-09-2025,Nikhil Singh,Grocery,Spices,Lucknow,Uttar Pradesh,5,630,0.02,58.59,Wallet
ORD04865,26-06-2026,Tanya Yadav,Electronics,Monitor,Ahmedabad,Gujarat,5,75770,0.1,7198.15,Card
ORD04866,04-09-2025,Shivam Kaur,Electronics,Monitor,Agra,Uttar Pradesh,3,154149,0.15,11946.55,Wallet
ORD04867,22-11-2025,Shivam Kumar,Electronics,Smartphone,Kota,Rajasthan,2,35290,0,4587.7,UPI
ORD04868,30-08-2025,Riya Yadav,Grocery,Spices,Delhi,Delhi,5,9005,0.02,837.47,UPI
ORD04869,28-06-2025,Neha Gupta,Clothing,Shoes,Delhi,Delhi,2,7322,0.15,1226.44,Net Banking
ORD04870,30-05-2025,Nikhil Kumar,Furniture,Table,Agra,Uttar Pradesh,1,21716,0.1,3148.82,Card
ORD04871,27-06-2026,Vivek Sharma,Clothing,T-Shirt,Jaipur,Rajasthan,2,1664,0,366.08,UPI
ORD04872,19-01-2025,Riya Singh,Clothing,Hoodie,Kota,Rajasthan,5,21830,0.15,3656.53,Wallet
ORD04873,29-12-2025,Arjun Mehta,Electronics,Laptop,Pune,Maharashtra,5,159500,0.15,12361.25,Wallet
ORD04874,05-03-2026,Varun Kumar,Grocery,Spices,Agra,Uttar Pradesh,1,2264,0.02,210.55,Net Banking
ORD04875,28-04-2026,Pooja Sharma,Furniture,Office Chair,Lucknow,Uttar Pradesh,1,15300,0.02,2646.9,Wallet
ORD04876,19-07-2025,Tanya Sharma,Grocery,Cooking Oil,Lucknow,Uttar Pradesh,2,4898,0,489.8,Wallet
ORD04877,01-07-2025,Riya Sharma,Furniture,Office Chair,Delhi,Delhi,3,67767,0.08,10300.58,Net Banking
ORD04878,10-06-2026,Anjali Kaur,Electronics,Keyboard,Bengaluru,Karnataka,3,98616,0.05,11094.3,Wallet
ORD04879,30-06-2026,Rohit Yadav,Furniture,Office Chair,Ghaziabad,Uttar Pradesh,2,31866,0.02,5512.82,Card
ORD04880,12-08-2026,Sneha Singh,Furniture,Desk Lamp,Kolkata,West Bengal,2,12932,0.02,2237.24,Cash
ORD04881,30-10-2025,Aditya Yadav,Clothing,T-Shirt,Noida,Uttar Pradesh,3,7014,0.1,1297.59,Cash
ORD04882,15-11-2025,Mohit Patel,Furniture,Filing Cabinet,Noida,Uttar Pradesh,5,91980,0.08,13980.96,Cash
ORD04883,04-10-2025,Nikhil Verma,Grocery,Rice,Delhi,Delhi,4,9724,0.02,904.33,Net Banking
ORD04884,10-01-2026,Rahul Gupta,Grocery,Sugar,Kota,Rajasthan,3,4656,0.15,221.16,Cash
ORD04885,27-05-2026,Sneha Sharma,Furniture,Desk Lamp,Kota,Rajasthan,3,6201,0,1116.18,Wallet
ORD04886,08-04-2025,Priya Verma,Electronics,Mouse,Noida,Uttar Pradesh,4,209372,0.02,25752.76,Cash
ORD04887,19-01-2026,Nikhil Patel,Electronics,Headphones,Ghaziabad,Uttar Pradesh,2,32194,0,4185.22,Net Banking
ORD04888,20-02-2026,Rahul Kumar,Clothing,T-Shirt,Noida,Uttar Pradesh,1,983,0.05,199.06,Wallet
ORD04889,20-06-2025,Arjun Mehta,Furniture,Table,Agra,Uttar Pradesh,2,2066,0.08,314.03,UPI
ORD04890,31-01-2026,Riya Verma,Furniture,Office Chair,Jaipur,Rajasthan,6,59124,0.02,10228.45,Card
ORD04891,09-06-2025,Pooja Kumar,Electronics,Tablet,Noida,Uttar Pradesh,3,12117,0.1,1151.12,UPI
ORD04892,20-08-2026,Vivek Yadav,Electronics,Printer,Noida,Uttar Pradesh,6,180102,0,23413.26,Net Banking
ORD04893,30-01-2025,Varun Kumar,Clothing,T-Shirt,Agra,Uttar Pradesh,1,4991,0.05,1010.68,Wallet
ORD04894,27-08-2025,Mohit Singh,Electronics,Laptop,Ahmedabad,Gujarat,3,83010,0.08,8467.02,Net Banking
ORD04895,19-03-2026,Karan Yadav,Furniture,Bookshelf,Pune,Maharashtra,3,10953,0.08,1664.86,Card
ORD04896,10-07-2025,Komal Mehta,Clothing,T-Shirt,Ghaziabad,Uttar Pradesh,6,3180,0.02,677.34,Net Banking
ORD04897,10-03-2026,Rahul Singh,Electronics,Laptop,Jaipur,Rajasthan,4,87996,0.15,6819.69,Cash
ORD04898,22-10-2025,Priya Gupta,Furniture,Table,Agra,Uttar Pradesh,4,60908,0.08,9258.02,Wallet
ORD04899,16-07-2025,Neha Singh,Electronics,Smartphone,Kota,Rajasthan,1,33261,0.05,3741.86,Net Banking
ORD04900,24-06-2026,Sneha Jain,Grocery,Biscuits,Meerut,Uttar Pradesh,4,2316,0.05,191.07,Wallet
ORD04901,12-04-2025,Aditya Kumar,Electronics,Tablet,Ahmedabad,Gujarat,6,221376,0.02,27229.25,Cash
ORD04902,27-09-2025,Rohit Singh,Electronics,Monitor,Noida,Uttar Pradesh,3,33744,0.15,2615.16,Cash
ORD04903,18-03-2025,Pooja Kaur,Clothing,Jacket,Lucknow,Uttar Pradesh,4,15604,0.02,3323.65,UPI
ORD04904,24-02-2026,Riya Patel,Grocery,Tea,Noida,Uttar Pradesh,5,410,0.15,19.48,Cash
ORD04905,03-05-2026,Rahul Verma,Clothing,Jacket,Bengaluru,Karnataka,1,4746,0.05,961.07,Cash
ORD04906,02-04-2025,Sneha Sharma,Electronics,Monitor,Bengaluru,Karnataka,1,32904,0.08,3356.21,Net Banking
ORD04907,09-05-2025,Sneha Verma,Electronics,Mouse,Bengaluru,Karnataka,1,8028,0,1043.64,Wallet
ORD04908,31-03-2025,Sneha Singh,Furniture,Office Chair,Bengaluru,Karnataka,5,107455,0.15,13700.51,UPI
ORD04909,09-03-2026,Simran Sharma,Furniture,Bookshelf,Kota,Rajasthan,5,66370,0.05,10785.12,UPI
ORD04910,25-10-2025,Neha Mehta,Electronics,Monitor,Bengaluru,Karnataka,6,292938,0.05,32955.53,UPI
ORD04911,08-03-2026,Simran Verma,Grocery,Atta,Ahmedabad,Gujarat,3,1161,0,116.1,Cash
ORD04912,17-09-2025,Aditya Yadav,Furniture,Bookshelf,Bengaluru,Karnataka,6,18504,0,3330.72,Cash
ORD04913,10-05-2025,Karan Sharma,Grocery,Spices,Meerut,Uttar Pradesh,3,6729,0.02,625.8,Net Banking
ORD04914,08-06-2026,Simran Mehta,Clothing,Jeans,Chandigarh,Chandigarh,1,949,0.08,182.21,UPI
ORD04915,13-12-2025,Tanya Singh,Furniture,Desk Lamp,Kolkata,West Bengal,5,60965,0,10973.7,Card
ORD04916,08-03-2025,Aditya Gupta,Clothing,Dress,Jaipur,Rajasthan,4,11636,0.02,2478.47,Net Banking
ORD04917,04-10-2025,Shivam Yadav,Clothing,Jacket,Ghaziabad,Uttar Pradesh,2,2214,0.08,425.09,UPI
ORD04918,09-04-2025,Pooja Kaur,Grocery,Rice,Kolkata,West Bengal,3,3777,0,377.7,UPI
ORD04919,05-09-2025,Rohit Sharma,Furniture,Filing Cabinet,Bengaluru,Karnataka,3,65388,0.08,9938.98,Net Banking
ORD04920,25-11-2025,Sneha Mehta,Electronics,Printer,Mumbai,Maharashtra,4,153552,0.15,11900.28,UPI
ORD04921,27-11-2025,Simran Gupta,Electronics,Mouse,Delhi,Delhi,3,22734,0.15,1761.89,Net Banking
ORD04922,17-08-2025,Mohit Patel,Clothing,Hoodie,Kota,Rajasthan,2,4500,0.05,911.25,Net Banking
ORD04923,07-04-2025,Nikhil Jain,Furniture,Sofa,Kolkata,West Bengal,5,82285,0,14811.3,Cash
ORD04924,11-05-2026,Anjali Sharma,Furniture,Bookshelf,Ahmedabad,Gujarat,2,6612,0.15,843.03,Cash
ORD04925,29-04-2025,Komal Yadav,Electronics,Mouse,Kota,Rajasthan,1,6013,0.15,466.01,Wallet
ORD04926,03-01-2026,Arjun Patel,Grocery,Pulses,Lucknow,Uttar Pradesh,6,918,0.15,43.61,UPI
ORD04927,25-12-2025,Aditya Patel,Clothing,Dress,Kolkata,West Bengal,6,19212,0,4226.64,Card
ORD04928,12-02-2026,Komal Sharma,Electronics,Headphones,Kota,Rajasthan,6,63882,0.08,6515.96,Net Banking
ORD04929,22-10-2025,Priya Mehta,Furniture,Filing Cabinet,Pune,Maharashtra,5,108055,0.02,18693.51,UPI
ORD04930,26-01-2026,Arjun Kaur,Electronics,Smartphone,Ahmedabad,Gujarat,3,8727,0.15,676.34,Wallet
ORD04931,02-04-2025,Rohit Singh,Electronics,Laptop,Jaipur,Rajasthan,5,264835,0.02,32574.7,UPI
ORD04932,14-06-2025,Pooja Verma,Grocery,Biscuits,Pune,Maharashtra,2,4700,0.02,437.1,UPI
ORD04933,21-12-2025,Rahul Verma,Furniture,Bookshelf,Jaipur,Rajasthan,4,68520,0.02,11853.96,Wallet
ORD04934,17-04-2026,Rohit Gupta,Clothing,Hoodie,Jaipur,Rajasthan,1,3778,0.02,804.71,UPI
ORD04935,22-05-2026,Pooja Singh,Furniture,Bookshelf,Kolkata,West Bengal,2,34158,0.15,4355.15,Card
ORD04936,04-07-2025,Rohit Gupta,Clothing,Dress,Kota,Rajasthan,2,8628,0.05,1747.17,Card
ORD04937,02-09-2025,Aditya Gupta,Electronics,Headphones,Meerut,Uttar Pradesh,1,29389,0.1,2791.95,UPI
ORD04938,22-10-2025,Neha Yadav,Clothing,Dress,Mumbai,Maharashtra,4,3344,0.1,618.64,UPI
ORD04939,03-01-2025,Shivam Yadav,Clothing,Kurta,Meerut,Uttar Pradesh,6,18018,0.02,3837.83,Cash
ORD04940,30-10-2025,Arjun Kaur,Grocery,Pulses,Pune,Maharashtra,6,5976,0.08,430.27,Card
ORD04941,12-04-2025,Nikhil Kumar,Grocery,Biscuits,Kota,Rajasthan,2,1982,0.1,128.83,Card
ORD04942,17-03-2025,Karan Verma,Furniture,Office Chair,Ghaziabad,Uttar Pradesh,3,12591,0,2266.38,UPI
ORD04943,15-02-2025,Arjun Gupta,Electronics,Laptop,Kota,Rajasthan,3,38706,0.05,4354.43,Net Banking
ORD04944,05-08-2025,Neha Singh,Clothing,Kurta,Ahmedabad,Gujarat,3,3444,0.02,733.57,Card
ORD04945,21-06-2026,Anjali Kaur,Furniture,Table,Delhi,Delhi,5,83310,0.02,14412.63,UPI
ORD04946,13-01-2025,Komal Yadav,Clothing,Jeans,Pune,Maharashtra,1,2336,0.08,448.51,Wallet
ORD04947,19-08-2025,Rohit Mehta,Grocery,Sugar,Kota,Rajasthan,5,3870,0,387,Wallet
ORD04948,07-01-2025,Tanya Patel,Furniture,Table,Jaipur,Rajasthan,6,15432,0.1,2237.64,Card
ORD04949,05-04-2026,Varun Gupta,Grocery,Cooking Oil,Agra,Uttar Pradesh,1,1029,0,102.9,Cash
ORD04950,12-10-2025,Sneha Verma,Furniture,Desk Lamp,Delhi,Delhi,2,30714,0.15,3916.03,Wallet
ORD04951,14-09-2025,Shivam Gupta,Electronics,Monitor,Ghaziabad,Uttar Pradesh,2,59576,0,7744.88,Net Banking
ORD04952,01-02-2025,Sneha Kaur,Furniture,Bookshelf,Ahmedabad,Gujarat,3,33183,0.05,5392.24,UPI
ORD04953,04-06-2026,Komal Singh,Electronics,Smartphone,Ghaziabad,Uttar Pradesh,3,65088,0.15,5044.32,Card
ORD04954,29-01-2025,Varun Singh,Clothing,Kurta,Chandigarh,Chandigarh,1,1318,0.1,243.83,Wallet
ORD04955,02-07-2026,Simran Kaur,Furniture,Desk Lamp,Agra,Uttar Pradesh,1,5265,0.15,671.29,Net Banking
ORD04956,13-08-2025,Sneha Kumar,Furniture,Bookshelf,Mumbai,Maharashtra,4,99708,0.05,16202.55,Cash
ORD04957,04-02-2025,Sneha Sharma,Grocery,Tea,Noida,Uttar Pradesh,3,3123,0.02,290.44,Net Banking
ORD04958,16-02-2026,Pooja Verma,Grocery,Spices,Bengaluru,Karnataka,4,1316,0.15,62.51,UPI
ORD04959,17-04-2025,Shivam Yadav,Electronics,Monitor,Chandigarh,Chandigarh,4,185104,0,24063.52,Cash
ORD04960,27-04-2025,Pooja Gupta,Furniture,Office Chair,Pune,Maharashtra,2,33716,0.02,5832.87,UPI
ORD04961,09-01-2025,Pooja Kaur,Furniture,Sofa,Kota,Rajasthan,5,16640,0.08,2529.28,Wallet
ORD04962,21-05-2025,Amit Sharma,Furniture,Office Chair,Jaipur,Rajasthan,1,18444,0.1,2674.38,Cash
ORD04963,09-04-2025,Riya Singh,Clothing,Kurta,Meerut,Uttar Pradesh,1,4206,0.02,895.88,Cash
ORD04964,04-10-2025,Aditya Verma,Grocery,Tea,Meerut,Uttar Pradesh,3,5541,0.1,360.17,Card
ORD04965,18-05-2025,Shivam Patel,Clothing,Hoodie,Agra,Uttar Pradesh,1,3778,0.05,765.05,UPI
ORD04966,03-05-2025,Neha Sharma,Clothing,Dress,Ghaziabad,Uttar Pradesh,4,15652,0.1,2895.62,Net Banking
ORD04967,04-05-2026,Varun Patel,Furniture,Filing Cabinet,Chandigarh,Chandigarh,1,21161,0.05,3438.66,UPI
ORD04968,05-07-2026,Rohit Patel,Furniture,Bookshelf,Chandigarh,Chandigarh,6,67872,0,12216.96,Wallet
ORD04969,03-04-2026,Varun Kumar,Grocery,Tea,Lucknow,Uttar Pradesh,3,5589,0.05,461.09,Net Banking
ORD04970,26-02-2025,Mohit Kumar,Clothing,Jacket,Meerut,Uttar Pradesh,1,2877,0.05,582.59,Cash
ORD04971,28-06-2025,Amit Kumar,Clothing,Shoes,Kota,Rajasthan,3,1134,0.1,209.79,Net Banking
ORD04972,25-01-2025,Priya Verma,Grocery,Biscuits,Pune,Maharashtra,6,6444,0,644.4,Cash
ORD04973,06-07-2026,Amit Mehta,Electronics,Headphones,Ahmedabad,Gujarat,1,23479,0.15,1819.62,Net Banking
ORD04974,20-03-2026,Mohit Gupta,Electronics,Monitor,Ahmedabad,Gujarat,3,155826,0.05,17530.42,Wallet
ORD04975,08-02-2025,Rahul Gupta,Clothing,T-Shirt,Delhi,Delhi,1,629,0.05,127.37,Net Banking
ORD04976,26-06-2026,Pooja Gupta,Clothing,Hoodie,Agra,Uttar Pradesh,3,12252,0.08,2352.38,Wallet
ORD04977,16-10-2025,Varun Patel,Grocery,Biscuits,Meerut,Uttar Pradesh,3,5232,0,523.2,Wallet
ORD04978,31-03-2026,Nikhil Sharma,Furniture,Bookshelf,Jaipur,Rajasthan,4,20832,0.05,3385.2,UPI
ORD04979,06-12-2025,Priya Kumar,Furniture,Desk Lamp,Delhi,Delhi,6,97302,0.1,14108.79,Wallet
ORD04980,28-12-2025,Arjun Yadav,Electronics,Keyboard,Bengaluru,Karnataka,1,52545,0.08,5359.59,UPI
ORD04981,12-11-2025,Karan Kumar,Electronics,Smartphone,Pune,Maharashtra,3,120090,0,15611.7,Cash
ORD04982,20-09-2025,Priya Mehta,Electronics,Printer,Ahmedabad,Gujarat,1,51448,0.08,5247.7,Cash
ORD04983,14-04-2025,Amit Verma,Grocery,Pulses,Ahmedabad,Gujarat,6,9996,0.02,929.63,Card
ORD04984,01-03-2025,Arjun Yadav,Furniture,Office Chair,Pune,Maharashtra,4,55888,0.08,8494.98,Cash
ORD04985,12-10-2025,Riya Patel,Grocery,Cooking Oil,Jaipur,Rajasthan,5,5600,0.05,462,Net Banking
ORD04986,04-07-2025,Simran Gupta,Clothing,Jacket,Kolkata,West Bengal,6,26622,0.1,4925.07,UPI
ORD04987,31-03-2026,Neha Gupta,Furniture,Table,Mumbai,Maharashtra,1,3684,0.02,637.33,Cash
ORD04988,29-11-2025,Shivam Kumar,Grocery,Atta,Kolkata,West Bengal,5,9770,0.15,464.08,Cash
ORD04989,12-08-2026,Vivek Mehta,Clothing,Kurta,Pune,Maharashtra,3,1389,0,305.58,Cash
ORD04990,24-10-2025,Varun Jain,Clothing,Shoes,Ghaziabad,Uttar Pradesh,5,7835,0.15,1312.36,Net Banking
ORD04991,04-05-2026,Nikhil Gupta,Electronics,Printer,Kolkata,West Bengal,2,63906,0.08,6518.41,Wallet
ORD04992,12-09-2025,Simran Singh,Grocery,Sugar,Kota,Rajasthan,5,1325,0.05,109.31,Cash
ORD04993,10-03-2026,Neha Jain,Electronics,Monitor,Ahmedabad,Gujarat,5,151955,0,19754.15,Wallet
ORD04994,12-03-2026,Riya Sharma,Grocery,Tea,Kota,Rajasthan,4,7816,0.08,562.75,Wallet
ORD04995,17-06-2025,Riya Gupta,Electronics,Monitor,Pune,Maharashtra,2,118394,0.05,13319.33,Card
ORD04996,05-04-2026,Nikhil Patel,Clothing,Kurta,Bengaluru,Karnataka,6,12150,0,2673,Net Banking
ORD04997,30-04-2025,Rahul Yadav,Electronics,Smartphone,Jaipur,Rajasthan,4,85908,0.1,8161.26,Net Banking
ORD04998,12-05-2026,Amit Gupta,Furniture,Filing Cabinet,Pune,Maharashtra,6,136704,0.08,20779.01,Cash
ORD04999,30-12-2025,Sneha Kaur,Grocery,Pulses,Kota,Rajasthan,1,1192,0,119.2,UPI
ORD05000,04-01-2026,Mohit Gupta,Furniture,Bookshelf,Chandigarh,Chandigarh,1,23646,0,4256.28,Cash
